men,-1.09321576425,-5062594.06119
meant,-0.989262418468,-181802765.81
affairs,-0.945709426569,-265090720.387
pleasure,-0.916753571925,-103339682.576
love,-0.904319555965,-5917278.83998
hard,-0.902615366039,-46478485.5248
s,-0.871936582429,-486781.278924
glad,-0.855429892558,-33363570.7311
live,-0.852701151279,-61002415.2096
duty,-0.846910650952,-95614941.4641
care,-0.840232988128,-76210209.7379
fight,-0.815167880093,-223686514.985
learn,-0.795667830659,-261530391.014
patience,-0.795525434636,-592792656.386
marry,-0.791643796377,-60227516.0026
class,-0.777552969545,-275711574.768
respect,-0.773123543557,-389701956.922
ways,-0.771822226535,-284283578.958
busy,-0.767631825361,-220865736.346
orders,-0.764421638891,-85979192.4064
give,-0.75961186675,-15428421.3894
understood,-0.757992877759,-137403028.463
does,-0.756732954888,-35903951.6176
are,-0.751801151664,-1346875.5974
#capsprob,-0.743702195553,-1483.24057846
weeks,-0.732351047339,-76786961.927
reasons,-0.729144829936,-1073317304.86
need,-0.721338991072,-44223595.2875
bitter,-0.720269215688,-382272196.066
world,-0.718271860978,-12366693.3198
granted,-0.716036418052,-1596266535.54
echoed,-0.711872066799,-308714159.314
asking,-0.711430970771,-403340364.616
gentle,-0.701913859867,-101859093.125
pleased,-0.691432904173,-209864758.767
glory,-0.690838268099,-245702336.546
needed,-0.689489591809,-218508194.387
speaking,-0.689049260189,-133945375.332
gave,-0.677369673364,-33872957.6796
bringing,-0.676405962588,-608589487.696
good,-0.675841249502,-3521848.96251
game,-0.668931561996,-44908139.792
god,-0.667515081238,-1724274.6176
smiling,-0.665587738127,-84952337.7225
names,-0.661470513893,-205857341.688
seriously,-0.659407426028,-483443936.368
friendly,-0.659090531178,-394310842.322
stand,-0.656229095555,-56080360.5839
would,-0.652908777213,-843303.307779
grown,-0.650504421178,-403286910.81
land,-0.649156460279,-31081768.8995
fault,-0.647389745937,-317703181.872
helpless,-0.644271464239,-1127103800.48
realise,-0.642161847857,-148641545.713
sick,-0.637027469324,-52242509.6229
sympathy,-0.636922680636,-184193163.167
seems,-0.63647632477,-101806183.954
appeal,-0.633322818389,-490838490.184
shame,-0.632184497356,-152339786.241
is,-0.630258988993,-262314.842508
hills,-0.62870835261,-55888075.0672
words,-0.628100611664,-17004614.7712
spare,-0.627462694377,-368253412.673
she's,-0.624255099965,-41125997.8842
news,-0.621285112923,-62284648.5434
comes,-0.617240524516,-90566122.7137
share,-0.617082044125,-211582390.382
false,-0.616551473865,-320067206.3
lines,-0.61380943134,-120397428.991
ask,-0.612863179952,-32589667.2736
makes,-0.611591925214,-181783232.536
message,-0.611286648971,-81458877.1499
gathered,-0.610361975624,-261462320.794
chose,-0.60707416855,-884895949.49
wants,-0.605022486006,-240823917.523
grey,-0.604656446455,-42030983.6695
choose,-0.604329935359,-220790207.552
worth,-0.60422708499,-127757073.882
hate,-0.603689898682,-140412318.577
presently,-0.603612393053,-65893318.3872
travel,-0.602923536062,-196553074.13
tender,-0.602708964142,-130036586.809
doubtless,-0.602467183134,-166386756.648
thank,-0.602188687262,-56632610.047
strangers,-0.601787042284,-1043178451.07
talk,-0.600576753149,-20775343.2373
new,-0.599424280678,-3497569.98966
taught,-0.598440140504,-506389165.268
done,-0.596956404779,-14770200.3163
prayed,-0.593890359601,-116349942.063
word,-0.593388050041,-19285219.7294
cool,-0.593084630523,-389646421.354
ones,-0.592530640678,-102303840.699
loving,-0.591439845124,-298376498.748
watching,-0.590522275107,-66691021.6469
trade,-0.590232177675,-116614190.806
rule,-0.588672718814,-453149582.241
loved,-0.587625026225,-53946411.3571
understand,-0.586934357916,-19244403.9905
saved,-0.584831751055,-51451849.7563
bent,-0.584348531565,-54206402.5919
kiss,-0.583802205212,-80225957.024
best,-0.582923548402,-24643145.487
fought,-0.582822970082,-200445305.171
dancing,-0.581476646592,-86252318.658
quick,-0.577552557035,-55966854.3242
decide,-0.574292862592,-848041281.243
because,-0.570956110214,-3074740.29273
#personalname,-0.569856004492,-13340.6888569
abruptly,-0.569356315321,-178136897.547
divine,-0.563615551734,-113158745.709
order,-0.561326167603,-25600546.1086
difference,-0.560759850514,-513407831.29
#punctprob,-0.560694781838,-925.438335914
fresh,-0.560543371438,-105932584.357
interesting,-0.559917714559,-134982319.909
speech,-0.558907386769,-207076972.265
meal,-0.55503621061,-139511387.502
faith,-0.553876011249,-44564154.2571
temper,-0.550480681034,-281664125.418
serious,-0.550438231561,-124283632.872
interest,-0.549877516315,-20241334.725
anger,-0.549313578465,-139948212.515
sunshine,-0.548624043765,-411255295.95
weakness,-0.547216884119,-590314789.639
kill,-0.544015173067,-41086115.4508
take,-0.542563310575,-7634200.47208
duties,-0.542156908684,-321453492.141
takes,-0.541253304794,-275122485.597
tears,-0.540478121181,-41209699.6715
for,-0.539846459776,-341730.774852
advantage,-0.539620717278,-427893109.581
spite,-0.538857818857,-87284526.8398
position,-0.537944481436,-41500051.8085
them,-0.536326532767,-1134017.10617
perhaps,-0.53615939404,-11792115.7372
also,-0.535948086899,-11011380.0129
ought,-0.535067678463,-27936221.2379
hill,-0.531205916447,-16257338.6794
both,-0.530807006121,-12569350.2597
warned,-0.530763258331,-365260030.476
surely,-0.529944057424,-22582236.8049
absurd,-0.528101492073,-591139754.066
bad,-0.527842901612,-34432129.5822
future,-0.527468475401,-20242787.4646
useless,-0.527089244007,-299771799.0
comfort,-0.522889520348,-105539089.4
cared,-0.52166261261,-369872248.891
yes,-0.519653931999,-1906982.03458
invitation,-0.518616711436,-290571674.219
you,-0.518450253091,-24735.1455427
sad,-0.518131298815,-32944537.3075
wearing,-0.517762974904,-208910353.682
war,-0.517141769627,-15225981.8556
boys,-0.517017634254,-14125360.3384
strength,-0.516556922976,-49747776.0575
kind,-0.515018025633,-11690217.6084
only,-0.514740973289,-2689787.37906
waiting,-0.514572170587,-82607092.0429
different,-0.514425040869,-106333785.605
control,-0.514410449829,-228585731.537
conditions,-0.514067664428,-364899244.542
accept,-0.513739278287,-91794820.0047
pay,-0.513451513184,-77809681.6049
wrong,-0.513002959354,-107639029.972
pity,-0.512151180824,-113854384.699
things,-0.512130400149,-8636791.37247
seeking,-0.510758076069,-809628315.902
slightly,-0.510151763191,-149929090.228
help,-0.508913089429,-17331474.7366
served,-0.508652011707,-229080293.539
direct,-0.508378390484,-381193648.279
path,-0.506580759058,-25947270.8284
anybody,-0.505414243988,-94258140.2385
social,-0.503802267899,-152273800.133
amusement,-0.503783413654,-603514985.478
guide,-0.503545463433,-85086271.4745
her,-0.50337170935,-20365.4481009
willing,-0.502846930343,-249362018.11
clean,-0.502844543574,-123759175.747
serve,-0.500578164332,-320301224.907
toward,-0.499932204118,-8718925.76171
watched,-0.499383133784,-27150631.7312
leave,-0.498911605901,-19870363.2079
liberty,-0.498838614902,-198983704.376
colour,-0.498286563051,-86160847.856
marked,-0.498007019028,-231958530.074
remark,-0.496897546568,-179551273.812
sides,-0.496683019916,-128700691.512
expect,-0.493918576577,-139134150.626
worst,-0.493658182905,-148069867.804
refuse,-0.492406979631,-308646511.625
broke,-0.491712618887,-61457445.7286
heart,-0.491553593286,-2610762.00382
sure,-0.490172198407,-15283247.6233
south,-0.489683319196,-9896945.57428
women,-0.489356104186,-6571686.1163
sum,-0.488703179641,-56385536.9319
pause,-0.487673666785,-49242169.983
ready,-0.487604703607,-43387924.6714
win,-0.48746298913,-205418188.77
wounded,-0.487144444624,-334424684.384
think,-0.48697609195,-3983870.80284
daily,-0.485595285493,-94759933.2733
showing,-0.484938111847,-398769436.77
notice,-0.483998204642,-145616965.246
talked,-0.483883491369,-102696147.56
permitted,-0.483081255595,-91468436.4306
wanted,-0.481789975281,-19222759.2841
i'm,-0.4806963885,-1431032.72558
authority,-0.47978374576,-494718256.739
bowed,-0.479745301068,-106532548.86
against,-0.479042819337,-9045877.64432
much,-0.478078061931,-3931134.43657
hit,-0.477549108648,-192789142.935
quietly,-0.477421577065,-54249653.1008
months,-0.476818226441,-30208035.7104
allowed,-0.476440289397,-117068318.067
progress,-0.476090117014,-94642937.4699
garden,-0.47342698179,-8964596.94626
between,-0.473160956953,-25324678.8189
less,-0.470311266133,-29277891.3457
money,-0.469755177624,-4418771.21867
delicate,-0.469584220888,-124981346.172
friendship,-0.469045147304,-87469526.0932
post,-0.468494673882,-152180050.849
matters,-0.467973264553,-151582268.8
continue,-0.466902362532,-211958906.048
pray,-0.466834209211,-22077753.3327
rose,-0.466124072536,-3647818.60414
liked,-0.465386446772,-87097091.9703
horizon,-0.465175458115,-262311576.316
remaining,-0.465084042272,-255194313.204
right,-0.464752176707,-2609584.13673
#punct_-,-0.464131099545,-832.40184001
gently,-0.462479715028,-56510676.2924
way,-0.461783568489,-2922712.37451
support,-0.461681887089,-278125680.98
understanding,-0.461484282665,-486524433.948
child,-0.461366584388,-2485517.38101
tired,-0.461353225649,-77623969.7898
sell,-0.460797911861,-245393023.079
kindness,-0.460202654121,-367094030.141
keep,-0.460064828115,-32814807.6877
pride,-0.459433725296,-145499969.809
innocent,-0.459164510762,-106151550.6
climbed,-0.458707840941,-63450303.4891
simple,-0.457826687438,-71137598.4183
asked,-0.45771024717,-3438987.0483
gravely,-0.456836330978,-126165193.908
send,-0.456606902286,-98768224.7006
prayer,-0.455852617205,-70090120.8805
consent,-0.455745057217,-166143064.747
rapid,-0.455535907006,-245653915.843
slow,-0.45540023695,-152589901.272
let,-0.455331584872,-10415040.4605
habit,-0.454719579065,-147496064.6
ignorant,-0.452834355303,-446947880.286
holy,-0.452312249865,-5106156.38776
weak,-0.452271944558,-182094328.176
first,-0.450485513571,-2561037.57602
least,-0.449856920075,-20310656.3022
sun,-0.448063395306,-23646306.0239
religion,-0.447456656025,-26318493.3781
he's,-0.447428467738,-7556128.35592
trust,-0.447360256437,-70935214.9428
beginning,-0.447036792457,-87821170.5853
goodbye,-0.446234934278,-146164931.966
goodness,-0.445463673164,-458013007.242
nice,-0.44519257896,-103407889.402
life,-0.444864446993,-2795763.65525
slipped,-0.444656402455,-224595865.88
question,-0.442501694009,-21080112.8149
knew,-0.441850152002,-7282307.97378
public,-0.441478772054,-112880826.281
peace,-0.440073496648,-46028056.1903
thanked,-0.439545917761,-451029035.095
easy,-0.438452505366,-46535478.7043
father,-0.438425264304,-196366.220756
pretty,-0.437686098527,-16979091.3048
protect,-0.436655735194,-171346316.613
hers,-0.435358155802,-110603909.21
grow,-0.435139751867,-174349756.824
breaking,-0.435138507446,-459223734.564
wise,-0.435007012166,-115580754.349
de,-0.434296404578,-1611422.31159
lives,-0.433698359762,-193336639.805
closer,-0.433098609534,-335606424.594
party,-0.43265186799,-9821775.63292
country,-0.432330423183,-3302712.00088
thinks,-0.431121194382,-440220203.219
week,-0.430814363328,-22732608.8533
grounds,-0.430785169964,-80284167.4252
older,-0.43049473493,-200864076.699
grateful,-0.430380025163,-350179475.833
burden,-0.430371556987,-353966850.082
o,-0.429065219137,-669365.235612
bow,-0.427974765051,-137256341.194
necessity,-0.425507003188,-545398163.608
paused,-0.425482628298,-22054537.4194
course,-0.425238655063,-4259320.20283
you're,-0.422655671291,-6034965.5915
i've,-0.422454079417,-3945564.91445
mixed,-0.42233509939,-699055236.71
points,-0.421811413491,-372278860.746
plans,-0.421393862292,-66979025.9738
has,-0.420796991244,-1654301.23354
questions,-0.419962169612,-89604787.6378
agree,-0.419700322311,-704075145.671
prisoner,-0.419645644771,-30895059.5987
him,-0.419212200867,-127683.628625
talking,-0.4188501113,-89614169.0527
guess,-0.416972813713,-5128077.5457
big,-0.414999109074,-3833952.42281
nodded,-0.414778953971,-22718648.8073
individual,-0.414685437806,-298119283.786
you'll,-0.414174736345,-28311066.593
stay,-0.411915668331,-56048807.4856
she,-0.411884256337,-20146.7180826
too,-0.409668019769,-4371014.90261
meanwhile,-0.409607895179,-87086402.6098
blue,-0.409514131519,-38811330.0699
stared,-0.409378540209,-21042605.6834
these,-0.409279543001,-2976670.42739
strain,-0.408298064399,-712143953.623
manage,-0.407576830284,-303336664.255
wished,-0.407274801133,-39756125.461
resumed,-0.406751226107,-26017432.7097
special,-0.406687298122,-315864470.699
longed,-0.40668105253,-382662224.133
firm,-0.406292294202,-269041498.647
sin,-0.405626132837,-25093253.3918
hold,-0.404757432333,-50913894.3904
society,-0.404641460389,-83002961.4095
helped,-0.404251105712,-257420885.082
while,-0.403385551568,-3088904.67448
sacred,-0.402746337697,-58149576.1448
dance,-0.402110603384,-35069213.3456
always,-0.401513954448,-5106717.49909
blame,-0.401250191382,-240446179.616
attack,-0.401199652326,-190931802.846
ing,-0.401014337035,-8726583.9741
patient,-0.400588493227,-93026769.2813
blind,-0.396040067048,-17194978.18
people,-0.395336922956,-4100797.31355
feared,-0.39495483673,-177055221.368
how,-0.394447589252,-2404728.36688
bending,-0.392603619354,-574473128.015
tone,-0.392258253799,-8195382.73584
i'd,-0.391120725343,-11876258.6736
little,-0.388759193857,-747027.833558
he,-0.387939383369,-20892.8539984
lot,-0.387647273989,-16538943.0172
shaken,-0.386916824552,-653751514.28
better,-0.385535333179,-12564486.4729
otherwise,-0.385328005312,-175080750.72
plan,-0.385134628501,-46169690.6383
cheeks,-0.384572037673,-71537875.618
faithful,-0.384192983309,-64186594.8178
will,-0.383739327931,-431388.813357
treat,-0.383517178623,-64102947.6028
want,-0.3831974207,-3205094.76976
bearing,-0.382593044242,-106832990.783
folded,-0.381665715926,-215403798.689
flowers,-0.380684257175,-19174609.873
due,-0.38016499401,-154254917.458
"#punct_""",-0.380158228874,-110.613908416
mr,-0.379921191871,-69290.6221652
necessary,-0.379899913399,-57889180.8795
here,-0.379133497993,-961123.288364
disappointment,-0.379023890846,-271956395.178
smile,-0.377603961832,-15013272.5979
glances,-0.37752922972,-556518978.966
arranged,-0.377018296341,-352823600.601
band,-0.376937461721,-49523241.8201
rate,-0.37649589938,-132038096.711
turn,-0.375524413378,-50253496.8569
knows,-0.37457585605,-85204357.1113
forgive,-0.374074314338,-80519325.4251
afternoon,-0.372839836775,-21700615.2036
thousands,-0.371952265282,-451329562.896
superior,-0.371534035781,-9602368.74964
offer,-0.370304268901,-78820752.9241
mistake,-0.370235267945,-148565651.098
hundred,-0.369882472796,-3346522.9581
goes,-0.369383060721,-122516724.086
astonished,-0.367792024631,-196121525.963
service,-0.367576709037,-37976915.9067
sweet,-0.366322677758,-9877979.34992
friends,-0.365396398239,-12677899.9407
happy,-0.365140420958,-10107272.4407
services,-0.364739284099,-392377813.989
business,-0.363431266651,-6953922.58801
flower,-0.36283712785,-45053196.4127
kindly,-0.362364515131,-71102407.6855
clever,-0.3621789728,-113690847.418
hesitated,-0.361604664514,-208243874.977
everybody,-0.360134654646,-47257056.691
careful,-0.359649701265,-168021438.533
filled,-0.359385077181,-21615603.0812
thanks,-0.359351636555,-79330287.3233
custom,-0.35902335145,-306848701.127
kissed,-0.358958973846,-76717347.7983
gratitude,-0.358371537249,-181663504.721
but,-0.358314476473,-254027.006346
food,-0.357410603188,-36588346.4986
greeted,-0.357253960324,-209115911.565
gay,-0.356939727819,-171239958.862
law,-0.356288883419,-15659939.8697
prospect,-0.356124511432,-194672135.727
thousand,-0.354361626972,-3364346.56749
that's,-0.353860683864,-2160232.40348
#placename,-0.353549292129,-81685.8119511
singing,-0.352898708722,-49590097.7171
work,-0.352713650285,-7159869.46885
fellows,-0.352135079059,-120047826.607
island,-0.350980414207,-11182790.6463
#punct_?,-0.350808093045,-3987.16039961
honest,-0.350753493979,-119429441.835
battle,-0.350729763082,-150602802.668
herself,-0.350113918584,-2446738.29988
line,-0.349258609121,-27288961.8982
do,-0.348322956672,-499343.158158
waited,-0.346983519274,-58785016.4466
whatever,-0.346555309822,-44707303.7273
favourite,-0.346217414914,-101187928.944
they,-0.345973951466,-72831.7798489
aside,-0.345638876777,-146369124.211
pure,-0.344946490974,-129971822.805
valley,-0.343813273985,-18482445.7596
rich,-0.343239459936,-36585669.5225
won,-0.342453947928,-143341729.188
calls,-0.34244439966,-222902611.963
square,-0.341781797157,-19603644.8653
repeated,-0.340648174403,-33175308.3347
equal,-0.339013557371,-255601826.36
we'll,-0.338472555077,-18650621.559
enjoy,-0.338038402295,-256060431.069
winter,-0.337927406266,-40151726.1161
like,-0.337274178134,-595300.745342
gives,-0.336776451067,-309486814.569
five,-0.336587842884,-2869305.21491
hated,-0.33643668999,-394107631.819
amount,-0.335789257777,-177618196.459
make,-0.335458843056,-6229386.72703
noon,-0.335219742295,-286531083.926
wishing,-0.333823246127,-507874525.245
pardon,-0.333664954608,-63503321.5441
stop,-0.33360159321,-44223124.8546
swung,-0.333560438182,-307332274.947
held,-0.333370571195,-20198355.6765
pleasant,-0.331925314827,-25735133.7529
feel,-0.331839475742,-8039498.00539
children,-0.331485021888,-4524065.30347
hell,-0.33081824009,-97271586.185
meet,-0.33014396358,-37340663.1585
it's,-0.328796067549,-800263.394844
likely,-0.328252017917,-98174228.7369
given,-0.328113868292,-27416873.9024
us,-0.327909943528,-1142031.22041
welcome,-0.327800872406,-43423060.2593
beautiful,-0.326857552182,-5705760.1527
e,-0.32635993916,-34641711.3962
exercise,-0.326345070638,-390057477.232
said,-0.326118888158,-60097.7790053
now,-0.326113195498,-418478.133745
true,-0.325679781521,-24650109.1252
letter,-0.3256776779,-4408211.90001
there's,-0.323570777637,-3936558.72385
dare,-0.322236174382,-86936012.2329
regret,-0.321773788904,-236003191.064
books,-0.321739816641,-62980111.4828
quiet,-0.321299251013,-32473165.1765
prefer,-0.320984739752,-505498217.904
main,-0.320664702427,-24905642.4855
lightly,-0.319745562374,-223824901.467
ice,-0.319044899835,-2936847.67545
ah,-0.319028879554,-9561424.16064
difficult,-0.318932334887,-126010902.457
shouting,-0.318343811329,-191548890.919
stock,-0.317719416025,-102810356.437
sky,-0.317634643764,-18958307.5986
protection,-0.317361844331,-140185824.399
twenty,-0.317116783265,-15766474.2932
re,-0.3165891556,-7859250.9448
hope,-0.31565172825,-12820847.9158
receive,-0.314973080973,-51225409.281
justice,-0.313492018058,-87659799.3484
marriage,-0.313237493216,-30148491.7011
become,-0.313090727211,-17184746.8719
sing,-0.311781324175,-39420401.4522
sorry,-0.311667955444,-33915258.0786
passion,-0.308890938226,-33682632.2046
interrupted,-0.307768574343,-37145300.7905
leaned,-0.306225594583,-100659768.043
christian,-0.305770089292,-27947119.5162
read,-0.305680296103,-11229562.5275
promised,-0.305417328633,-64758047.6138
finish,-0.304760614352,-246030090.515
threatened,-0.302123167613,-210697370.312
delay,-0.301992667625,-167626423.059
plain,-0.301135706544,-44125727.1761
brother,-0.300378467049,-3860225.38373
reward,-0.299496478056,-232957221.166
task,-0.299334923684,-47910421.0529
correct,-0.298937927898,-441168517.679
minded,-0.298750491632,-358010307.964
sank,-0.298146198071,-102065599.087
gained,-0.298032994271,-74592615.0457
bread,-0.297593150508,-97295857.6981
softly,-0.296623524454,-40604779.2069
ll,-0.295688497202,-5863080.78132
lonely,-0.295265530929,-69114401.1331
sorrow,-0.294794725858,-15262091.4611
pronounced,-0.294722048745,-367265933.1
base,-0.294538638402,-221415546.792
harm,-0.294149704079,-152278300.567
generally,-0.293439739767,-87220949.199
concerned,-0.293351343115,-190129840.04
blessed,-0.293171189153,-10918512.3044
king,-0.293106216888,-3453028.10464
relieved,-0.292779402951,-306338821.926
thirty,-0.292142072295,-15446029.7787
even,-0.291675163493,-2882369.36271
well,-0.291335918747,-611441.008876
hide,-0.290739525849,-105222870.028
city,-0.289980857682,-2084376.79255
thrust,-0.288830818596,-48881266.1006
horses,-0.288527942699,-12398519.924
suffer,-0.288314509646,-126996364.123
steadily,-0.287748124861,-333947418.128
stuck,-0.287150805845,-118604992.814
brought,-0.287133941772,-18710148.2782
conscience,-0.286720231513,-48140015.6419
working,-0.285143203075,-117892811.474
bridge,-0.28427575941,-23704881.64
go,-0.284008418278,-1175749.07481
month,-0.283994059413,-23272207.8318
knowledge,-0.283658687013,-55332614.3932
self,-0.283543905301,-17813777.2624
fifteen,-0.283392940494,-70869208.1552
school,-0.283022586487,-13748867.4574
answer,-0.281372910886,-13149686.4461
growing,-0.281161077066,-72089031.3624
exchange,-0.281110262933,-313246727.667
falls,-0.28062953216,-16518887.0938
date,-0.280581626987,-36330977.2752
forty,-0.280386700884,-30662688.7764
consideration,-0.280146937987,-451982001.956
smiled,-0.27987489169,-16388389.6509
native,-0.279094931483,-8554494.66115
character,-0.278975577811,-21420690.0199
later,-0.278602507619,-8626359.04348
glanced,-0.277933264202,-32585758.9281
various,-0.277851538982,-61357660.4419
attend,-0.277169561325,-223465143.801
denied,-0.276818952028,-458943850.437
real,-0.276465065089,-8726154.13379
final,-0.276376743622,-108577489.123
energy,-0.276262014889,-146424520.01
fly,-0.274698802327,-80302389.1518
can,-0.274240724858,-1055143.90505
dangerous,-0.273920061544,-176549405.928
still,-0.273696403726,-1650285.14983
seem,-0.27316686612,-31508626.6401
added,-0.273042747288,-12051458.0398
store,-0.272758501082,-45430825.5371
changed,-0.272323599515,-83531476.5089
upright,-0.271983893304,-530506919.696
straight,-0.271646614269,-42592988.1782
sense,-0.27132087686,-23859676.9397
badly,-0.27112890388,-186774145.73
say,-0.270992593822,-1637261.45773
chosen,-0.270035453735,-159492911.535
drove,-0.269892114429,-85763010.5971
fifty,-0.268571079668,-26855803.2846
opportunity,-0.268545891946,-30631576.0352
taking,-0.268503786254,-42117590.5446
free,-0.268386648297,-15502632.9824
fool,-0.268203306495,-74069854.9774
captain,-0.267876763097,-2562070.50031
mountains,-0.267825615539,-11568087.7817
value,-0.267514246269,-138658692.608
stayed,-0.267111903967,-175127524.632
t,-0.266113228222,-1165930.84953
far,-0.264803117082,-5787147.78502
group,-0.263969619102,-30106520.5258
handle,-0.263922689798,-154143376.673
suppose,-0.263612774568,-14237546.2951
almost,-0.263222029095,-7315449.58299
fail,-0.26280743807,-223318137.473
west,-0.262769473021,-1196017.75254
be,-0.26264372998,-243340.763502
bought,-0.262359520432,-64418644.8367
river,-0.261840511819,-702924.430179
mean,-0.259732845772,-10886055.955
practical,-0.259656244633,-207535308.719
fate,-0.259524870475,-31228864.4224
stick,-0.257432073498,-102060660.016
mile,-0.257318985758,-50894628.2783
delight,-0.256233582756,-89619548.2338
puzzled,-0.255682770883,-150408673.919
knelt,-0.255282077384,-30155531.1296
charm,-0.255263593058,-192857928.165
brief,-0.255012100996,-73031535.6136
earlier,-0.254186780805,-253422018.239
rang,-0.252144832715,-160385782.848
come,-0.252012259381,-1747225.53687
addressed,-0.251557944321,-72204743.3183
#punct_.,-0.251302322004,-72.2481558328
greater,-0.250926885509,-62909388.5988
steady,-0.250772902292,-116302607.866
receiving,-0.250580629243,-340754247.661
pushed,-0.250473396586,-100558785.778
example,-0.250221966252,-184911293.194
i'll,-0.249888598108,-1650660.87563
change,-0.249498367806,-37330366.8885
offering,-0.248634238852,-314937435.641
afford,-0.248621723963,-287752486.125
really,-0.248149487661,-4695558.04453
dignity,-0.246958380779,-225652388.242
treated,-0.246704735791,-213647862.442
signs,-0.2464675277,-199280664.427
sometimes,-0.246438321666,-20327333.0768
offered,-0.244972948394,-16421085.9125
tea,-0.244706633228,-10118610.4693
angry,-0.244475887016,-57690637.3052
silence,-0.244344618738,-11043674.04
realised,-0.243609469349,-34531762.4445
own,-0.243390358735,-2082780.37639
journey,-0.242727136755,-23362972.7192
gathering,-0.242459096063,-182157835.325
letters,-0.24245640914,-28708269.0305
shake,-0.242180479642,-156789611.834
yards,-0.242163164426,-56397232.8882
today,-0.240458110234,-21901124.1072
settle,-0.240185485995,-339209151.464
met,-0.23972442003,-24667876.5662
days,-0.239693292843,-6813318.13244
worked,-0.238967286471,-93753068.2041
faces,-0.238629496845,-35749403.1562
prevent,-0.237227958921,-83021537.7157
bid,-0.236534827196,-107486039.197
worthy,-0.236509378109,-147435730.969
everything,-0.236345691361,-16437569.0256
sign,-0.235986497238,-43118227.7428
forced,-0.234925897808,-44410910.5351
giving,-0.233911820626,-61102473.1308
son,-0.233144455389,-1576744.93965
visits,-0.231848292681,-197913431.208
save,-0.230922163885,-19268026.6871
why,-0.230749227343,-2084537.5166
coat,-0.230502871637,-23185837.7076
got,-0.230130959663,-543030.180856
thought,-0.230014831562,-2129156.48619
shout,-0.229986259492,-209315773.619
works,-0.229751855374,-239961136.05
fair,-0.228421253859,-7468739.97425
risen,-0.228068330293,-223019704.089
affection,-0.226971099026,-42684689.99
health,-0.225992579612,-21912342.2333
yellow,-0.225284412163,-21165163.4705
existed,-0.224754922035,-336746011.936
rude,-0.224535475019,-154188597.367
ugly,-0.224189188669,-207273169.95
their,-0.223977275927,-268642.393211
bird,-0.223261329208,-57979680.9577
doing,-0.22272911273,-20613863.8955
ride,-0.222720067432,-40024090.8282
eight,-0.222711825413,-28976368.8656
emotion,-0.222228434027,-95967211.2312
man,-0.221951481128,-214861.949202
skin,-0.221624272579,-60997015.5959
proper,-0.221354410543,-124471356.92
success,-0.221199903588,-74344435.5029
indeed,-0.221133525381,-3405682.10695
wept,-0.221102004925,-96245908.9852
hundreds,-0.21988681909,-225358757.268
mouth,-0.219445545292,-7481179.44704
divided,-0.219096373518,-166366722.625
ruin,-0.219023012696,-98459837.854
according,-0.218745910868,-55831447.9685
know,-0.218338867176,-565345.343077
pick,-0.218309182834,-190629060.676
proved,-0.217787083175,-52326688.4728
midst,-0.216578737581,-61652180.0879
see,-0.215611473145,-930772.994463
learning,-0.215534443678,-534346178.6
buy,-0.214114687451,-49437129.7408
souls,-0.213981615237,-27060767.6188
interested,-0.213955614141,-48255515.053
else,-0.213942059033,-24784903.7406
travelling,-0.213667911255,-55924162.1578
your,-0.21307329958,-227970.762284
moved,-0.212174713232,-17272031.5243
mounted,-0.212053113571,-146129376.436
fields,-0.211944850857,-13586440.4736
devoted,-0.210934328197,-128770164.433
sport,-0.210677023487,-69346945.1402
figures,-0.20972079301,-113655641.699
no,-0.209478091828,-332376.71054
grief,-0.209321715193,-50117112.4938
creatures,-0.209239276088,-160581575.577
east,-0.209069077586,-20922271.7176
m,-0.208458929185,-585777.811048
soul,-0.208122018005,-1425410.14477
happens,-0.207911847173,-413620974.703
advance,-0.207829902278,-197641818.401
step,-0.207413451793,-26599548.1815
attitude,-0.206960253719,-55885390.4798
influence,-0.206679782437,-34829170.0826
waved,-0.206378705829,-154851188.22
road,-0.205587419019,-1954484.46454
promise,-0.205571168693,-55679958.3329
equally,-0.205402677809,-116473017.207
delivered,-0.204143536763,-122804732.258
hoped,-0.203477053369,-43666997.8045
risk,-0.20342482325,-131122352.037
to,-0.203048607133,-22311.9733682
wondered,-0.202929899037,-50738815.4111
curiosity,-0.202656183691,-60429535.7664
sacrifice,-0.202425198238,-5309297.41641
earnest,-0.20235053117,-85591450.0926
acquaintance,-0.201969293008,-73283133.4303
usually,-0.200999793753,-71185488.3318
handsome,-0.200549346893,-59611765.95
crowd,-0.199927250317,-27826776.8768
forward,-0.199402082679,-10794362.8368
actual,-0.198910847086,-162120175.71
escaped,-0.198671277477,-65511545.6329
shot,-0.197533455452,-30817157.4269
continued,-0.19745562581,-2249090.86883
amusing,-0.197042529786,-141128698.851
meat,-0.196951641482,-54388165.8603
telling,-0.196868846211,-80693881.7634
style,-0.196641936417,-230089587.913
others,-0.196622977733,-14566064.1101
express,-0.196538380511,-151596420.652
slowly,-0.196404180992,-6829946.02081
counted,-0.195801452899,-234712664.447
murmured,-0.195138976183,-20880411.4775
regular,-0.19495944702,-101059508.621
disappointed,-0.194536957698,-201367881.944
don't,-0.193751987505,-444892.760039
benefit,-0.193552244249,-523194939.527
signal,-0.193227138767,-130962399.846
indignation,-0.1927649415,-272449177.204
year,-0.192579883936,-5815453.18715
obeyed,-0.190973990797,-138103808.34
during,-0.190685526802,-4767640.39535
shoulders,-0.189651684085,-27494670.2476
hurt,-0.188764648215,-28598715.8503
paper,-0.188629257521,-2008684.6332
pain,-0.188582205825,-42100574.2868
beat,-0.188512059187,-69843381.9484
ill,-0.188484978942,-17344294.7475
veil,-0.188223173552,-51060646.6034
fit,-0.187921218544,-60813077.0918
answered,-0.18744365217,-884665.836641
admitted,-0.187044508399,-78569567.5657
reflected,-0.186806125006,-71512128.2224
cruel,-0.186797430158,-58622106.7343
whispered,-0.18679503055,-21349691.0485
going,-0.186325188993,-1000750.98837
village,-0.186320122303,-5318100.32531
expected,-0.186277282992,-25988274.5038
remembered,-0.185637154496,-41789070.0812
splendid,-0.18551246953,-67056230.8554
unless,-0.184560682457,-67668808.2786
weather,-0.184554192869,-26211730.695
sold,-0.184449777439,-75496832.6259
shook,-0.183617484963,-14712087.6756
meeting,-0.18298851745,-5171345.18214
regarded,-0.182303570214,-45022897.6596
our,-0.182240621265,-256192.510327
excitement,-0.181948328762,-42236783.3977
rough,-0.181352164071,-61773419.8432
flushed,-0.180021602218,-149663393.309
lately,-0.179656764671,-141261707.265
seek,-0.179145454694,-42763016.4015
doctor,-0.178608482845,-2659850.57125
miles,-0.17846746425,-1780438.75703
decided,-0.177792060804,-32956417.475
laughed,-0.176792607878,-9008160.26754
sentence,-0.176655546802,-138810336.526
unconscious,-0.176427928542,-94368727.4146
riding,-0.176177856368,-61440765.0997
thinking,-0.176020723791,-10590495.0664
clear,-0.175496261465,-18022415.8388
longer,-0.175103047173,-9414615.53932
rush,-0.174747153932,-153836015.904
trouble,-0.174120955188,-7456907.59778
feeling,-0.172409297416,-11369447.7771
suffering,-0.172203098571,-30645626.899
trying,-0.171902325261,-23788507.3591
travelled,-0.171591967803,-136901588.608
town,-0.17134849556,-1885613.54889
consider,-0.170121853858,-51830237.661
wait,-0.169497705554,-19310896.9573
triumphant,-0.169294160423,-456194199.869
#arabicnumeral,-0.168894692593,-33239.2184266
demand,-0.168573534417,-125251374.566
speak,-0.168247470702,-7426122.98845
trial,-0.168072416779,-48030226.2215
those,-0.167894768137,-1800555.0108
loose,-0.166401321181,-83043369.664
bring,-0.166272042882,-22926299.8431
not,-0.165991098567,-48312.3157099
french,-0.165962081956,-9567138.97768
spent,-0.165106363971,-30556296.7663
comfortable,-0.164924320115,-52474691.694
precious,-0.164831964376,-113115727.58
confidence,-0.164469126726,-35481672.0016
seven,-0.164247794018,-17943333.0073
eat,-0.163338595856,-17557197.7124
hearts,-0.163292866548,-23278941.1877
shouted,-0.163203007699,-14673760.3446
hat,-0.162948335866,-32111379.8322
use,-0.162694786576,-18017022.5379
rubbed,-0.162273626429,-133997454.853
property,-0.162079102444,-13943835.9965
st,-0.160980126505,-8985568.77717
office,-0.160161253626,-16206400.5243
leapt,-0.159783805649,-15009578.1635
pointing,-0.159782296236,-122967135.263
impatiently,-0.158900650032,-203245760.287
chance,-0.158636895109,-22091430.4104
spend,-0.158422832105,-61165778.9052
star,-0.158187630875,-32100000.9011
firmly,-0.158036955151,-83066888.9751
says,-0.157467975735,-149959.681599
farewell,-0.157447853815,-34663304.4312
advice,-0.157435773595,-53551042.6273
play,-0.157083211342,-13105547.3315
last,-0.156645616704,-2174649.43699
frequently,-0.156431355203,-47903581.5273
present,-0.155484668231,-5654541.77136
minds,-0.155099594088,-191121638.333
whom,-0.154703008184,-3216021.3318
excuse,-0.154508912808,-60849239.5549
command,-0.15449508372,-33376698.7733
killed,-0.153054835994,-13079712.6371
personal,-0.152155822106,-20822064.3217
#punct_*,-0.151873209519,-2138.56132394
silver,-0.151257611529,-36983241.6473
blessing,-0.150879232318,-62728999.102
expressed,-0.150293026595,-44744396.633
poor,-0.150210055074,-986245.177365
prepare,-0.149744620225,-83216810.0186
evident,-0.149529555914,-31906580.6712
cheer,-0.148088905431,-162146242.639
anxiety,-0.146882741509,-31067474.0229
we,-0.1462765388,-47667.2869858
brown,-0.145380329242,-11062579.5491
stood,-0.145314472998,-3087045.89192
labour,-0.14474934948,-67809562.4748
across,-0.144469000969,-3081314.3037
warm,-0.144378323182,-30385448.4405
count,-0.144367100047,-474517.315338
song,-0.144361519435,-18735583.005
around,-0.143839082911,-1811131.57412
doorway,-0.143814792393,-39990707.4787
usual,-0.141737002318,-17585571.4487
yet,-0.141613600021,-1431545.52306
presented,-0.141584379951,-44439954.2609
capable,-0.141246055725,-59813287.9496
worn,-0.141236972919,-38290305.4377
strong,-0.141059628263,-10080333.0341
sir,-0.140834623999,-711134.440586
triumph,-0.140495166547,-115571859.45
setting,-0.140006281632,-105706311.228
put,-0.139943747899,-1878953.93969
sharply,-0.139882272976,-27933292.7419
whisper,-0.139478583901,-72777447.1203
cap,-0.139468789329,-23085334.7181
desperate,-0.139459344553,-57533345.7787
wonder,-0.138425948264,-13937572.7469
intention,-0.137865772088,-64421990.7343
calm,-0.137677711972,-26109303.5755
eager,-0.137363147602,-62478268.1063
back,-0.136990617114,-1001645.89638
day,-0.136611890815,-839397.433911
evidence,-0.136024013806,-6584861.33486
lies,-0.13529909684,-91776432.3805
brothers,-0.134652249904,-14006094.2984
grass,-0.134644611525,-27506862.1336
result,-0.134335414424,-24279024.5997
somehow,-0.134230051077,-18806468.1751
visit,-0.134229809475,-11885370.0103
remember,-0.13411254222,-6242222.33816
request,-0.13385562582,-32480106.8115
learned,-0.133720186709,-24927225.0296
handkerchief,-0.133530119235,-43777900.1519
cross,-0.132833035656,-11457163.8119
wish,-0.132374572885,-6607317.54034
#punct_',-0.131953440463,-69.5650162009
household,-0.13153603066,-102531079.53
drawing,-0.130746324031,-12887028.6768
remain,-0.13017821233,-23290800.0271
safe,-0.129791338439,-10066265.9817
movement,-0.129585890541,-20355210.4374
received,-0.129030331429,-5917344.48729
moral,-0.128390933425,-55779484.5134
united,-0.127318017202,-30959370.77
surrounded,-0.126258326808,-31964508.8003
ye,-0.125923877099,-35083.3903606
painful,-0.125738351431,-31491299.1369
determination,-0.125613475349,-91211735.6577
clung,-0.12543875895,-129835432.938
begun,-0.125114145015,-47887614.1867
arm,-0.124114891952,-6356357.39959
higher,-0.122666165958,-55189965.3823
relief,-0.122503928872,-55579903.6239
wrote,-0.12241703459,-14565325.5826
faced,-0.122305846181,-44945735.709
die,-0.122159174847,-7796573.67572
gazing,-0.120483237617,-52329863.5133
simply,-0.120040236077,-13704988.1989
ten,-0.119411132336,-6140648.483
bright,-0.119325962707,-7682558.91641
announced,-0.11833693038,-24150573.887
side,-0.118286091694,-2669037.43203
farther,-0.117233730732,-58147737.5993
surprise,-0.116912888398,-7347117.89683
birds,-0.116911936355,-41120024.82
sigh,-0.116785417784,-27337701.5027
persuade,-0.116705234027,-146833638.953
dress,-0.116333344802,-6081004.22928
age,-0.115827737019,-13142336.7379
fever,-0.115656415089,-24558853.1621
regard,-0.115604525051,-51203876.9091
mercy,-0.11533695935,-30988561.3274
n,-0.114921796444,-23120450.4993
secure,-0.114220718458,-105772251.836
staring,-0.113923365985,-32398642.4341
exclaimed,-0.113880812977,-2487606.91527
quite,-0.112905339628,-1148250.4158
curse,-0.112782147197,-36828057.3588
motion,-0.112384728466,-47921498.2578
just,-0.112120440427,-446840.206673
lord,-0.112077707283,-829573.150945
did,-0.111711559443,-264052.095099
banks,-0.111222078437,-38532942.1311
running,-0.109992717749,-18209461.45
spring,-0.10948741912,-17211734.0386
since,-0.108727827994,-3882568.77823
than,-0.108724668934,-968597.056961
merely,-0.108605693799,-11857463.6251
depths,-0.10855077531,-58507041.3249
minute,-0.108239329718,-9148253.95723
write,-0.107249330693,-13682991.2882
statement,-0.10711050518,-70381550.3667
possessed,-0.107107625352,-30097393.8695
spoken,-0.107000711822,-33845032.7446
thin,-0.106366823201,-22776497.8789
truth,-0.106265154714,-7291833.57446
insisted,-0.106056247406,-98002328.2521
wholly,-0.105836761491,-50265857.0136
act,-0.105504752765,-19537144.6586
centre,-0.105122185464,-15699405.9872
particular,-0.10459096267,-12484913.1354
an,-0.104535065593,-43254.0119524
red,-0.104472241182,-4105418.40393
stones,-0.104139649389,-18130391.0949
distance,-0.103607283481,-10486457.1129
guard,-0.103290642582,-22130300.5193
movements,-0.103229547445,-77424651.472
leading,-0.103164369077,-16043210.6819
soft,-0.102751774287,-29141851.4433
recently,-0.10248948377,-97864014.6235
already,-0.102157195296,-6968391.52549
#romannumeral,-0.102117682652,-777111.727994
invited,-0.101144252585,-80524966.3887
accepted,-0.101117256157,-34722968.9063
try,-0.100876234174,-14971992.1354
won't've,-0.100519967794,-3130096.95863
heads,-0.100005823748,-29496738.4411
maiden,-0.0993094726026,-7236448.26689
autumn,-0.0983191839083,-23025511.259
grace,-0.0980789145058,-555707.6928
members,-0.0975807611214,-48220925.0245
ease,-0.0962481419763,-69115136.1714
picture,-0.0958474041888,-5546732.19708
warmth,-0.0954051510353,-72695351.7855
places,-0.0953139470657,-34551783.1901
written,-0.0952710590825,-10727109.4825
eyed,-0.0952509648444,-82311085.6891
calmly,-0.094840403215,-13345030.481
stepped,-0.0920930961353,-20799368.3981
arrival,-0.0916456622531,-21078107.5484
married,-0.0915378307232,-10927982.1355
report,-0.0904098756584,-8428982.17398
dwelling,-0.089947827422,-38802945.198
sharp,-0.0889516855074,-27982864.2503
over,-0.088326439712,-336154.89506
high,-0.0880223996171,-4802239.55118
wishes,-0.0879129790965,-35811563.6801
misery,-0.0877016474045,-29852572.3669
often,-0.0874600527454,-2679401.26856
joy,-0.0871374217458,-4103181.95295
reply,-0.0867466063607,-10190699.5838
set,-0.0864964569806,-4188076.88807
angel,-0.0863389814062,-20144845.6135
intended,-0.0859451240983,-38532535.3415
nearer,-0.0855621311588,-18597228.0493
building,-0.0845504540098,-5155052.04701
abroad,-0.0837071741067,-40927524.5497
assured,-0.0827076028795,-31700134.7153
everywhere,-0.0826666835174,-32937536.1301
satisfaction,-0.0815806479178,-43787330.3656
though,-0.0814743048434,-277900.125738
looked,-0.0813724218295,-618366.177497
deal,-0.0809259466418,-12084091.9728
mad,-0.0808444566967,-4326119.90974
crowded,-0.0806057024267,-78073308.8176
rocks,-0.0802867897447,-8080199.9143
favour,-0.0802630840704,-18315995.4776
ago,-0.0793492478808,-2913661.89262
extent,-0.0790258649381,-60745368.0613
worse,-0.0788708072106,-18463284.0971
four,-0.0787536566264,-2166627.48809
action,-0.0784547633036,-30397458.1976
shoulder,-0.078276713437,-13050906.3432
mistaken,-0.0778006690432,-28118900.3089
return,-0.0775098092433,-2073894.74784
lips,-0.0772466128958,-3769777.78335
besides,-0.0763432574491,-13107903.6434
ideas,-0.075892298176,-50534088.7786
nine,-0.0758160200339,-13756100.3553
excellent,-0.0758145468678,-53844432.0454
interview,-0.0756764980791,-59531988.1422
beloved,-0.0751428707491,-12769466.7108
three,-0.0751243771643,-780764.141318
paid,-0.0750005908623,-19369138.2895
getting,-0.0742430910303,-5001493.16955
full,-0.0740739335389,-2638545.9146
touching,-0.0730684704538,-77736072.8348
ship,-0.0729872701878,-1998373.54222
mother,-0.0728669938721,-242976.330469
rest,-0.0727307238066,-5859590.67334
refused,-0.0725416784317,-18539730.2896
happiness,-0.0714703400236,-10943643.7563
spread,-0.0714307127462,-34072309.0976
accomplished,-0.070299752408,-69155490.7382
stirred,-0.0697421474592,-76855826.8122
rival,-0.0696834478128,-75216387.7776
rested,-0.0694094081597,-53583706.4138
snow,-0.0682402478776,-1217779.62541
waste,-0.067519502464,-70975524.4755
remarked,-0.0674764287869,-4290679.64293
visitors,-0.0667517260342,-11268321.6499
direction,-0.0666345131182,-5945722.95699
entered,-0.0664589539208,-4412099.1027
forget,-0.0664518767477,-10615731.3269
finished,-0.0662681756104,-15786955.4941
parted,-0.0656413371806,-49377648.5397
sister,-0.0653386722367,-1141471.40879
information,-0.0645077411451,-25074909.7768
get,-0.0642858600047,-198341.235493
arrested,-0.0636871697615,-62148050.9567
late,-0.0635866867118,-9876970.09834
belong,-0.0634482428254,-42812708.3543
means,-0.063237326375,-4242395.13572
glorious,-0.0630746561244,-7342142.11935
great,-0.0624244811449,-237912.692098
entire,-0.0623766599632,-14338642.7526
witness,-0.0615637762607,-11397630.7646
quickly,-0.0609017187633,-4027443.62208
join,-0.0596268777316,-41309374.0487
voices,-0.0593450547633,-5968117.44048
delighted,-0.0589782193314,-40354162.2527
lifted,-0.0583703135382,-7354081.43633
education,-0.0577774020881,-74576106.4945
danger,-0.0575038306472,-11809115.8416
charming,-0.0574625256143,-19181910.4476
his,-0.0569327037753,-4192.22718168
tossed,-0.0566594681594,-40965610.8328
mood,-0.0565877058329,-35771490.1562
weeping,-0.0556306474152,-11922118.529
honour,-0.0550962252238,-2924453.43363
name,-0.0547048086117,-1852885.72167
ours,-0.053714003441,-39248600.6952
important,-0.0531859299101,-15757245.8664
silently,-0.0526472228432,-17077089.2638
wealthy,-0.05260740031,-73046462.406
dying,-0.052376556158,-3457794.27776
#seqpredictable,-0.0523705577027,-175.101202857
please,-0.0521224091523,-3033920.66055
carefully,-0.05168423097,-11364085.4784
sort,-0.0516506928343,-1744582.83366
what's,-0.0516241138018,-1527477.62731
earthly,-0.051559034483,-22034627.0312
hours,-0.0511301306124,-3185491.70121
rock,-0.0507855209915,-2635020.77101
terms,-0.0506519703368,-19678448.6929
yourself,-0.0502699251133,-3225282.96392
knees,-0.0501306128738,-12137293.9716
boat,-0.0496411399125,-939415.287304
stopping,-0.0492778330368,-63445487.8388
youth,-0.0491571056983,-1907594.70443
showed,-0.0488660473956,-7093795.43854
mighty,-0.0481606851381,-10079491.5226
and,-0.0481001261611,-1552.68377957
lie,-0.0478406959915,-9143855.21431
natural,-0.0477028279019,-10362715.6268
similar,-0.0474672654174,-18297791.4573
more,-0.0471285008106,-222195.0614
any,-0.0470655990565,-280482.179095
enemy,-0.046164003801,-14720691.3859
breath,-0.0455750315941,-4696045.80641
charge,-0.0455296272092,-5593517.70435
greatly,-0.0449618689067,-4464431.90234
efforts,-0.0446924413744,-21780986.0081
sang,-0.0446418178782,-15112675.0847
burn,-0.0440938021127,-6601400.21604
importance,-0.0440582151942,-24585519.2067
lasted,-0.0438169338713,-67872060.4855
station,-0.0430369669395,-4506039.72861
height,-0.0428874950585,-24886684.0761
built,-0.0427603382926,-8178756.50686
hungry,-0.0426993858824,-70600953.7526
lead,-0.0426271697905,-13095982.9406
idle,-0.0425368515201,-54978065.2376
fully,-0.0423827452135,-11524915.8886
gentlemen,-0.0423412031847,-1099644.63343
flung,-0.0416336414215,-8334080.7257
papers,-0.0414163863949,-9236121.47687
shore,-0.0412229704979,-5201448.16297
six,-0.0403736091577,-1805257.68019
rare,-0.039681962337,-45567766.6973
humour,-0.039626769696,-35102569.6769
bit,-0.039223665363,-4205889.8173
brilliant,-0.0391785178266,-21804438.7385
roused,-0.0391046858043,-26663436.1124
compelled,-0.038741497997,-15299167.7919
reasonable,-0.0385208225514,-26883670.3378
silent,-0.0377728393026,-1833636.57554
distant,-0.0376642405921,-5913807.4538
mrs,-0.0362009806194,-11829.5233626
breathe,-0.0361355642473,-60959842.2323
details,-0.0357671114415,-17622084.0154
eternal,-0.0357520177719,-30628163.6318
race,-0.0316843116491,-26563035.2324
surprised,-0.0301622424146,-6444284.10472
queen,-0.0296395158545,-16535885.2496
directed,-0.0292293816745,-21296815.4713
anxiously,-0.0290793890112,-18492686.8255
sending,-0.0290765112261,-55640232.4245
absence,-0.0288229168063,-15022319.9547
departure,-0.0284062391696,-10882277.4042
sake,-0.0274536913583,-4572020.89019
view,-0.0270933176565,-5064209.06364
weary,-0.0270714653206,-7609431.07211
credit,-0.0263043902883,-20714504.0953
tells,-0.0257327039362,-22989345.4266
swift,-0.0247683785922,-22255308.5421
moreover,-0.0244667152329,-9206601.32696
start,-0.0241068578356,-2191386.53705
made,-0.0230594747585,-397129.595464
drew,-0.0226011773919,-942643.035481
run,-0.0225415800062,-1156387.41958
bless,-0.0220829090953,-3477409.70998
noble,-0.0220158483158,-4201840.68829
stern,-0.0218186861777,-6244159.4377
managed,-0.0216337447491,-16984044.5575
foreign,-0.019786958301,-20749835.9199
restless,-0.0196684948007,-11175847.0405
greatest,-0.0193806358712,-6380687.78058
if,-0.0190350514406,-30767.2818643
wicked,-0.0189251389599,-6071809.06861
believed,-0.0188728866531,-5090796.27368
aloud,-0.018603983912,-7503107.10491
early,-0.0180057383784,-1121540.4753
cries,-0.0179862140558,-8601381.05488
constantly,-0.0178813753224,-8053461.38027
absorbed,-0.0175377667395,-10226722.5624
church,-0.0171700308498,-192773.879399
withdrew,-0.016627997156,-28515668.704
beside,-0.0163842959524,-523699.881522
rode,-0.0163615222731,-2799034.63504
plunged,-0.0159424235784,-8185541.24359
addressing,-0.0156073893287,-14344563.7247
holding,-0.014075193784,-3795247.69649
resting,-0.0139835352209,-19791762.9889
playing,-0.0139194376696,-2741878.95014
enough,-0.0131160079286,-371635.556873
preparing,-0.0123377237105,-8544958.1541
hot,-0.0122025010726,-1159910.68784
neither,-0.0121539462417,-1889323.43437
w,-0.0119413869034,-2101448.93488
away,-0.0114102459413,-102777.231577
shelter,-0.0112442076644,-4780321.70384
must,-0.0110902012037,-75459.08352
nose,-0.0102878923236,-405738.436868
content,-0.0092799871962,-10025618.0204
further,-0.00917999969325,-463036.550812
conversation,-0.00901714089301,-742528.178427
dropped,-0.00856979150558,-1430537.60463
entirely,-0.00839026909189,-1668205.22742
near,-0.00834302211729,-181435.252483
teeth,-0.00682768411794,-2654676.85863
except,-0.00669125426598,-496160.069258
admit,-0.00655082221764,-2152726.28375
cracked,-0.00557918627061,-14926345.9093
actually,-0.00496117478221,-473226.267389
larger,-0.00453900439518,-10539388.7915
turning,-0.00434642816012,-752538.192532
could,-0.00433845195883,-10990.3591068
nor,-0.00432968310037,-116079.464951
either,-0.00378904947287,-313562.559189
listen,-0.00281408915537,-248049.485322
trees,-0.00267232659138,-115685.937714
solemnly,-0.00197915202241,-1123955.12204
throwing,-0.0019201567519,-1485758.51171
waters,-0.00186373081276,-361698.108357
failed,-0.000810583479863,-300776.182211
walked,-0.000386545608494,-28874.9717188
half,-0.000209771219461,-4441.9138954
beg,0.000418808858083,189782.193487
swear,0.000624124784299,120933.591783
born,0.00144419314942,174936.650075
mass,0.00332726778007,52788.6616265
opinion,0.0034767813386,859723.410952
folly,0.00366029048422,8132721.68434
probably,0.00393708288574,898440.689529
boy,0.00395371300803,59608.4350606
#punct_â€”,0.00470713750763,11.7342468064
allow,0.00492564059308,1240387.62659
fourth,0.0051411801466,4111938.68065
dry,0.00534567262299,1911424.77723
master,0.00566744422554,40631.6544947
touch,0.0056893234921,1467127.86882
handed,0.00588156365814,1604004.93573
bear,0.0059346403412,611115.921147
reputation,0.0060641230215,3386494.31122
haven't,0.00638207364791,1160847.18096
golden,0.00666923670066,847444.626108
unable,0.0068881371022,1534945.49935
whenever,0.00696527609913,1919856.8759
estate,0.007330518758,2789858.91523
judge,0.00785697728046,2315611.70991
facts,0.00800717641472,3049404.09312
cost,0.00871752383573,4072308.59724
shone,0.00899214895913,2766714.47722
move,0.00990370492475,2809431.04798
generous,0.009925445299,7407592.75805
burst,0.00993992608637,1155523.01781
d,0.0111425006358,203060.674358
practice,0.0114288647053,12409612.8082
drinking,0.0115090756853,5409170.46841
familiar,0.0131589866156,6311091.10091
ordinary,0.0136288596387,3366287.00336
freely,0.0138529227218,20731325.5529
inspired,0.0145154469951,21588893.9375
edge,0.0145381404133,1539170.51073
brave,0.0152870717141,6149114.74685
truly,0.0154671290569,4585760.41688
proceeded,0.0156376024126,1685717.18205
rapidly,0.0159937268288,2422533.16913
covered,0.0160323432301,2681671.02114
season,0.0163242214688,5423423.39915
reflection,0.016439630993,12832178.3873
field,0.0165530823472,3622027.77531
taken,0.016690925542,2164728.42621
gazed,0.0169378299503,2804984.20162
accident,0.0180333204937,7475263.95595
beauty,0.0181320083981,1597016.79819
rear,0.0190382086429,18055346.8672
all,0.019098774624,18599.1828359
flashed,0.0191103645556,18617500.6425
horse,0.019297927935,247456.208501
streets,0.0194308849777,2487295.63424
am,0.0199400448723,80303.0200144
head,0.0209132084954,196790.275886
voice,0.021022538052,230297.658124
gracious,0.0213575494498,6126533.92493
lift,0.0215497846883,10392425.3571
p,0.0218656704006,544742.05554
young,0.0220595242066,98002.4554199
permit,0.0223350635625,18370744.9094
shown,0.0228414437976,10535939.5796
reading,0.0237595070425,5455178.35995
sensible,0.0239638434695,20427568.905
agreed,0.0242125609395,3931467.23056
r,0.0245604224692,5716691.80058
grand,0.0249064326738,7193020.72747
partly,0.0251617170139,13145432.9652
occasionally,0.0257204537565,8499472.47708
long,0.0258679521208,358818.15872
wear,0.0262170865385,8310182.74066
breast,0.027615725689,2090080.40495
pass,0.0279827481228,2904089.35932
absolutely,0.0288956775506,10933609.4792
sent,0.02967449642,1193013.13872
persuaded,0.0298123910404,33645701.4778
whispering,0.0308430591907,72859345.0488
desire,0.0310576785538,4348592.18967
what,0.031085411611,52175.4022489
general,0.0312945295072,1511348.92785
immense,0.0318373319254,15383073.6975
number,0.0322413754496,1975939.60725
tiny,0.0328740823394,1725467.97029
grasped,0.0330844418065,18424881.6462
crossed,0.0343187177363,9968555.77271
approach,0.0344716271259,12437212.6784
slip,0.0351253830463,15369238.9661
saying,0.0356586873308,3616910.14046
b,0.0358252649982,4647119.96394
fact,0.0369875623563,1414506.28189
apparent,0.0372375116092,38016264.9329
dust,0.0377777500373,16669331.1264
dozen,0.0380472268003,6466909.59057
anything,0.0394540210891,1161011.60021
tones,0.0399557122258,13103822.9277
stroke,0.0400069389271,28212278.3031
embrace,0.0447189175001,56857679.3834
affair,0.0453621833726,7353757.45728
arms,0.0456347977757,2013745.06738
dear,0.0461412431633,374037.194981
especially,0.0463411331333,15656325.0176
forgot,0.046642336389,15020162.9302
image,0.0467204036893,24489448.2089
history,0.0467721421359,12214368.9402
matter,0.0473474504131,1369231.18017
purpose,0.047396358381,4643088.58815
left,0.0475022776985,1001392.87912
break,0.0489225901794,11311182.1401
oath,0.0489579290681,26509262.6057
arose,0.0494131136326,4368257.56195
clearly,0.0498616306862,16497333.0083
note,0.0502454980616,9401083.73211
happen,0.0506562972951,12038111.2393
satisfied,0.0508481502571,15959420.7016
cloth,0.0508519190728,46148502.9596
deeply,0.0511175461623,18125580.2988
utmost,0.0513366432917,32538999.9229
persons,0.0516650202038,6373751.98844
affectionate,0.0517034442445,59850517.4049
wonderful,0.0518389111357,7654107.45999
occupation,0.0520067504561,107450998.005
roar,0.0524237133677,43356129.8315
dawn,0.0527641989636,10587660.2346
spoke,0.0532613148236,2413587.15866
took,0.0540235157257,1408732.61766
wore,0.0545947153149,12375944.4793
nothing,0.0568240887696,639940.684177
carry,0.056937657721,10618709.0796
avoided,0.0582938444478,52507805.3466
frame,0.0585650882515,26323979.1394
bar,0.0591778275559,18360794.6235
naturally,0.0591841534973,11386051.8798
white,0.0593944092183,946705.124858
front,0.0603543631084,2700065.74883
proposed,0.0604130640235,22829285.5663
tore,0.0604851148812,60888981.2773
solemn,0.0611087175421,19388343.8521
contained,0.0613943231961,36332096.8264
evidently,0.0619182869555,5983762.4815
bodies,0.062067648785,48735906.3391
stars,0.0623869673776,17081553.1969
lady,0.0625988705744,226851.132017
taste,0.0626288646032,22964665.8207
childhood,0.0635830561973,85111002.0276
english,0.0638046017799,3600747.67169
yesterday,0.0639310349981,10372329.3646
neighbours,0.0643296862973,11031797.1363
girl,0.0652262568697,226084.961547
bound,0.0652577351801,18005067.9977
behind,0.0653314912107,2448741.93177
venture,0.065951197997,58121664.796
twilight,0.0661770342272,52279885.4538
rid,0.0662640408129,10204850.2485
memory,0.0663094296241,10287126.9081
feeble,0.0671964670385,50193631.4588
depend,0.067299403336,215625792.415
bank,0.0674002822171,7939320.91355
sobbing,0.067433655977,149219880.216
stands,0.0677562683934,56609573.4214
outside,0.0678951019878,5518055.76374
observe,0.0686633078599,57419684.0145
heat,0.0704249814383,39314487.5923
eagerly,0.0707550001144,28523188.2914
heels,0.0707585429415,86971164.4665
study,0.0707617102239,13361426.2275
awe,0.071116492994,44152847.0038
event,0.0714842988913,42800626.6879
informed,0.0717053926817,36047209.8868
scene,0.0719607601257,6531565.81654
losing,0.0724629596791,190039763.568
bade,0.0725890654443,4828823.81206
raising,0.0726029543133,60112004.6554
himself,0.0726557257987,272157.376372
baby,0.0730897141249,4434341.5436
contrary,0.0733640634085,46281273.2491
hid,0.0736466611375,95854939.7959
#wordlength,0.0737260972083,5.41553367779
private,0.0745580421836,18826403.7691
settled,0.0746176350661,27341869.0591
space,0.0755348411554,20476417.7818
proud,0.0756480684583,23364715.4877
beyond,0.0759578485382,6047323.56643
acting,0.0764883294799,255519047.735
manner,0.0767297243483,3435275.57538
measure,0.0771316905645,76727000.3255
face,0.0775740058668,449398.417285
burned,0.0777019633761,28842070.0525
with,0.0777041664905,39898.7407262
drive,0.0779293081627,19146871.4941
foolish,0.0784314013048,45669094.5072
ended,0.0785071818374,37386904.8283
company,0.0789563222565,3747116.67527
inquiry,0.0796183298588,43839438.1771
lovely,0.0797606856963,7683277.15422
hurry,0.0805227339258,20146783.8958
arrived,0.0805867945297,9934160.86355
led,0.0808965565049,8357114.08881
awaited,0.0820900647034,52278592.6116
secured,0.0828550011376,184100875.659
lose,0.0832660452334,36574775.5359
elsewhere,0.0833587202711,196084021.728
felt,0.0839792365819,1433628.12928
hastened,0.0843435216256,29460340.321
listened,0.0850027158802,22434942.3888
glance,0.0852682009482,8882106.05497
piece,0.0853013787238,8756463.86944
point,0.0854485305669,8980929.32308
seated,0.085745090802,12192972.3305
believe,0.0859451682216,2283345.12058
forgotten,0.0878755694565,11654041.3427
concluded,0.089802904388,23964514.9329
marks,0.0902295439099,153583730.113
easily,0.090593990549,21060051.4495
suffered,0.0911322595739,34125552.1816
rising,0.0914641834061,34008679.2165
pulling,0.0945169339864,168447943.981
quarrel,0.0945729297261,137565694.438
knocked,0.0947036257537,94602416.3208
art,0.0949459710504,10813040.1312
this,0.0955723712968,84044.8362295
increased,0.0958112778045,35774748.4542
introduced,0.095868135715,117799489.577
heaven,0.0978218832691,3886822.81432
slight,0.0978702934445,52552703.5915
begged,0.0978933439126,47004204.4631
feelings,0.0979838273458,15216444.6556
brow,0.0982001740295,23378495.4058
shall,0.098467504648,744119.752931
common,0.0996189139401,20136420.3697
looks,0.0997605792684,28304063.7522
acquainted,0.100144331196,27234671.0676
peered,0.101560892383,61362656.0205
fury,0.102276933506,119049405.255
alas,0.10271338367,31567110.0923
cup,0.102813226699,33966900.9705
rolled,0.102835313598,25124546.67
state,0.103169054773,4526590.68681
past,0.103257750123,6886151.7907
empty,0.103729121138,15030693.4378
curious,0.104403054241,10718720.6785
possible,0.104532292608,11638039.5056
ends,0.104572342487,105846307.76
stopped,0.105281655029,7274888.8938
roll,0.10593957287,137929094.001
knee,0.106112775217,38291763.9699
upper,0.106483766762,24056526.8411
marble,0.106642095137,140863464.287
two,0.107294942765,542906.120782
cousin,0.107589750616,1365975.18582
complete,0.108461123639,47055344.3877
#dayoftheweek,0.109455366279,4350079.37946
suit,0.110048398718,61973710.6333
called,0.110320502489,3900504.008
pace,0.110712598584,66476634.1435
circle,0.111419508589,31493773.5664
replied,0.111608923387,1087184.52997
legs,0.111732318812,31187031.5929
companions,0.112004985202,9336994.04096
used,0.112016722754,3378274.90075
experience,0.112452645878,5752135.84706
gain,0.112544002613,91851632.3318
rather,0.115445085598,3854385.15455
facing,0.115947861693,184884735.125
directly,0.116509742069,45279141.5423
prepared,0.116585529168,29035331.7614
rain,0.116971703966,13736374.0281
muttered,0.118608591105,20668506.4691
draw,0.119768168572,50700204.3106
many,0.120243686431,1407955.83761
wet,0.120353629022,34119085.5988
turns,0.120731644839,214050950.002
murder,0.120808917133,6301939.65941
entrance,0.121000693457,41545364.2087
find,0.121299592374,3905555.79736
observed,0.121454954968,3291782.82226
together,0.122068139741,9127219.98476
few,0.122334374251,2408504.01035
didn't,0.122589108639,1372467.82775
luck,0.123479199732,31373168.1096
distinguished,0.123905025593,161644752.238
impatient,0.124452514522,137576915.749
picked,0.124591751647,49019279.5327
dared,0.124891802889,59185951.5923
highest,0.125132648708,195609043.791
earnestly,0.125196336951,39054032.0779
quarters,0.125419121541,29320394.3513
breathed,0.125750420041,76053949.7952
reminded,0.126240412024,155225629.218
pull,0.126451745076,59243120.9343
resolution,0.126815083898,19203725.2148
had,0.127353973192,27913.8553024
should,0.127520146899,833815.347089
train,0.129023785512,7549502.05478
oh,0.12903365748,670256.4992
fond,0.129555079802,20778532.2294
years,0.129741351945,992871.980191
making,0.130512141701,9137217.40571
track,0.13077941174,35035770.2202
miss,0.13142337124,137036.616245
boots,0.131725560338,66424199.4044
sat,0.131739808934,4750681.02954
claim,0.131939365122,54519354.4634
on,0.132019704055,65408.2586511
thoroughly,0.132815327637,72543463.5766
row,0.133104170115,138978122.857
enjoyed,0.133158765611,110072805.65
subject,0.133241646761,8502053.40761
rendered,0.133278723259,37908254.2598
begin,0.133567542654,26535138.2491
plainly,0.133764319182,60741158.227
effort,0.134143268205,18164340.4807
rigid,0.134606463054,119365154.657
attracted,0.135182825307,139303769.11
#bigramcommon,0.135882852628,159.351194371
mental,0.136771092842,52308221.18
followed,0.137133578359,16270381.5878
judgement,0.137172339227,127677566.051
most,0.138100902862,1692017.63708
severe,0.138420886474,149637184.153
leaves,0.138510536602,29345643.3937
among,0.138774183828,4047931.72098
went,0.138803827674,452992.984957
inside,0.138842519938,34562004.462
along,0.138900606876,2747103.81421
f,0.138938982556,18400407.1808
cannot,0.139845803404,3209726.23504
surface,0.140278591635,66180364.8983
without,0.141087293855,2115655.43247
keen,0.142687646602,39432725.0778
belonged,0.142878479122,137000936.382
steal,0.143208805714,291092854.918
moving,0.143312844396,41582981.5825
aid,0.144118229835,47351370.0504
ruined,0.144339587305,157564256.203
cover,0.144391318918,137440845.622
have,0.144428223513,61928.7299065
hotel,0.146495318958,7019923.93057
instance,0.146607888025,120406434.369
considered,0.146646101301,42177932.0836
dread,0.146851836409,69264000.4781
dreary,0.147119663322,60085201.6883
apart,0.147199026093,116246817.699
named,0.148095261357,48660739.7893
wouldn't,0.148098013399,7339448.07714
fortune,0.148676044749,42640248.4999
deserted,0.149805127185,88170691.4166
drop,0.149818882277,89612065.9836
somewhere,0.150244910416,85251391.4119
gaze,0.151064366929,54431468.3552
#monthoftheyear,0.151221338399,845917.285646
becoming,0.151592718737,109806309.98
bore,0.151693701726,55923553.7047
so,0.153408175542,270522.302135
eyes,0.15346826699,729260.716289
tongue,0.153529597852,59913953.349
pictures,0.153630622508,90522682.6192
driving,0.153683769122,62603848.4221
ordered,0.153720474319,34318948.0955
pocket,0.154067095881,10032662.7702
commanded,0.154814383179,72448673.9254
able,0.154874457276,8656250.04516
stir,0.157032982313,228959465.843
confession,0.1571703576,107661910.622
fairly,0.157240175986,40943976.7977
require,0.157472559437,249717981.569
frequent,0.157631503296,186473517.512
meaning,0.157774757396,58005865.0206
bag,0.158376504014,93123718.5414
fine,0.158776432641,8873489.48738
ringing,0.158981463011,164035885.226
breeze,0.159109266303,109908474.436
possibly,0.159198130766,43533032.4428
seldom,0.15960850484,95417404.3091
#punct_:,0.161009974848,6204.23699023
shining,0.161910261081,93894247.344
each,0.163439168506,5657842.6914
force,0.163605185243,24595479.5785
completely,0.164553543107,51163641.8736
watch,0.165841335764,13859069.656
crossing,0.167319098013,95859710.7337
large,0.167565445194,6562861.29526
home,0.168712725834,1203846.39619
pointed,0.168832988456,20538700.8179
avoid,0.169158967835,119030272.391
court,0.169937341067,24980529.9739
until,0.171132876806,2700627.48003
kitchen,0.171797194184,7344852.1829
book,0.172254671488,11814402.1383
unusual,0.173052594687,86267441.6033
hesitation,0.173790939186,221626197.285
daughter,0.174289021572,1590129.34658
chair,0.174858430813,3596195.34296
physical,0.177180174603,59235152.4685
stooped,0.178087692795,282959962.628
or,0.178421615118,258111.814234
#unigramcommon,0.178828577087,208.523054052
utterly,0.178979468396,64450042.7157
leaving,0.179185575022,20025666.6076
standing,0.179533995596,15552983.8496
incident,0.180001620486,45957729.1967
directions,0.18065423813,302371261.435
alone,0.180961107958,5614308.7196
widow,0.181571381046,9540910.06011
active,0.181757231736,197059124.481
looking,0.182954865481,5181193.56161
caught,0.183414911118,15074236.9944
wondering,0.183585386321,96893155.5307
cases,0.183670248558,203347274.959
told,0.184353047758,2284403.90754
under,0.184388702131,3938432.04704
formed,0.184440676127,35648657.9652
keeping,0.184789412224,154571977.855
look,0.185399928225,2273130.74669
although,0.185536001905,5271017.04532
attended,0.186168755434,110117656.425
gate,0.186392381948,16224290.2656
amazement,0.186440913214,147187609.158
kept,0.186501457888,13492206.4411
angrily,0.186846709119,232484352.024
crept,0.187149635385,87816242.2524
linen,0.187699209252,6410389.87007
tell,0.187801124105,2464112.96151
tomorrow,0.188488442085,15725660.3739
accompany,0.189146659841,324155795.543
fast,0.189960555096,42014182.5117
parents,0.190165917374,49225432.0968
desired,0.190339414975,94204114.9869
swept,0.191440533742,116995535.892
below,0.191671567941,4602700.65106
approaching,0.192085836565,66513197.4325
clasped,0.193307881338,98517177.9775
anxious,0.193999421131,50697006.0925
grew,0.194052439356,22807819.0463
exclamation,0.194496635904,287992528.638
call,0.195047899679,10616253.959
powerful,0.19513319026,71560245.6861
strangely,0.195589966698,112536920.812
atmosphere,0.197537486057,66576705.7149
arrangements,0.197685173673,215593321.571
isn't,0.198700648687,11873354.5098
stole,0.198808119518,75911423.0685
lived,0.199135597111,12685224.0408
pale,0.199158025941,12779106.4732
ashamed,0.199578519949,262136154.675
murmur,0.199584183631,241084608.679
fierce,0.200521631897,184330084.078
occasion,0.201004296572,37372940.2316
object,0.201466968032,14012297.5779
advanced,0.201528747536,85536671.0168
couldn't,0.201577662576,11172610.7666
thoughts,0.201787256322,10554598.0749
power,0.202916843525,7048165.15487
mentioned,0.20377720593,68175326.1643
ceased,0.204931379156,53957590.0211
calling,0.206556621931,69441314.3211
stronger,0.206896042446,140836465.27
coloured,0.20713603785,117177133.889
stream,0.207364885275,21143373.816
fashion,0.207939518914,56021419.9084
maid,0.208019735658,57546223.819
visited,0.208160283221,123756314.491
uncertain,0.208591421265,287409429.442
demanded,0.208994262054,16592682.1177
lit,0.209096488693,76895459.908
bare,0.209224478631,91364507.969
impulse,0.209413894078,143303833.534
case,0.209903854251,8992363.66121
succeeded,0.210080196228,60914869.5415
mingled,0.211360166101,133182042.151
connexion,0.211461474264,245847942.741
whose,0.211918176667,6157191.37492
preparations,0.212322001356,336924878.207
remained,0.212478251348,13726287.5593
low,0.213009833876,12424336.2241
occurred,0.213254589848,8684427.51483
blowing,0.213510124552,291712840.209
younger,0.213528100788,119069389.401
lip,0.214158473265,84349034.7529
cloak,0.214951435684,25219320.8828
assistance,0.215697034247,60463752.9532
speed,0.217250748898,75458168.883
brain,0.218092641886,23214780.7651
inclined,0.218479949943,171988213.711
old,0.219285938682,432698.444497
glimpse,0.219378472713,207534632.251
vague,0.22069543732,125538249.233
stiff,0.221018403801,237353379.976
vast,0.221340358153,116719227.227
cast,0.22145235309,47827223.3641
never,0.222163023423,1346652.04897
hardly,0.22245306303,9187650.15489
me,0.22284656742,49399.3216425
deed,0.223061614645,83492492.1704
off,0.223156152806,2852755.3982
grasp,0.223833619712,117292358.194
confessed,0.224046613969,156345702.668
parts,0.224553833015,191904968.857
placed,0.225098271244,23636849.2198
rooms,0.225636321946,20093111.2628
friend,0.226687368098,2538016.36099
tall,0.228023322462,25822020.5191
strike,0.228491658153,243542585.043
despair,0.22900043618,62477837.9256
therefore,0.229396641507,13500859.37
wherever,0.229522022583,532030313.566
barely,0.230164961069,339440646.843
another,0.231233918226,6919030.99992
green,0.231256691463,16749203.7534
turned,0.232108261412,3518561.73454
part,0.23233168912,10789299.0607
street,0.232546044147,3601306.79089
blank,0.232600054023,187363304.429
corners,0.232682075693,129493030.273
blow,0.233252681907,88565207.2196
summer,0.233610752008,21865776.6329
dinner,0.233942887412,9807359.92692
assumed,0.234353483764,182736075.703
unfortunate,0.235367954824,144429873.781
end,0.235449464183,12601142.1924
closely,0.236246759318,121901219.975
furious,0.23634616157,225353369.587
moonlight,0.236634501943,37201158.6527
lower,0.237389880659,119608346.898
amazed,0.240086929013,294820393.104
it,0.24071963158,35317.4760198
add,0.240926204417,108180065.52
ran,0.241294248506,12920761.1483
show,0.241301347806,23670139.3395
rise,0.243165062732,72092773.8412
carrying,0.244844909395,77854544.3697
required,0.245849801728,154030752.384
escape,0.245955045697,50227524.3536
unhappy,0.246375795562,82914596.2271
urged,0.246556015312,102634103.445
difficulty,0.24660254885,79441133.0945
doubt,0.246851189111,25777294.9365
entering,0.2475361227,186500715.574
events,0.248101158763,75066167.3934
reached,0.248579482895,19835004.0217
admiration,0.248584148998,110432829.34
returning,0.248743863286,67491014.6556
searched,0.249770103668,97587232.305
somebody,0.250722629603,69026650.0465
leaning,0.250813185579,95642087.5832
ground,0.251464216989,9967503.51395
chill,0.25148794273,240470294.055
once,0.251778437867,4997182.91404
glow,0.252523102435,88194166.6994
guilty,0.252946426366,81395322.742
board,0.253347459936,24133575.5102
visitor,0.254012265062,64764608.8047
anywhere,0.254229771968,214977126.737
joined,0.254356932932,130202450.554
times,0.254725385659,17669195.2979
situation,0.254790674833,35813902.239
letting,0.255333437787,410073646.979
soon,0.255873124993,5424465.63168
size,0.256718371539,160741482.353
hopes,0.257252914331,68488348.9654
ladies,0.257565233101,28682823.6729
seat,0.257839953345,48285189.369
pressed,0.258421712091,75087336.2309
language,0.258658626406,88932728.4483
changing,0.259429689481,792109257.395
particularly,0.262085306699,92523710.5412
moment,0.262230725186,2608661.62986
occasions,0.262774146993,246654831.29
assure,0.263254466839,182936096.919
ever,0.264644791668,4057896.07082
evil,0.264791000165,14966510.391
perfectly,0.265082237777,47213750.3953
quarter,0.265085061141,106052692.653
hands,0.265193546186,5457071.10502
raise,0.265194760056,56404534.9156
plenty,0.265822508589,78568685.6195
gather,0.265981295708,725265316.478
nevertheless,0.265995121939,60000951.7667
person,0.266121875661,6900718.67997
scattered,0.266660351939,359825211.365
gold,0.266904204772,8601968.96302
troubled,0.267436913932,78242743.3542
seeing,0.268036601982,44029991.6277
strongly,0.268264645194,251140573.194
tonight,0.268484959217,23850665.8623
certain,0.269761326302,13380431.6269
cleared,0.270025483385,298969119.227
fancy,0.270259898322,31083470.1049
aroused,0.271855283859,279725961.77
laughter,0.272260702994,100210655.426
concern,0.272987534194,111182915.557
acted,0.273181790516,270157738.681
yours,0.273225212773,79362737.8682
inquired,0.273532097017,15725326.2936
wake,0.274356456749,346770387.877
struggle,0.274996329089,81205811.3387
recover,0.275428331175,349136192.001
separate,0.27575643118,662266326.018
through,0.277347487792,3479329.00634
cat,0.277399863231,25728866.7483
queer,0.277964348282,66938827.1546
immediate,0.277976517197,179259319.467
laughing,0.278478274254,80528850.2532
hidden,0.278788957797,85939373.0904
thing,0.279371916463,2880550.7771
provided,0.279761001425,227383301.069
died,0.280378527824,7786525.16828
faintly,0.280500459957,214286044.073
alike,0.281073966381,547840409.513
human,0.283699999778,17021681.1523
choice,0.284068956717,338337051.984
reason,0.284173896528,18078248.5551
conviction,0.284664301273,247013701.409
itself,0.285036901644,16699782.0914
heartily,0.285278113593,228138635.83
unpleasant,0.286550713535,162070712.431
became,0.287024603107,10506440.8825
crime,0.287107023574,72448027.3304
employed,0.287245620269,226178710.942
perfect,0.287333338964,58934835.6816
revealed,0.287725226169,201394585.502
described,0.287795449662,60117636.9056
considerable,0.288339084871,166847485.275
shadow,0.289251724626,23631925.243
nonsense,0.289461178596,187793869.354
hurried,0.289562628738,37825167.7357
wine,0.290016653362,15703943.4126
servants,0.292343740734,23143952.2112
certainly,0.2923449665,19355230.7665
foot,0.292349187761,17085828.1326
extreme,0.292537404844,197210022.109
fingers,0.292685490907,29440418.757
branches,0.293429422152,170977758.139
earth,0.293723489801,18441296.3897
prove,0.294141764728,65350085.4627
throat,0.295770726537,76723845.3933
mind,0.296227129901,4383551.61103
flew,0.296428947666,83314072.9331
lights,0.296744413501,127570324.942
impression,0.29807681581,26890903.6518
whole,0.298181575662,7697473.04763
wandered,0.298442144728,414500798.308
seemed,0.298465708627,1597989.89919
j,0.29859602523,10666637.4702
#punct_!,0.298881084403,2150.31313661
supper,0.299053705705,36214381.9492
fellow,0.300200806662,12564453.0423
reality,0.30093404846,170216795.771
none,0.301224821173,75207603.327
objects,0.301398038393,256058098.843
previous,0.301671435347,55281788.6835
parlour,0.301806874118,78716634.313
knock,0.30210860021,404052090.709
devil,0.302596502085,30308251.8975
upstairs,0.302784649884,57280821.3056
declared,0.30333617601,18927248.0121
where,0.304061327746,1984382.98296
uttered,0.305359949493,56155842.2036
ha,0.305591299426,10231091.896
wretched,0.305996493865,70263787.4308
every,0.307127006524,3263976.64204
caused,0.30770053792,52223453.5594
miserable,0.308659573305,119949978.886
spell,0.308867727272,304757038.62
stretched,0.309224095257,74103820.6028
heavy,0.310618970702,19337423.6037
laugh,0.31182429793,32012327.817
residence,0.313086116868,169593980.967
known,0.313103528857,27231927.6978
hand,0.313917518034,2915689.34073
condition,0.314133805909,51286245.123
wide,0.314771243207,40793528.4359
conscious,0.315005696832,145329222.54
poured,0.315588344309,354199987.164
birth,0.316147785276,164879647.594
played,0.316150468067,82159519.2519
houses,0.316637857566,64855259.3942
evening,0.316902817914,7269170.01754
address,0.316910986139,76927669.0495
knife,0.317113049306,51889768.6454
vision,0.3171556318,22008953.7637
woman,0.317194375835,1174590.6636
fro,0.317901873005,304829074.808
utter,0.319522176293,130377938.46
belief,0.319892785386,204719503.769
rage,0.319900656266,292844847.724
appointed,0.319902614976,122892358.828
wild,0.320998222787,8568988.05058
thus,0.321124636955,6818724.65693
hole,0.321170074455,90535857.5274
themselves,0.32169601969,35367293.8017
nobody,0.322011133023,44806259.7704
again,0.32209983904,2229425.82021
neck,0.322538217483,64613046.5374
exactly,0.322700985301,53566290.9546
started,0.322942029068,28532920.3913
whether,0.323971218321,14879100.8451
dreamed,0.324554263855,28162023.0433
struggling,0.324701799317,431716302.829
gradually,0.32470610627,82087218.0884
black,0.325520288439,6269472.97807
trick,0.32629643446,307312374.273
then,0.327027339234,682767.723528
dull,0.327403126139,93773128.1883
performed,0.329297343011,503160733.597
gone,0.329602761437,11066973.4542
shadows,0.32996766565,61337200.4583
newly,0.330132647177,523272109.858
might,0.330291696865,2514315.32591
perceived,0.330345147658,40081669.5305
conduct,0.331068272491,108526551.915
beneath,0.331126288022,29201210.4442
attention,0.331439625316,55821880.9894
fill,0.33347488553,520072460.241
terrible,0.33361155464,24084939.138
till,0.333845434371,4815785.65086
mere,0.334312835069,41459093.1448
creature,0.334372665087,34489944.8751
highly,0.336170992063,316169403.662
deep,0.336574027173,16643907.1707
were,0.336995680377,359494.822384
suggestion,0.33756433658,207215091.162
hour,0.337924208073,13430053.091
trembled,0.337979210139,178023994.992
attempt,0.34102069013,109381789.771
furnished,0.3412952141,318806345.269
daring,0.342842218011,697184881.508
listening,0.342880807146,117358079.024
mention,0.342990634009,192098483.105
death,0.343081252879,3804234.13901
effect,0.343292121984,49022042.3129
other,0.343365063643,3700531.6953
suspected,0.343528096004,270858104.223
recognise,0.3440327451,169604266.836
features,0.344233216363,30208729.6343
impressed,0.344781734539,478191402.68
knowing,0.345417024729,111238252.242
impatience,0.346143064121,457323215.114
hastily,0.348413155202,50113267.3713
descended,0.34890564259,98933651.7884
husband,0.348969493566,4383886.93455
out,0.350622706872,617704.622025
recovered,0.351443489726,100096444.519
ocean,0.351623853816,131402403.566
narrow,0.354140584596,157069701.925
following,0.355716355477,10597243.1004
finger,0.356093351845,42862423.097
above,0.356412683451,7445156.32332
press,0.356650923903,260483171.409
wings,0.356763041726,208690573.497
forehead,0.357316790556,160750600.961
loss,0.357443534616,82193135.7501
next,0.35830065325,10766167.0018
hearing,0.358689557645,124164101.672
lover,0.359081086275,79206182.4819
circumstances,0.359089179226,48941893.8831
idea,0.359379617701,28156327.2189
wrapped,0.361721418323,346223543.321
suspicion,0.36238619456,109445249.544
tied,0.364044477841,556943105.882
passing,0.364337044605,77783816.1575
towards,0.364637489747,4585180.58306
cause,0.364708511105,64667875.3623
profound,0.36575801813,234986382.46
removed,0.365948136272,106524173.196
threshold,0.366105026119,135019409.877
coming,0.366319164465,17972957.8935
deadly,0.366730906235,208732538.561
instant,0.367893181108,42783573.8955
woods,0.368719802823,29029614.0276
who,0.369673851066,834162.443726
bay,0.37041530284,62622240.6212
accustomed,0.371390056365,328761132.831
distress,0.371976088225,630934158.496
forth,0.372207157081,28589377.4894
hear,0.372664444528,13273576.3529
imagine,0.372962114297,115302469.831
throw,0.374622254565,248799780.399
woke,0.37477172069,216007780.307
o'clock,0.374865091349,16132403.5053
neighbouring,0.375263221121,160701907.15
fear,0.375847303246,8919243.57002
pitch,0.376018757783,812000299.635
aware,0.376111306262,100959438.389
mine,0.376301748469,23210978.1271
engaged,0.376827476918,93159401.0852
affected,0.376828470528,353821728.865
as,0.376979707401,243420.173096
explained,0.37707809116,101985899.491
place,0.378088863372,5598259.14025
#fogindex,0.378518536749,0.0437388183419
cheek,0.378988757534,64031381.4036
downstairs,0.379089373523,84617358.1268
eleven,0.380121720613,146128677.927
recognised,0.380245193543,51350874.4921
walk,0.38108046927,51741581.0845
sea,0.381131322737,12034143.2872
finally,0.381563730342,38829196.7047
opposite,0.382307825573,93002624.2936
dreadful,0.382341131455,36173645.8819
suggested,0.383113947617,56850565.212
feet,0.385351790434,9208340.41867
lay,0.385441585788,12147274.2918
safety,0.38545198889,131342824.721
wound,0.385501388221,128796737.792
experienced,0.386527379855,219807453.208
#punct_;,0.386715970387,1082.64770708
enter,0.388378810905,115400177.436
gasped,0.388835028393,187359786.431
bold,0.389823297268,184171886.779
distinct,0.390238840398,233410017.447
warning,0.390553136561,73743263.2921
servant,0.391322266671,9427608.08139
cheerful,0.391397879687,179608350.685
scarcely,0.392162719595,29429514.6788
shuddered,0.395481608718,631973708.751
broken,0.396371485766,49549551.5981
minutes,0.397151981985,25956508.2128
air,0.397353628879,14182570.1326
committed,0.39891554897,202765196.625
astonishment,0.399011573465,83070776.7133
#punct_),0.399271610159,100383.64329
attached,0.399940207453,265503766.554
afraid,0.400706336255,28023452.1989
lest,0.401037843785,225214183.118
such,0.401238976822,2728026.37107
tear,0.40202093789,444562365.938
stranger,0.40287609821,11073204.0242
exhausted,0.403713167427,376158808.475
stone,0.406179961313,18757899.8364
louder,0.40646606066,343218119.448
questioned,0.409256959667,85276470.9768
circumstance,0.410476430823,123320460.389
dim,0.412621017168,195330386.062
flame,0.413395777568,225001529.435
hang,0.413605077401,696615837.077
sit,0.413841666018,77767337.325
obliged,0.414408040873,98073194.3502
a,0.416536483747,55908.417109
melancholy,0.416920070391,92081804.6853
missed,0.419906625591,525838727.363
of,0.420311338881,21332.325961
considering,0.420676898176,182370747.189
dream,0.421864882451,5417183.5444
twice,0.423055870466,185039373.791
account,0.423178288839,32109399.8662
ourselves,0.424650285331,132293391.047
proof,0.424822706817,366170791.205
several,0.425155021957,16878238.7818
rent,0.425357365889,303300589.386
confess,0.425709308728,135329508.216
unexpected,0.426496125402,216551648.234
steps,0.426602617699,65632679.6123
follow,0.426715440839,81696432.2289
time,0.42700052325,2550819.13866
striking,0.427284112817,344360755.473
guest,0.427784162879,162919088.2
bell,0.427791857663,45675690.4007
breakfast,0.427993864972,107444233.778
sufficient,0.428731897924,98414827.1921
up,0.428875154643,562224.760682
nearly,0.429282923081,77267661.8962
thou,0.429334765142,4285960.85704
one,0.429450897881,512199.605013
pursued,0.430173329527,185014037.91
related,0.430788384028,23617487.5086
discovery,0.432477513095,94616156.0238
terrified,0.432640505618,195967594.759
landing,0.433760234097,263081032.472
wildly,0.433760727048,466824521.946
wandering,0.434673058864,412975783.691
aged,0.434811839088,97099431.1054
chest,0.435385521542,138411782.005
neighbour,0.436762075349,147575971.995
lamp,0.439508689929,78436977.8752
crying,0.439842699045,111577653.878
dreaming,0.440427333339,105665842.603
trace,0.441304747817,445112211.868
forms,0.441490768066,426384766.653
burning,0.441878864556,154944061.132
seconds,0.441893247666,291761879.236
mark,0.44269949241,82176029.2146
mist,0.443917710744,64845497.44
footsteps,0.443940860702,68442856.2741
raised,0.444520962916,37385511.5182
dreaded,0.445614765552,567455137.712
dreams,0.445944607069,58726532.4547
rolling,0.447732044997,578399966.472
bargain,0.448272488893,1168747212.52
bosom,0.449357234938,32974174.0866
faint,0.450086936325,83055395.2455
heavily,0.450584058573,188822754.24
chin,0.452152133108,146608610.906
catch,0.452730732346,119613212.837
blows,0.453485184562,1030121746.7
closed,0.453527163437,77555141.3834
#punct_/,0.456094782219,650817.335054
walls,0.459174724432,52005029.1123
period,0.46177082809,142433911.96
in,0.462067510584,152966.990542
reaching,0.462249603897,507123010.398
hitherto,0.462850291603,241918345.87
which,0.463054953052,127691.341993
sprang,0.464796821744,55251698.2467
clouds,0.464797265371,136548612.689
obtained,0.465318585092,262640515.525
i,0.465339196431,8214.18406301
nature,0.465689407059,41128949.5933
after,0.465885086307,3585559.0845
very,0.465980809708,1124439.93515
pen,0.466392111287,279790529.796
hung,0.466454072067,47267475.0165
drink,0.466513344014,103412568.376
broad,0.468671198077,156704252.134
small,0.469628263004,36800722.2636
guests,0.469659114413,207162733.738
fatal,0.471185626973,204259034.401
excited,0.4728207874,126856616.02
flash,0.472844081855,378513542.089
instead,0.473929929564,82117681.0091
twelve,0.473939348123,131176683.434
threw,0.475667906498,62452779.8374
altogether,0.476041204323,217050937.033
came,0.478482413176,4384887.18692
smoke,0.478631423311,115327832.221
loud,0.479639061045,103136607.667
consciousness,0.479932086891,61757742.7133
writing,0.480640018859,81730139.2095
same,0.4810653824,8522461.37036
#punct_(,0.48177388819,124895.398854
host,0.481930384356,100234487.265
hollow,0.482238627829,145019731.214
sensation,0.482560334496,518813215.544
iron,0.484541420625,69848792.4326
beating,0.48474395157,931679955.118
third,0.488366707739,84161227.1315
house,0.489953089613,813053.365133
breathing,0.491435877876,390240693.013
heavens,0.491835390697,441076071.658
couple,0.493576095302,118325202.289
hall,0.493647147677,15296374.3783
wedding,0.493663025821,86298542.2961
short,0.494139237127,49150391.2957
female,0.495154161582,221609492.286
doors,0.496411349904,179667193.466
neighbourhood,0.497350209834,44963695.8715
sunk,0.497790172759,153785168.365
been,0.498092318794,1083109.47057
material,0.502102248172,291186810.108
appears,0.502250610538,455255106.816
about,0.503199269307,1538476.23583
hearth,0.503886211497,119690469.849
driven,0.505084734175,292395660.533
shock,0.505855763664,260544036.937
adventure,0.505956000671,99125786.362
something,0.506280140859,7133377.29947
steel,0.506619985081,479473116.946
portion,0.507519008862,129949252.299
thunder,0.508140044664,133583134.403
clothes,0.508142908525,110864780.745
girls,0.508911802122,557881.464831
suddenly,0.512122321927,9471231.05
remarkable,0.512579280421,248104413.211
room,0.51330008785,973755.496589
bottle,0.514746364539,66103893.6578
ages,0.51536114861,714627614.393
merry,0.516268970938,20928939.1424
apparently,0.516609335142,90160876.9179
pressing,0.517218111868,1203998693.52
down,0.518975200788,1429631.32391
smoking,0.519546634557,387878522.721
moments,0.520490400904,128109597.249
doubts,0.520782863055,505999307.32
intense,0.521385854093,166152418.521
immediately,0.521403127481,26654806.16
disturb,0.523291095688,498926585.978
somewhat,0.526203541859,46997937.2459
shade,0.52650059257,362469246.352
noise,0.527362426237,37875692.2543
adjoining,0.527719479149,814074643.66
drunk,0.527921921348,311561321.28
dismal,0.528805590815,202827135.151
at,0.529872051933,621875.100636
oak,0.531629338633,330542048.467
fallen,0.532309793165,91944101.8936
departed,0.532357505374,297338716.894
blood,0.53330640632,22972818.9595
table,0.533875085157,11992962.8486
secret,0.534268672638,52862014.1052
courage,0.53495212939,130974653.864
nerves,0.537724072959,155920665.673
beings,0.539477286713,196519214.221
chief,0.540201054375,9735157.33045
flesh,0.540497203076,144028609.474
extended,0.541486576435,313721738.157
ancient,0.543695516239,90710501.6404
wrath,0.543840322157,435026107.026
motionless,0.544258953631,230961439.815
chairs,0.544332449665,473351919.671
huge,0.544625007447,138435258.924
pieces,0.544995974508,192169688.97
determined,0.544998725032,61582183.4232
laid,0.545286978775,95836026.6245
fire,0.545993867245,9864127.65592
cut,0.546593710598,81474167.9963
senses,0.546793320764,205334909.313
painted,0.546961312221,623258320.689
music,0.54713332691,33790634.7819
water,0.548165969233,6691175.78623
fall,0.548302499804,69344632.9086
countenance,0.548750064989,49619279.377
there,0.549243846166,750875.210586
match,0.549970759069,149363681.615
family,0.550986800986,8614104.96344
pulled,0.552947378646,139598534.89
slightest,0.552984708371,281785647.798
singular,0.553034722858,155809158.163
recalled,0.553989978311,509837856.605
silk,0.555212463336,296527937.581
swore,0.555260262026,647333639.164
dog,0.555502735906,52663152.9247
sight,0.558224035755,56641171.9494
torn,0.558250929559,462108721.367
gentleman,0.561573645892,21198179.9194
spot,0.564796751035,51534503.7203
putting,0.565857688223,234338214.182
living,0.567107558367,67043959.9408
sought,0.567322395737,162330068.447
chamber,0.56947059351,13060475.9478
sounds,0.569651883877,159576820.12
dragged,0.570682034141,441874290.729
touched,0.571099767575,77531685.1154
notes,0.572642873472,116013495.044
middle,0.572918405624,79033633.5334
reach,0.573104135015,120867016.134
consequence,0.574546683042,548432736.094
top,0.57564090425,50921288.2983
unknown,0.577461573984,150185712.803
dashed,0.578455743708,296271948.467
uneasy,0.578487921715,653224951.616
imagined,0.57893863541,592653285.315
description,0.57925513519,546648690.825
within,0.580057453346,18430319.0409
lost,0.581901390383,46134450.7274
nearest,0.584216773088,508636877.742
wood,0.584292675146,82547096.4836
animal,0.585215837708,91892415.2802
peculiar,0.585293613415,297981592.867
dead,0.588427105165,4721678.8625
passed,0.588483447082,13795383.9319
saw,0.589106098171,3472133.2354
waves,0.58976259461,162958813.741
morning,0.59038085051,7660045.86402
moon,0.592495798034,52549122.0659
awful,0.593140946224,51744449.3994
sufficiently,0.593461427937,414164639.868
latter,0.593748539223,49268464.3051
century,0.594106427194,319007607.69
fixed,0.59721818184,69916339.8235
endeavoured,0.597667208878,217853170.03
h,0.598453910449,138957010.268
tried,0.599118199891,43416595.1831
thick,0.599135763887,221748802.915
remains,0.599232801985,471843726.708
agony,0.599267162546,166000067.492
stories,0.600046929661,67731024.8964
was,0.600047798451,74922.7629745
yard,0.602216163647,147998309.765
carried,0.602998482865,94402441.2921
ring,0.604351385881,126637353.273
second,0.604401916041,56733866.8583
startled,0.605335445465,154819461.063
deceived,0.605904525406,669241792.805
solitary,0.606226825676,275046721.272
dressed,0.606257839917,100334616.599
from,0.606994839316,1059402.25319
buried,0.609250569202,84026763.489
degree,0.610216881402,406360729.362
eye,0.611530166463,22122519.2659
wife,0.61280318932,5642727.24775
sudden,0.61286967189,59091051.6763
elbow,0.614630427685,699412358.127
sounded,0.615303673841,122886205.943
presence,0.617459029335,64021956.8464
sleeping,0.617488439289,192688543.268
discover,0.617894570023,319677872.844
alarmed,0.618983328865,585156633.795
single,0.620448920617,139575677.798
stairs,0.620893517508,115015500.101
thrown,0.620928449194,212296182.706
alive,0.621581527955,159965567.356
explain,0.622111917583,185318102.424
round,0.624695020337,6567845.40878
length,0.626867797929,21383154.7705
contents,0.628666575583,276069118.788
confusion,0.628883321338,254425106.081
gloomy,0.630530387698,197897015.383
retired,0.632386187712,217911391.01
walking,0.633638183851,117413328.957
sole,0.63575598104,443725143.909
falling,0.638266817867,188992751.252
approached,0.63839021224,136403522.696
chain,0.639101637723,215762910.264
windows,0.639176538342,65131811.1777
grave,0.639580763089,32378975.8265
bottom,0.640653606661,175985003.525
fled,0.641478782194,211061785.354
examined,0.641570465477,240519175.717
rushing,0.64178239944,975618695.438
haste,0.643712588406,386453520.121
daylight,0.643873964419,320662606.727
afterwards,0.644178509439,69584025.6623
before,0.644373125203,4129913.98885
convinced,0.646447401003,236782779.806
double,0.646924339669,306403464.845
wall,0.647799064956,13216085.6802
figure,0.648198940367,22288499.3694
ear,0.649893520183,149007621.765
disposed,0.651950507417,783133710.417
fright,0.652083977041,96911787.8614
when,0.652614343203,1536260.85211
nights,0.653130708292,143519255.342
induced,0.654394678592,838726248.778
distinctly,0.655345989129,123463983.753
close,0.657121502129,47516798.3977
supposed,0.658796180947,153632475.422
by,0.659170278069,518067.858428
resolved,0.659441986395,189484562.42
cried,0.660216192811,5052894.46563
hair,0.660480596758,26724886.6582
companion,0.6615743045,58876243.3171
drops,0.664019932195,565108921.464
fell,0.664663420511,20326673.5393
former,0.66690201025,91447942.942
the,0.670638604306,8266.02866975
my,0.671788275878,39358.5205777
flight,0.673569578586,390966705.524
drank,0.676118840788,269465742.613
furniture,0.677029241582,209116106.265
shortly,0.677939805301,222843714.215
seized,0.679557709531,112641648.929
body,0.680369201034,23309743.0611
upon,0.681300452556,473575.240045
shut,0.681919072304,59278457.8019
noticed,0.683854671529,114237258.719
describe,0.684856888031,372816911.843
violently,0.685516372182,556581195.375
violent,0.690054316134,379178425.991
produced,0.696229675619,176220062.645
spirit,0.696411714812,4041177.08954
cold,0.696683714117,25859445.2213
hanging,0.697703468362,296687978.041
pipe,0.699029628409,228543783.012
vain,0.69967954016,88144840.3084
began,0.699706048618,9340618.54039
passage,0.700502873736,121318392.306
permission,0.701086668898,1028085267.1
sooner,0.704637534796,247060070.638
lightning,0.704959017144,161426855.641
nervous,0.705903094611,142698089.902
window,0.708843280198,14918694.4036
ventured,0.710632658132,1048656072.03
possess,0.710831462324,915003317.709
disappeared,0.711638793928,131568739.282
open,0.713737663635,20587541.2633
rushed,0.713764775244,125885015.281
myself,0.715580853327,3946173.41975
precisely,0.715780157998,615588680.271
awoke,0.718734320191,131594175.885
instantly,0.722005306065,116743696.509
some,0.722603565258,2024380.27449
beheld,0.724660048033,80692281.6027
however,0.725879807017,8595473.83788
slept,0.727631889282,110198857.127
powers,0.731594857552,392455829.237
pair,0.732205782268,175429309.0
faded,0.736458994842,425486963.591
veins,0.736597247158,1030792040.59
impossible,0.739304086676,140231092.477
possession,0.739530425759,157240912.887
asleep,0.742147261249,94485084.7354
heard,0.742176104886,2926713.38802
that,0.743007871142,142573.978506
"#punct_,",0.746288235206,157.879221518
explanation,0.749598930092,180630952.9
cry,0.750865737472,41575724.7171
ears,0.75123512287,164019415.779
tale,0.752599960973,64881833.304
corner,0.753062329438,82959778.1098
fearing,0.753095688668,1020600191.44
hideous,0.757260364659,395970294.736
cloud,0.765216359856,400291503.775
occupied,0.766597417722,256726064.587
darkness,0.767389683607,25986596.6891
candle,0.767525139239,159285123.246
glass,0.76761842058,41660388.7944
nerve,0.769145058412,1086564883.02
strange,0.769203394443,11772793.3531
roof,0.76970030379,118893805.624
accompanied,0.771060862954,377091374.583
sitting,0.772977018817,77219496.0937
connected,0.773884619938,747909061.454
into,0.774286938309,3848403.80344
happened,0.776225906162,35064743.7081
wind,0.777823381962,22524009.3493
gown,0.778305371034,305795275.866
extraordinary,0.782613936263,100910308.229
its,0.782899671392,1683201.19161
disturbed,0.788088738278,200999756.426
alarm,0.789398224956,90106991.1588
clock,0.791563139664,172413264.311
seen,0.797913484918,7982923.60423
existence,0.799649384476,394543963.537
storm,0.807047156967,106703559.533
overcome,0.812868015166,826391927.258
weight,0.81499758868,326143790.183
search,0.817456036173,171984142.935
distinguish,0.81793728543,347509706.031
visible,0.818783902449,237894642.534
gloom,0.819974216449,255116758.816
having,0.822330743617,16826136.1189
effects,0.828562860883,650302681.303
opened,0.828656462907,42031796.8677
corpse,0.829435317562,62048658.8195
starting,0.83050014975,709580062.126
expression,0.834158397109,107212658.004
owner,0.838108596024,451326907.378
returned,0.839056029021,25527832.3779
opening,0.839667191955,240447352.75
discovered,0.843511658178,91311299.7186
shape,0.849027668844,263642787.318
door,0.849304315224,2784963.48981
lock,0.84942196751,350581292.407
invisible,0.856360080139,99098952.4818
struck,0.857478268504,94369778.098
limbs,0.859198646627,390721245.139
floor,0.859210636374,39206193.0903
concealed,0.859994854938,595735531.948
midnight,0.864324527848,89927552.0619
appearance,0.864702634412,46038557.1662
drawn,0.86486924762,269924345.827
tree,0.86510046,31880593.9601
haunted,0.870437016362,23726800.4818
box,0.8731056227,30444635.1269
shaking,0.873398828716,484928855.604
chimney,0.875109004273,557585167.469
awake,0.875390364886,179216476.482
found,0.879575756138,9414684.25047
conclusion,0.884478459978,478422195.756
sheet,0.888910162018,742837131.828
mortal,0.890162258659,559716136.652
frightened,0.891888559663,142919733.073
light,0.893532459797,14587237.4762
whence,0.894303627312,353043642.231
expecting,0.899552381506,1272089930.2
spirits,0.905313308904,81935929.1154
lying,0.90591798592,130692312.248
form,0.910726934292,78909019.64
key,0.913061742591,331925909.545
story,0.914826183062,9840481.22609
horrible,0.925439730853,128326199.329
trembling,0.928431751116,189069792.872
being,0.937776555675,9348670.66351
night,0.941658541652,2453034.8276
imagination,0.979792253592,284826719.329
finding,0.99008116279,375890067.233
vanished,1.01943557247,173689837.01
appear,1.0229071859,257814995.424
sound,1.0309039046,24815345.3991
locked,1.03091675915,231502846.869
bed,1.03930432025,4846093.55776
mysterious,1.04179904977,71907727.5395
ghost,1.04221460967,2574919.61177
horror,1.04232824118,41609286.5529
fearful,1.04429709984,183511218.449
appeared,1.04830099501,28972934.383
bones,1.08040124182,583631212.872
lighted,1.10486331345,303202348.881
dark,1.13189340848,39094445.2588
mystery,1.15115039866,148593325.511
sleep,1.21549174866,39943532.9781
terror,1.27179266742,86004430.6196
