separated,-0.795850570297,-1642085206.2
earth,-0.788320955892,-70108639.6461
than,-0.733640174486,-4930762.39001
ever,-0.682416374212,-20829073.4279
more,-0.680377154198,-3110111.30643
land,-0.63961999717,-42627064.902
coming,-0.629138936997,-31223124.4537
for,-0.627247405678,-471383.176814
setting,-0.627047857185,-618973276.74
won,-0.616281031173,-512128365.994
their,-0.613212928725,-683547.170883
to,-0.602495787059,-44915.395838
rise,-0.597361270907,-659313452.777
build,-0.596234350886,-590399473.447
water,-0.594445798425,-13812203.535
#fogindex,-0.579290011388,-0.230685087878
field,-0.565761460653,-128808889.411
such,-0.547321487878,-3054945.50144
born,-0.542378602702,-106244169.784
mile,-0.536795712654,-393097207.402
weather,-0.536451164773,-196560265.533
"#punct_,",-0.535073067155,-88.6543739358
being,-0.534332078017,-7357633.35131
home,-0.533002680441,-4374877.79743
months,-0.53243810938,-75016681.1329
superior,-0.528482355021,-593912653.167
sky,-0.525033692022,-86650408.0211
summer,-0.522501047158,-110291709.537
life,-0.522407102798,-3482947.69731
weeks,-0.521754146168,-99456766.9076
higher,-0.515016274361,-512843586.382
nor,-0.514960485233,-40307031.2749
till,-0.514449848003,-16714403.6435
proud,-0.510755173979,-231882331.625
asleep,-0.50986325373,-301819478.204
low,-0.506841266502,-49694959.8732
longer,-0.505521585899,-102764291.883
worse,-0.501981053037,-196990117.603
slept,-0.500911497688,-129590557.398
world,-0.500663523703,-3563472.79484
ground,-0.499440821616,-41106343.7167
sleep,-0.499003528159,-48120348.832
thoughts,-0.498869158639,-145571906.852
desire,-0.496818794927,-103621203.349
instead,-0.495092200093,-111549563.077
men,-0.494493510971,-1457213.11585
greater,-0.493579853803,-237642813.683
harm,-0.492244232794,-380046889.99
language,-0.491867410626,-149153114.307
loving,-0.491315857711,-683718540.536
supper,-0.491107010569,-129128943.917
themselves,-0.490139579938,-19956694.1097
yards,-0.485122517536,-102928749.489
day,-0.48412613439,-2201371.71637
sun,-0.484038177127,-21605135.8175
song,-0.479277127768,-92067194.9
in,-0.47795973089,-158241.151938
felt,-0.477492425445,-5907277.56144
fire,-0.477056099802,-8936037.89963
town,-0.477035139452,-11577685.033
woke,-0.476350005836,-299738657.258
tired,-0.474617344148,-58801624.2481
joy,-0.469821730341,-128793788.391
high,-0.468944517258,-24670091.9045
each,-0.465120931581,-11372586.4445
would,-0.463563493543,-503072.654157
loss,-0.462450489138,-295038940.331
proper,-0.462047650874,-127468743.204
dance,-0.461915725958,-76717983.3146
every,-0.459202164427,-7170834.94395
days,-0.457574321117,-12644506.2251
awake,-0.457055487398,-308265665.429
wind,-0.456658939789,-35392910.2337
were,-0.454680828196,-461381.882858
above,-0.452578449644,-38544209.5282
spent,-0.451850703182,-173496306.978
spend,-0.451045089123,-228187244.356
free,-0.448116182774,-75787991.0061
many,-0.447774074107,-6660983.71361
be,-0.447039648107,-246561.2751
brought,-0.446874111519,-23647682.3647
kissed,-0.444194208226,-224414976.951
feeling,-0.440220448601,-24923541.298
music,-0.440202090329,-85478197.598
eighteen,-0.439794198369,-424942687.113
wished,-0.437821538061,-99262537.2497
support,-0.437227483362,-388882842.783
power,-0.436208960246,-74428939.1559
fine,-0.436077482952,-42160081.1464
generally,-0.432953556541,-404755788.114
older,-0.43243398054,-213785609.674
below,-0.431387847827,-67754260.7406
worn,-0.43138491937,-361672564.1
saved,-0.429412245061,-521322856.946
carry,-0.427842154554,-293219796.543
hundred,-0.427285417595,-20280255.1546
regular,-0.426769862123,-196309137.096
beyond,-0.426742615898,-40708779.1687
upon,-0.424581288132,-2077555.41187
nights,-0.424014428131,-387742387.448
seeing,-0.423493062416,-165061342.349
among,-0.423464836876,-25636783.023
cloud,-0.423149732536,-453262399.496
flying,-0.422857664078,-26825950.7588
strong,-0.421426212636,-80203903.1817
winter,-0.419903014078,-32631301.8587
history,-0.419837797985,-85626843.7642
fight,-0.417970976667,-37437844.5869
running,-0.417902942163,-60384703.1577
river,-0.417615099999,-6899290.73518
south,-0.416873729063,-94634547.6486
good,-0.416548539093,-2103931.51549
settle,-0.414239032485,-344772078.493
week,-0.413809779793,-26230453.9485
fighting,-0.411649591308,-43243054.7077
better,-0.411421379949,-10073644.4178
love,-0.410958579181,-2536188.06147
from,-0.409968141447,-886077.72651
bought,-0.408859287828,-115953129.232
served,-0.407729111025,-279759252.352
sink,-0.407138753448,-301499575.523
officer,-0.407020897144,-3729975.67411
year,-0.406476666105,-17320492.6995
warm,-0.402339687534,-44924752.1757
buy,-0.40180955046,-77138316.8377
bare,-0.401604815677,-165253158.187
forgetting,-0.400696601879,-1254427011.01
turn,-0.400648235756,-63646326.6269
learn,-0.400496169869,-64368726.6496
presented,-0.400265540416,-406274853.254
race,-0.39883948877,-125396851.837
stars,-0.398292698692,-242557238.304
surface,-0.397533500552,-189877996.973
of,-0.397409008114,-18442.9538547
trees,-0.396820699206,-25970945.8547
#placename,-0.395689631206,-136061.73543
#punct_-,-0.39550720405,-793.96911604
near,-0.394493394999,-34806050.33
could,-0.39306551286,-822908.77711
write,-0.390486519325,-32061377.7114
memory,-0.39030990537,-108632353.605
allowed,-0.389992486715,-64716636.8442
studying,-0.388912529117,-409858409.024
silver,-0.387230160323,-1660126.59043
orders,-0.386699861748,-77862670.921
heat,-0.383821108916,-220063729.293
burning,-0.380462059468,-391755252.88
set,-0.380293778769,-11302039.8816
#punct_;,-0.379718629466,-2178.56080547
crowded,-0.379072241244,-223889475.313
filled,-0.377826793438,-80992622.109
able,-0.376740886702,-42456468.0145
flight,-0.375783139667,-78285490.1188
reading,-0.373710213089,-98580993.9154
food,-0.373330835658,-25822435.857
happy,-0.370684698077,-23073955.8494
electric,-0.369328017306,-303667341.675
streets,-0.368855971086,-60146437.4309
lived,-0.366040871549,-65690475.566
group,-0.365887468686,-7240040.02703
grew,-0.365453176907,-56341106.3335
within,-0.365382913017,-40769137.2963
stand,-0.363976904347,-55445970.389
determined,-0.363274768808,-155593184.882
lonely,-0.362896936768,-199413309.111
darkness,-0.361724602157,-27785159.4363
spring,-0.361366232177,-40006496.2472
miles,-0.3612284612,-14032815.6905
attack,-0.361101524986,-58342324.5216
lives,-0.359742599388,-120552131.874
growing,-0.359705952311,-196762518.879
whether,-0.359316697641,-20411302.9971
married,-0.358889093689,-18996042.6893
walking,-0.358141530415,-67502641.6508
pleasure,-0.357418094558,-35634506.9136
health,-0.356467811054,-210173995.229
north,-0.355451903175,-39061396.1801
laughter,-0.354860864765,-84799891.1298
conviction,-0.353868229547,-542663134.599
ladies,-0.353127794899,-139041216.951
fill,-0.353000114595,-450529449.824
carrying,-0.352743885828,-237246140.483
leave,-0.352100151607,-11643135.5422
comfort,-0.351234249741,-107138592.515
occupied,-0.350908577769,-302484885.575
flew,-0.350688857855,-127971791.859
approaching,-0.350385463683,-704720624.827
slow,-0.349785069224,-135198950.684
offered,-0.349726828514,-132682178.176
enjoyed,-0.348429033422,-242648686.143
struggle,-0.348306420789,-447573053.82
houses,-0.34826584795,-96693746.2458
direction,-0.347925540689,-63474692.8488
rights,-0.347346461803,-866028808.352
gathered,-0.34615322483,-322476376.486
crowd,-0.343729251104,-54328625.8571
wish,-0.342845035932,-12401351.3531
fair,-0.340850298333,-29655104.7451
distance,-0.340736554045,-59810397.5081
thousands,-0.34053211569,-273397927.523
country,-0.34043309607,-2863080.75821
action,-0.340109578197,-61976546.2725
comfortable,-0.33971932802,-162794253.65
glad,-0.339402364817,-24240280.4821
join,-0.338945573179,-166886696.094
had,-0.338587658144,-53529.4201433
machine,-0.337736780355,-13108038.6233
meaning,-0.33611695284,-173866924.429
much,-0.335626789623,-3354661.08233
meet,-0.335378089518,-62387664.7092
as,-0.334615200631,-175556.816948
understanding,-0.334334737662,-334483933.006
#punct_!,-0.33347835543,-1092.75992002
less,-0.333417080611,-22101649.6
fall,-0.331998708806,-63435557.1729
grow,-0.331945343327,-235322475.583
cross,-0.331235170662,-171395513.773
style,-0.330945397086,-309532122.803
dropping,-0.330856966957,-537575532.975
girls,-0.328894123322,-30066908.1778
uncertain,-0.328770052398,-889468317.278
next,-0.328210630297,-17618567.4927
common,-0.327348652064,-119597220.341
bringing,-0.327194381179,-369442712.104
lines,-0.327113678988,-34178787.9746
sweet,-0.326455219241,-61033655.1537
staff,-0.326418784588,-68074254.4881
children,-0.325539190916,-2772409.75204
serve,-0.324388984579,-476064901.492
troubled,-0.324021466093,-377884682.137
road,-0.323959038033,-9512097.32273
lack,-0.323012718039,-288609310.731
tree,-0.321170617822,-42659330.6424
feel,-0.320940686751,-5895597.68108
dressed,-0.320765696086,-101404060.428
forgot,-0.318560994464,-170065055.292
himself,-0.318348294408,-1409217.07089
become,-0.317475101459,-24197037.0899
remembering,-0.317011549471,-438885949.862
wash,-0.316987078744,-370165561.126
wonderful,-0.316885209087,-26053694.0314
they,-0.316551491806,-35904.571245
brass,-0.316202235889,-149270332.819
suffered,-0.315916136053,-222472208.262
stay,-0.314912173741,-18246485.9901
laughing,-0.314623236193,-78446975.038
putting,-0.313606826418,-210238292.968
passage,-0.313443151645,-12094835.72
difference,-0.31334132412,-105569296.551
failed,-0.312666061523,-159673370.031
decent,-0.312472136757,-88110700.2403
school,-0.311758403761,-6504792.99713
re,-0.311644612028,-78698985.306
drinking,-0.31162877956,-135479789.993
american,-0.311248138882,-3614670.81158
duty,-0.310672497404,-61062874.7408
age,-0.310241264516,-53951061.6604
stranger,-0.310202277556,-86727073.2162
king,-0.309668603055,-74163173.6868
soul,-0.309424208919,-29014363.8966
these,-0.30888880841,-2802904.70729
enjoy,-0.307783642665,-143717752.339
sometimes,-0.307158660324,-21231673.6697
sight,-0.306376602067,-24913984.0222
bright,-0.305913203307,-22132591.6439
order,-0.30584484889,-33620007.078
by,-0.305363894,-347789.578307
relations,-0.304688710085,-195931277.059
visit,-0.304158831637,-52221556.7321
war,-0.303779569471,-492271.014574
come,-0.30343781191,-2480356.62803
english,-0.302107688584,-10691982.0871
seemed,-0.301854074057,-2671310.35468
lost,-0.301647613339,-36984234.0465
troubles,-0.301410474801,-736902693.82
admiration,-0.301376780725,-255313579.589
horse,-0.301344384071,-3341468.15853
minds,-0.300908205199,-140191483.516
need,-0.300436732987,-14990609.0109
use,-0.300330522027,-18846878.1222
needs,-0.299381738018,-443767324.086
peace,-0.299233611199,-18988168.5768
carried,-0.29901565741,-50778737.9658
reflection,-0.298999078055,-416373230.282
great,-0.298639697815,-2373014.95115
moon,-0.298331958083,-110882834.455
cry,-0.297908127035,-69449743.1053
bridge,-0.297854535533,-3973021.01856
other,-0.297774611595,-3003337.45769
answered,-0.297696351394,-6491597.61874
few,-0.297037441926,-5727666.86971
progress,-0.296314155278,-161310649.85
necessity,-0.294814895313,-581339978.665
suffering,-0.294382092907,-155458758.164
utter,-0.294254057964,-438515977.631
rolling,-0.29323842538,-413071296.892
leaves,-0.292282131578,-85584455.8045
kiss,-0.291761432354,-126453006.332
pounds,-0.291460994725,-41642908.3411
eat,-0.291320040828,-23439240.1645
cannot,-0.291237266992,-6358521.30829
best,-0.29070065252,-14264113.9424
stories,-0.290012610031,-111200061.13
ashamed,-0.28938972002,-294377561.985
cared,-0.288606709041,-355880431.613
lay,-0.2879406672,-10516707.0227
sense,-0.287924328776,-12404131.3369
several,-0.287698709209,-5378413.03964
partly,-0.287375079432,-313865549.451
fought,-0.286888220374,-331178965.241
owner,-0.286599607752,-180305263.801
women,-0.286483046645,-9014520.9261
speed,-0.285960552247,-126341570.966
shade,-0.285655733557,-260554963.24
turning,-0.285353823179,-90923834.3199
air,-0.284377933351,-5004316.1209
reach,-0.284303825589,-103072951.772
our,-0.283597292148,-720221.443591
imagination,-0.283288132237,-248408012.139
cool,-0.282996403629,-111135669.873
pleased,-0.282955835537,-72250069.5026
dust,-0.282653497531,-91050560.577
army,-0.282002812388,-4914351.61034
them,-0.281735944916,-282407.163625
go,-0.281515056626,-884605.696813
degree,-0.281403422088,-240297406.161
sank,-0.280876539509,-151977756.24
parties,-0.280692534227,-189766379.917
future,-0.280650348089,-35069770.7542
climbed,-0.280398409348,-71518315.6002
general,-0.279953828635,-1003347.58559
deep,-0.279596361122,-34597094.1631
imagined,-0.279258427032,-60398557.4386
service,-0.278025673778,-50739049.9307
thus,-0.278020285161,-28447717.404
white,-0.276878299693,-2498796.49136
presently,-0.276618381515,-11543471.256
built,-0.276225548626,-93136177.1193
passing,-0.275605767702,-251126356.134
society,-0.275166933891,-29529840.5203
closer,-0.274648346568,-65700525.411
wild,-0.273648965789,-35366152.6335
some,-0.273111014674,-914545.018586
blowing,-0.27308482346,-609363436.543
filling,-0.273035146277,-937330283.61
indeed,-0.272600618722,-6977365.46087
though,-0.272510745365,-1437783.20239
surrounded,-0.271998932179,-354537129.637
least,-0.271983684185,-12540536.8565
deeper,-0.271755516065,-292354509.608
laid,-0.271107737234,-46205742.5813
boots,-0.270961343242,-51599356.2456
spread,-0.270019761924,-64896444.5887
nearest,-0.269069393138,-417315191.105
expected,-0.268825088947,-61041976.184
heart,-0.268691567445,-8249016.72875
effect,-0.268109536405,-90390974.3081
seventeen,-0.267786362063,-702076685.4
bloody,-0.267498388327,-2094580.05663
stretch,-0.267366482681,-589161650.294
heads,-0.266862368784,-189599653.514
unable,-0.266569327558,-154027631.831
desperate,-0.265911624181,-439458878.206
judge,-0.265366689233,-38665136.9991
honour,-0.264283445734,-49517972.8152
shy,-0.264147221031,-392988773.653
fashion,-0.264112241388,-89894256.9027
times,-0.263761496459,-33287907.208
flowers,-0.263749848526,-82844633.1184
its,-0.26337786414,-1883621.49384
companion,-0.263039154921,-202772955.875
game,-0.262565971282,-21244143.4183
wrote,-0.261831965823,-40382888.6213
temper,-0.261805906559,-103201693.03
bar,-0.261607468905,-8612832.94828
losing,-0.261259671473,-676864042.47
ease,-0.260594388705,-227947738.1
gate,-0.260247045692,-7358242.1272
hour,-0.260240634932,-13195822.1264
nature,-0.259450971566,-23289043.2663
colour,-0.25880726017,-34288185.8483
change,-0.258745193856,-38807416.0675
honestly,-0.258468087041,-219324344.058
driven,-0.258236466962,-133298057.396
strange,-0.258185486714,-31102764.9979
often,-0.258184432793,-10725874.2716
yet,-0.257015305922,-2646797.42442
wondered,-0.256214796039,-32222184.1927
live,-0.254595700175,-17858400.6193
wanting,-0.254477584702,-173867447.493
confusion,-0.253269433646,-331010354.095
separate,-0.25278621601,-410728791.158
bad,-0.252114103452,-13470770.4125
own,-0.252009397312,-1928743.44724
blue,-0.251904936901,-14762520.2262
draw,-0.251487097265,-241303742.453
sea,-0.250813965763,-14769293.3036
begun,-0.250215495491,-123276231.543
rising,-0.249835939953,-180754764.472
accustomed,-0.249133972264,-446218269.376
long,-0.248304302964,-3330583.27268
vision,-0.248116418897,-206836098.509
fed,-0.24795664566,-204094655.438
distant,-0.247318969215,-392239935.878
not,-0.247241794843,-42510.5306224
hours,-0.246449349811,-25787923.3663
deal,-0.245731504912,-20779819.6444
intention,-0.245084044303,-98938906.683
church,-0.244726743373,-10736027.1142
bound,-0.244268929435,-99455047.7471
anywhere,-0.242644890968,-155272561.546
everyone,-0.242331174845,-19255758.3168
the,-0.242315025813,-3213.27057631
company,-0.24206443181,-5522940.14414
turns,-0.241921615325,-222653355.906
arrange,-0.240888694184,-455896553.635
before,-0.240154670433,-2655849.3059
plan,-0.239666164941,-22776846.3874
studied,-0.239496648282,-118527344.117
welcome,-0.23897107555,-200264413.009
hot,-0.238932238047,-16746836.2974
birds,-0.238460483715,-149473749.512
soon,-0.237105754858,-4986472.37769
mark,-0.236949259475,-624303.933095
angry,-0.236898503859,-48099790.3499
sixty,-0.236876236665,-261776135.034
lamp,-0.236593903794,-51746528.0908
dared,-0.236484917096,-254724955.61
dozen,-0.23606868801,-44737221.5979
kinds,-0.235610931078,-466925710.116
hope,-0.235068220199,-11099287.2344
feelings,-0.234446307747,-131738702.206
delight,-0.234180957955,-225417716.679
willing,-0.233939877125,-140887744.897
grass,-0.233908077787,-33939332.2929
nearer,-0.233802596124,-211796414.51
uniform,-0.233411750846,-83147166.362
oil,-0.233376568961,-47888358.3255
cook,-0.23326417901,-69170372.3342
spell,-0.232241852255,-535958752.041
kindly,-0.231224798966,-117629299.666
saying,-0.231133008915,-17524027.3033
conversation,-0.231070809758,-24594749.9528
meant,-0.230487534216,-20511787.6109
shell,-0.230465893561,-43253530.6086
new,-0.230160196389,-1851793.0137
everywhere,-0.23009193918,-338243063.762
hotel,-0.229933059424,-8553766.20849
offer,-0.229563003664,-47863753.8614
party,-0.229168940951,-12965508.0796
along,-0.228603972976,-5552111.49816
informed,-0.228265247803,-50792676.2652
rock,-0.227101242646,-37017284.1355
fifty,-0.226441933807,-34951403.5381
arms,-0.2253882727,-18953213.8316
fellows,-0.225321157116,-91671204.5294
tied,-0.224083209917,-72471523.7674
existence,-0.223834984421,-171994293.316
worked,-0.223737058366,-42799923.3008
never,-0.223464245977,-1019023.74073
make,-0.223333235236,-2295403.75795
picking,-0.223307302159,-378968216.628
described,-0.22310920198,-204545114.085
control,-0.222875659146,-80539556.4848
released,-0.222422858465,-247141299.69
sympathy,-0.2221981619,-129655799.319
trained,-0.221828082009,-271883830.721
daylight,-0.221738424094,-269632671.8
having,-0.221654156494,-8607141.04356
lighted,-0.221425735562,-49867652.5845
hole,-0.22131441706,-38791535.8279
store,-0.220907456172,-8017074.54259
almost,-0.220331185831,-5700612.28859
another,-0.220227513075,-3526406.41575
disappointment,-0.219908045716,-248192506.945
falling,-0.219087497957,-163644561.865
ready,-0.218955900441,-17395326.1665
strength,-0.218395252623,-33596812.9798
talk,-0.218081060382,-5975382.0106
instant,-0.217854737432,-43299329.8365
ball,-0.217745562161,-86083788.7623
spirit,-0.217568260397,-34137328.9232
entire,-0.217298210405,-58475447.8475
arrival,-0.216338933102,-144634555.561
conduct,-0.214361443886,-269740630.603
moments,-0.213331552208,-66280790.6635
cold,-0.213309857042,-7042870.72327
mirror,-0.213296619687,-125486437.825
received,-0.213189590915,-32864889.9309
dull,-0.212941717698,-110276065.053
experience,-0.212795872546,-23978967.1111
mess,-0.211531487448,-31119313.2145
thinking,-0.211321610541,-13211060.1844
relief,-0.210562652294,-71704455.8255
share,-0.210009206757,-133466490.083
excitement,-0.209831491974,-84932164.6909
promise,-0.209649299764,-94011511.9575
learned,-0.209549206688,-32650487.7932
ahead,-0.209303098439,-19358298.4853
guessed,-0.208349688619,-120487886.113
exclaimed,-0.208304766714,-10178008.9448
learning,-0.208134459095,-347314769.046
receive,-0.207847671097,-99224575.9883
worth,-0.207838477203,-1134412.90514
disappointed,-0.207751587638,-476926344.418
manage,-0.207605577723,-159905331.903
physical,-0.207551750194,-78404930.8314
which,-0.20702070306,-110549.769001
fell,-0.206830773297,-19120249.7454
extreme,-0.206668640032,-172857302.322
gold,-0.206650605014,-31420554.6983
says,-0.206484171887,-7314890.77912
swept,-0.205944377609,-99202335.3825
guard,-0.205641469013,-25767808.0779
pains,-0.205476442915,-325841928.386
led,-0.205437828159,-40641010.9862
fly,-0.205377304241,-21595988.6924
chosen,-0.205101259882,-205974604.22
sell,-0.204792516897,-100343614.097
dug,-0.204290686035,-30519032.9036
sick,-0.204092446707,-28182208.4169
liked,-0.203881953125,-15381244.8757
awfully,-0.203438593424,-79427224.7421
beauty,-0.203221519913,-16420986.3929
concerned,-0.202929205037,-64599516.2976
heaven,-0.202763871872,-30480406.3701
itself,-0.202437658967,-10536769.2304
shouted,-0.20217854002,-17184141.1156
plain,-0.202094769433,-76159298.2571
bring,-0.201221305265,-32431154.6004
moving,-0.200907174509,-30441161.0668
friends,-0.200774254383,-15845073.0904
appearance,-0.200741139015,-63876933.5812
rest,-0.200522222793,-20385167.708
greatest,-0.200299629873,-105294891.058
presence,-0.199482869161,-36810377.7276
sorts,-0.199475844901,-374397885.645
rush,-0.198970996067,-271042530.248
features,-0.1986948115,-242327344.503
marriage,-0.198584809809,-18536808.692
meanwhile,-0.198053876319,-48983565.2781
ride,-0.197996325375,-11316368.5075
places,-0.197676430499,-74897987.8523
market,-0.197654914633,-58563428.8683
desperately,-0.196768479225,-205235040.536
human,-0.196505176151,-3284277.03672
slip,-0.196410052918,-149701060.662
crying,-0.196190123344,-131903219.231
meal,-0.196102402739,-139646508.898
trail,-0.19547254716,-9008819.15882
bear,-0.195354349815,-64856563.9295
walk,-0.195249384467,-25527775.5026
purpose,-0.19511867135,-46618437.3266
loved,-0.194868859707,-11733247.2561
ourselves,-0.194417057583,-128108031.398
announced,-0.193843681323,-81673655.7046
shame,-0.193535650716,-79730604.6171
remain,-0.193306745669,-68147486.9232
hunting,-0.193111849305,-56783603.8725
concern,-0.192862732106,-157505587.338
beneath,-0.192667864909,-20106053.1055
bow,-0.192387763103,-73354627.0848
whose,-0.192215063536,-15494399.1586
beside,-0.19188807335,-8195074.6575
mood,-0.191415093144,-110503280.52
anyhow,-0.191378716869,-15509923.2455
might,-0.190862049277,-1560354.66593
neither,-0.190839583487,-49544759.8113
means,-0.190388347328,-10439789.4553
besides,-0.189696815058,-29565693.6391
month,-0.189116721777,-45051824.0956
french,-0.188765284149,-2102335.39594
grown,-0.188522659129,-129651187.24
line,-0.188480752043,-11304209.7866
ceased,-0.188193852516,-170721787.292
relieved,-0.188008493241,-153184338.58
explaining,-0.187865355843,-488726324.369
lots,-0.187789640769,-66508652.918
mad,-0.187577474294,-65596051.0022
end,-0.186683396393,-6454004.14937
while,-0.186559806104,-1932852.87507
occasion,-0.186484087446,-99248082.8929
fault,-0.186029402912,-147126809.862
pack,-0.185595323374,-60016480.1013
tears,-0.185200988133,-48930393.1449
when,-0.185112277898,-317898.599857
members,-0.184919182256,-45630353.4754
sister,-0.18456922304,-3814342.47799
cutting,-0.184418310669,-134894264.251
cheerful,-0.183983826229,-80274859.4818
changes,-0.183961594036,-612473096.595
fortune,-0.183488898102,-34051300.5202
single,-0.183222003926,-73674659.3359
tea,-0.18315599038,-10077371.083
worst,-0.182571493088,-100080603.632
hear,-0.18252814416,-6528505.34857
packed,-0.182211895364,-414731408.592
approached,-0.182021676321,-147555599.932
brick,-0.181449916694,-58260235.3092
eating,-0.181341419507,-50620574.6583
part,-0.181323667552,-15012974.0526
he,-0.18075360602,-7145.68619693
belong,-0.180144566792,-276478360.777
responsible,-0.179993607534,-177759424.617
hundreds,-0.179701905934,-408610876.986
dreamed,-0.179335258112,-425011209.292
and,-0.178644440414,-3703.61672347
am,-0.178534467018,-309728.352401
years,-0.178311877357,-3939246.48181
parted,-0.17799692995,-248964203.801
movement,-0.177443671109,-52922546.6528
shows,-0.177182836997,-334991247.33
mother,-0.177102588933,-1028602.28633
starting,-0.176832877104,-134380828.253
due,-0.176237783014,-130943103.379
fun,-0.176226327344,-51093408.5826
assured,-0.175913414784,-80057847.1164
consider,-0.175798969586,-48821001.0336
family,-0.175746039319,-3217903.2031
drunk,-0.175273105788,-23785740.5952
wonder,-0.174978885193,-35448303.1691
pictures,-0.173834287704,-16414781.9422
rough,-0.173710776608,-36304506.3085
shed,-0.173660543285,-91476670.0413
promised,-0.173631001172,-48853274.6653
escape,-0.17343586712,-49533367.4038
system,-0.17280376877,-52682690.8402
invitation,-0.172632302597,-114502300.693
conscious,-0.172154532144,-56900060.9598
brush,-0.172089125123,-13880116.5879
spite,-0.171731131133,-74905327.1702
now,-0.171010444936,-331385.683006
green,-0.169842292048,-10442586.8537
landing,-0.169652515504,-55084481.8166
instinct,-0.169652035646,-124267801.316
matters,-0.169650509328,-68905350.9878
apparently,-0.16962650387,-20533386.4124
youth,-0.169376226806,-22591590.3915
b,-0.16900212039,-14423588.4933
granted,-0.168960922291,-364964527.787
dancing,-0.168192907487,-61605173.7843
grand,-0.167893491455,-5285959.59546
waste,-0.167702296603,-177957302.987
#punct_(,-0.167574705305,-22951.530634
broad,-0.167029740924,-78547400.1594
aware,-0.166944869006,-13031714.9335
both,-0.166925310914,-6266822.61603
bank,-0.166211177073,-8132537.60206
finding,-0.16554240671,-155626329.705
#punct_),-0.165520930517,-22694.1679603
ah,-0.165364173853,-110548.433064
effort,-0.164908743415,-97679874.9397
becoming,-0.164301243523,-174497075.076
or,-0.164138926493,-220120.676002
place,-0.163720241237,-2455326.09922
raising,-0.163548527366,-484232674.266
inquired,-0.163200340434,-27123189.025
we'll,-0.163183014167,-6775725.28327
argument,-0.163065748862,-85905771.5261
creature,-0.162813632223,-26380697.828
wire,-0.162506293416,-41019736.6446
once,-0.162127740281,-2221884.20051
letter,-0.161431397806,-2453453.61398
thousand,-0.161394928131,-7273705.91131
but,-0.161324812033,-74647.6952597
caused,-0.161217876393,-129078606.886
charge,-0.16068894069,-36200318.8392
dog,-0.160261107505,-277902.040199
lose,-0.159334638716,-102375054.852
speech,-0.159269931206,-27857663.1419
footsteps,-0.159009143584,-138110562.919
strangers,-0.158933477187,-183878927.984
grace,-0.158722094282,-23200383.0953
wandering,-0.158023954953,-454179410.949
herself,-0.157874073278,-1983957.96528
trip,-0.157778007749,-47348319.0224
easier,-0.157645322079,-231087693.115
incident,-0.157339484455,-81122636.6185
raise,-0.157205419441,-143023139.443
most,-0.15681331726,-2181406.49042
helped,-0.156356266503,-97057825.2657
washed,-0.155655877191,-86322275.4516
deserted,-0.15564377299,-112734509.091
gay,-0.155547850343,-123342781.0
used,-0.155494628454,-5919417.87246
class,-0.155304648787,-33592377.8647
none,-0.155292870809,-25045385.0396
always,-0.15494632959,-851371.271395
full,-0.154701737884,-17297186.1419
comes,-0.154363515869,-30146360.0238
began,-0.154078155495,-1660508.60752
teach,-0.153643518183,-53383025.9683
wear,-0.152396285766,-24271174.2813
active,-0.152005270277,-481398644.38
dress,-0.151626760342,-9878878.64213
speaking,-0.15123517059,-29282987.8717
space,-0.150907969843,-33753849.612
deny,-0.15076530579,-262885465.945
should,-0.150532768939,-757899.282813
dim,-0.150008443204,-117368976.537
first,-0.149808312791,-2237837.65355
village,-0.149793546134,-8229485.67181
take,-0.149541957818,-1909880.8863
smell,-0.1492973433,-13608974.2028
bored,-0.148806808992,-148613128.226
shown,-0.148801131159,-115781336.654
marry,-0.148718796101,-6062987.45624
lock,-0.148316726869,-1832787.26587
notice,-0.148144099913,-27895760.0554
influence,-0.147873590011,-110675758.446
ancient,-0.147841781823,-47126225.7773
drifted,-0.147556218979,-171720719.721
prevent,-0.146851024173,-197493309.191
passion,-0.146530697015,-52910435.4485
people,-0.146430656854,-980724.061864
finally,-0.145924493519,-4822121.00243
surely,-0.145215562448,-21492163.5586
gaze,-0.144469828196,-45354840.8572
plans,-0.143749319487,-55057305.8823
wood,-0.143631471078,-8568568.7318
credit,-0.143424648199,-127468233.672
recognition,-0.14285804722,-251574645.475
decided,-0.142769270387,-13640250.4987
any,-0.142750040487,-918955.913359
buried,-0.142317519686,-54099521.0493
younger,-0.141168164233,-68849262.344
confidence,-0.140544645521,-90286259.613
city,-0.139313872696,-2847327.31577
past,-0.138321640836,-16352697.3863
read,-0.137587227208,-4335192.4175
so,-0.1375729874,-124682.811315
works,-0.137491450758,-14628204.8055
calm,-0.136861880565,-117310993.604
shocked,-0.136695369209,-115957510.135
haired,-0.136368911692,-103429354.744
persuaded,-0.135909470467,-84923840.7753
managed,-0.13466869211,-48156505.6417
quarters,-0.13461200168,-216834692.113
em,-0.134513381851,-4581405.03955
situation,-0.13450780251,-17849412.8663
attached,-0.134490951343,-115510259.981
present,-0.134137464471,-3520986.72454
pride,-0.133981353042,-33538662.1464
work,-0.133528439013,-2668432.83452
dried,-0.133139106249,-288815555.587
that,-0.132417252646,-12623.2800155
allow,-0.131779853205,-50606757.6049
awful,-0.131311167954,-9275721.90205
time,-0.131051168362,-613251.591947
fresh,-0.130781261121,-35605767.211
mostly,-0.130115899267,-77056991.1091
evening,-0.130069882949,-3461374.1946
wound,-0.130060894346,-62643305.4445
shining,-0.130034235628,-54865339.8175
became,-0.129312876431,-8280450.08443
station,-0.129242614154,-5114543.30798
terms,-0.129141661793,-52329616.3829
individual,-0.12890219343,-58867103.574
care,-0.128842507142,-8530780.3909
lift,-0.128707605569,-65409747.8818
exciting,-0.128235291334,-85965986.3264
sooner,-0.127845172041,-56932678.6318
then,-0.127596362905,-133965.807527
during,-0.126704262789,-7278314.70142
whom,-0.126697020313,-6335827.08053
close,-0.126259547946,-4625195.63343
fourteen,-0.125201098171,-16692543.4012
brave,-0.125057781525,-154448794.456
figures,-0.124622481115,-149162370.894
wore,-0.124322451422,-32839109.2511
return,-0.1243197345,-11351407.5815
pain,-0.123989323686,-20151325.4052
forth,-0.123468597826,-82093536.6803
side,-0.122361363939,-2202643.49261
listening,-0.121342402278,-39024765.7008
arrive,-0.121163933573,-118305039.601
whenever,-0.119864022661,-74020833.776
burst,-0.119496910898,-44889667.8258
called,-0.119174844363,-5438145.9139
scarlet,-0.118486355658,-75035479.7448
beginning,-0.118458656677,-18057259.19
satisfaction,-0.118373597846,-85259391.7751
joined,-0.117523647746,-64696392.5
engaged,-0.11714736537,-39852928.5232
dignity,-0.116755929431,-66063284.0375
state,-0.116724834157,-6757918.95101
f,-0.116398797575,-56530134.2284
knowledge,-0.11611715214,-11276554.3657
staying,-0.116033588502,-105430813.139
value,-0.115689757625,-33942129.4511
must,-0.115622628734,-414542.837333
rich,-0.115577549845,-40731038.4817
with,-0.115392108245,-87683.556834
grimly,-0.115326400335,-52263829.5693
roof,-0.114941998368,-61083758.7359
we'd,-0.113884309328,-17788770.4406
others,-0.113745133947,-3910665.74628
milk,-0.11363407243,-61629369.7472
example,-0.113610488697,-58899222.766
dawn,-0.113491931099,-25006003.7733
pass,-0.113097553463,-31037799.9461
are,-0.112949736068,-46091.8598236
friendly,-0.112880371209,-46803521.763
absence,-0.112787979361,-90250634.1645
handsome,-0.112575284587,-57651880.9613
god,-0.112568205601,-1835448.73238
test,-0.112383510782,-140442611.782
remembered,-0.11233190357,-9480290.99568
tone,-0.112064897466,-10674619.2688
attention,-0.111922784825,-18268872.5011
courage,-0.111752016696,-66595854.3691
visited,-0.111725180112,-192110362.679
hungry,-0.111663375592,-41218132.2564
ones,-0.111617884724,-26687385.2029
brings,-0.111045394247,-356201785.391
shadow,-0.110592573001,-2703263.02188
us,-0.110515180451,-322530.88324
quarter,-0.110190546388,-31486534.4987
seriously,-0.11007960971,-52487841.741
romantic,-0.109833101473,-123084674.127
night,-0.109792510437,-795310.978437
properly,-0.109739685957,-59245891.4435
driving,-0.109695545411,-24955458.0457
tables,-0.108634009064,-73583666.9312
retired,-0.108306986178,-53567045.1506
pot,-0.108108376711,-97320256.4474
accept,-0.108028160462,-48621531.5596
firmly,-0.107965320618,-56655515.6754
away,-0.107583441926,-1083656.67217
occasionally,-0.107403064513,-109132701.49
also,-0.107390633191,-2296636.81318
cap,-0.106598721801,-45575512.1822
ordered,-0.10534908214,-29699565.0865
came,-0.104920926309,-363656.68876
hard,-0.103797012184,-2363139.13647
daughter,-0.103245429893,-10550380.2676
happily,-0.102955542904,-186499570.172
hardly,-0.102234298201,-12405812.9357
results,-0.102041196128,-54244864.2875
practice,-0.101872369079,-73560197.5681
strike,-0.101848542385,-113848865.712
far,-0.10100083976,-4576092.63045
level,-0.100436647107,-29358265.5054
things,-0.100250396368,-884392.503802
we,-0.100077473364,-31618.3738248
sheets,-0.0999281881637,-128823499.557
today,-0.099923086728,-11524528.3612
confused,-0.0998621274801,-187036932.968
half,-0.0998145186932,-2747694.04499
#punct_',-0.0992428496854,-15.1619683265
into,-0.0992329909297,-288748.792904
balance,-0.0989235908959,-213356839.672
declared,-0.0987700681729,-15351593.596
acting,-0.0983131267283,-144456119.318
wheel,-0.0973745005019,-8498711.77402
counter,-0.0963892341722,-104189625.595
mere,-0.0958716508159,-7497502.43419
danger,-0.0958555091614,-13066842.2398
sold,-0.0956713529876,-85906769.6363
young,-0.0952902190467,-615867.174368
#wordlength,-0.0949255505263,-3.7200589946
drinks,-0.0949169946766,-65946049.6448
material,-0.0948096166772,-38524796.4677
an,-0.0946664461386,-107711.819562
thoughtful,-0.0945822014041,-99422541.0309
enemy,-0.0943149762939,-301533.381354
spoken,-0.0941042208856,-46176941.4658
fallen,-0.0939613710252,-33287708.3257
bewildered,-0.0937840453526,-199662448.589
plate,-0.0926663111289,-24678218.8353
view,-0.0925701348271,-13296730.1888
follow,-0.0925400471064,-19177094.6276
comment,-0.091869556174,-109621990.616
a,-0.0918532922373,-7358.05341948
#romannumeral,-0.0918288546658,-786716.604516
shirt,-0.0915504260254,-9587613.51938
after,-0.0909780682494,-932034.87204
decision,-0.0904374854699,-50997627.1369
previous,-0.0901627773367,-88134317.5297
feet,-0.090104884285,-1374811.51587
dry,-0.0900577712398,-27703873.0592
talked,-0.0899161733825,-9998669.87286
stands,-0.0896452090887,-242666307.457
respect,-0.0895810033675,-57289847.5484
makes,-0.0893003097527,-5700561.34993
meantime,-0.0888091089271,-30157213.5341
mass,-0.0887038980306,-94911008.2848
giving,-0.0886748629825,-32270724.9633
opposite,-0.088650273325,-45003142.4955
cast,-0.0884982376197,-28291682.9039
worry,-0.0884287521612,-14605961.7687
leg,-0.0881949759813,-8487496.12788
pair,-0.0880495383708,-15124715.1913
ll,-0.087900117901,-1467529.19344
daily,-0.0878206637211,-18850738.246
true,-0.0875100316525,-5726693.25451
emerged,-0.0873101214895,-57876857.6883
considerable,-0.0872442548317,-37117921.6202
#arabicnumeral,-0.0871805610385,-39736.8437381
different,-0.0870295539995,-6290452.42232
larger,-0.0869125734012,-231314239.356
introduced,-0.0866861240181,-78431728.3327
instantly,-0.0851884187332,-31902005.1624
self,-0.0847359029076,-3912225.07877
pay,-0.0846951867354,-7089147.18051
equally,-0.0846785254542,-83772712.2208
form,-0.0843987962332,-19521258.5584
passed,-0.0842427616987,-5864687.13925
luck,-0.0835887272382,-19537422.1341
centre,-0.0833265254598,-31312505.4935
emotion,-0.0831290368186,-44565833.5913
way,-0.0828715984959,-647914.557336
gas,-0.0823131342948,-20092393.9598
sergeant,-0.0822168880202,-238588.697309
recovered,-0.0816587883923,-119598017.59
fear,-0.0815655528178,-3386356.5272
bread,-0.081334319161,-6141029.73675
discovered,-0.0810157115206,-13785744.3662
enemies,-0.0808177406369,-12688849.0005
conscience,-0.0802637015098,-47473621.5473
real,-0.0802394351831,-1043784.90171
difficulty,-0.0800536097921,-20691168.8693
sleeve,-0.0799671813608,-126717186.562
twice,-0.0797675860086,-31022537.034
guests,-0.079370558162,-11796069.9493
length,-0.0793313500488,-43910839.9672
permission,-0.0789768376295,-111440288.071
vague,-0.0789305393989,-45377262.5426
habits,-0.0785883664386,-111883088.462
ways,-0.0785705159864,-46295007.5522
gathering,-0.0785462242855,-182708287.227
hoped,-0.0780222232528,-48353665.8491
silent,-0.0778810039552,-12624140.3573
pointing,-0.0777973574268,-138484873.069
trade,-0.0775183096537,-95266622.9903
early,-0.0772924601107,-12492143.9247
rear,-0.0768832848214,-17822539.8162
hollow,-0.0766607980121,-16269433.7386
useful,-0.0766174475703,-32919048.8356
number,-0.075954216158,-5361945.38431
awkward,-0.0756833108559,-67674011.1607
master,-0.0755169335616,-1402630.86307
foot,-0.0751115363719,-4082171.11177
move,-0.0747915993173,-6685765.8393
man,-0.0734588144715,-99845.6989236
however,-0.0730389226765,-2012953.21091
how,-0.0729499535854,-381130.736624
only,-0.0725544673277,-379286.372017
favour,-0.0725310759715,-24458268.2507
will,-0.0717910723233,-56594.7971459
word,-0.0716959874129,-4217854.19368
beautiful,-0.0714764970316,-6033136.35898
cards,-0.0713841346743,-13806374.2834
polite,-0.0713670427814,-74504598.232
protest,-0.0710052220396,-141243684.802
immediate,-0.0708656514538,-103872962.229
minded,-0.0706894021936,-62328040.7019
sadly,-0.0706588437475,-50037918.2581
precious,-0.0701722240297,-74287661.4325
supposed,-0.0701199386579,-8878541.00472
between,-0.0698868817701,-2126490.44747
force,-0.0694312488543,-7247777.8613
stop,-0.0692044835627,-4312512.02623
run,-0.0688353808567,-4523100.57514
shuddered,-0.068507788264,-165052724.136
gentleman,-0.0683463108033,-2521078.20606
happen,-0.067852845124,-3692584.45499
cheeks,-0.0674220943736,-33324163.6162
refuse,-0.0668425390927,-54065325.25
somehow,-0.0663935758439,-8498628.71854
mind,-0.0662796936975,-700899.506688
direct,-0.0661343938763,-28435433.323
safety,-0.0654687877995,-77848612.7006
gather,-0.0650956871006,-96419730.0618
cost,-0.0648515948674,-53230388.2171
explain,-0.0647080035446,-22029657.0462
heard,-0.0641916607188,-1287195.63004
established,-0.0640624538107,-112537899.188
advice,-0.0635037523648,-51517583.9619
rare,-0.0633743616228,-54098322.4244
modern,-0.0632192339575,-8480611.34366
approach,-0.0627557642945,-108298712.628
marks,-0.0625915233707,-24760245.6624
headed,-0.0625850535724,-21369540.7938
listened,-0.0625152756208,-16529303.6442
shop,-0.0622815778324,-13857236.4085
here,-0.0620559204766,-252315.677883
whatever,-0.0618531744993,-8187160.44779
fit,-0.0618438295918,-34581722.3011
useless,-0.0611679980712,-146679314.468
belonged,-0.0608028908388,-84539031.0972
humour,-0.060779658252,-38508771.2376
shock,-0.0605280334856,-22205577.9224
wondering,-0.06014996059,-30356171.4904
#monthoftheyear,-0.0600603813991,-180562.662703
realised,-0.0599699540023,-5556153.6074
lighting,-0.0598884919204,-166491186.895
together,-0.0596046177906,-2042786.10118
boy,-0.0593748974181,-456479.192359
#punct_:,-0.059258337413,-472.872185017
news,-0.0587393685183,-6857223.57951
without,-0.0585367968504,-1453286.22345
silently,-0.0584293312581,-37524645.128
tail,-0.0584115619863,-7386962.54169
trick,-0.0581906970531,-26017587.0051
heavy,-0.0573423144605,-6589663.94268
base,-0.0572252666859,-125922383.249
eight,-0.0563428128627,-8185442.65285
sent,-0.0563033202272,-3863534.57801
pretended,-0.0560222674281,-111853968.658
knee,-0.0557778158409,-42408562.8103
changed,-0.0557523072049,-18727451.5441
circle,-0.0546646292932,-29027311.9689
local,-0.0544365945852,-20161432.2918
truly,-0.0538602503698,-69456210.1225
drawn,-0.0538398753808,-29648731.1421
leading,-0.0533320010412,-37633947.679
gone,-0.0532992472464,-2434300.79619
curtains,-0.0530576054245,-54962900.5324
looks,-0.0528098365978,-10283687.1518
grip,-0.052247455616,-134973036.723
doctor,-0.0519483921602,-197710.766724
considering,-0.0518181518111,-80818532.9378
bore,-0.051732405092,-47546293.576
pleasant,-0.0515571988754,-15656203.8911
hearing,-0.0513861610791,-43648779.9502
dream,-0.0513072886575,-10048829.6453
broke,-0.051271313084,-9293575.05235
pages,-0.0508773966525,-62045285.8448
brother,-0.0507867417431,-1360692.74102
late,-0.0507732697148,-6510958.74324
everybody,-0.0506397353984,-219877.707826
treated,-0.0505394533649,-108673152.1
subject,-0.0505030014054,-5530915.16668
calling,-0.0503555458333,-29225039.757
happening,-0.0502791075685,-33841236.6571
fish,-0.0500999861392,-35192261.5035
back,-0.050035821621,-56707.611155
interest,-0.0498119190071,-4669844.45736
gown,-0.0495714208515,-18220724.9287
guess,-0.0495004846793,-1981213.41433
flashed,-0.0494208854434,-46233898.5927
alive,-0.0492298637271,-7407167.05091
voices,-0.0491722895323,-20000373.7342
easy,-0.0488037314972,-5828573.37684
like,-0.0482744170919,-67542.2708586
importance,-0.0481852189758,-23989283.682
drew,-0.047264431367,-4807949.28
background,-0.046218771103,-58431822.45
chose,-0.0457338545438,-42431260.5817
intend,-0.0457175509998,-83137557.454
blind,-0.045621210816,-43944163.2515
wife,-0.0455829067215,-796441.470507
difficult,-0.0454947419804,-7205926.73939
tear,-0.0454607530601,-159759410.694
intended,-0.0454259228919,-16538846.3797
fast,-0.0450561697459,-3756348.17131
all,-0.044979086733,-34062.9822519
later,-0.0448982421835,-1933724.1688
string,-0.0448679199282,-77968725.4078
bottom,-0.044793196187,-8426365.90374
paid,-0.0445660608029,-7765412.34113
mistaken,-0.0442386158087,-29193161.4904
ended,-0.0440302338589,-13199152.8817
burned,-0.0439139224095,-44800615.6527
nowhere,-0.0438066740892,-95083568.436
lovely,-0.0436657826256,-5174196.1005
board,-0.0425519365998,-8277154.21733
phrase,-0.0425187059064,-12023568.2726
otherwise,-0.0422509062895,-31721643.7943
judgement,-0.0420040858108,-54666181.9446
thinks,-0.0416167154961,-11483221.8231
de,-0.0415268451885,-1319275.03481
needn't,-0.0410177396907,-50653240.2288
t,-0.0407643685983,-39542.9321507
meeting,-0.0402858277509,-8622098.87893
steady,-0.0400471931408,-29832813.9378
does,-0.0399443516912,-552069.601365
anger,-0.0392792582949,-8040629.06836
recently,-0.0382376559439,-44258308.5432
covered,-0.0382042271628,-10365591.724
sigh,-0.0377239417381,-32118022.1077
necessary,-0.0374626306402,-17497700.7183
die,-0.0374524045301,-4088787.9122
star,-0.0367644652528,-8353848.38992
reasons,-0.0364552371786,-24671589.035
whistle,-0.0362157677735,-72236980.4046
favourite,-0.035882837037,-81243386.6939
double,-0.0350922605456,-17836691.5825
his,-0.034941850585,-3229.15032907
wasted,-0.034647299393,-57009704.7813
steel,-0.034562046103,-21168888.3248
manner,-0.0343359838727,-1856019.52604
wants,-0.0340445634759,-3282310.61135
likes,-0.0339927808447,-24859263.4417
according,-0.033698029698,-28039815.042
tiny,-0.033539502334,-16458187.529
this,-0.0332303633299,-30950.4235889
noise,-0.0329708498342,-6000414.34951
serious,-0.0325200057697,-7546228.81397
thirteen,-0.0318643060585,-147604014.154
anxious,-0.0318012401507,-10707528.6201
answer,-0.0314973208283,-2226682.7095
walls,-0.0307682872173,-6453864.56343
fifteen,-0.0303147686012,-3919170.45733
suffer,-0.0301917837462,-42018057.6336
copy,-0.0290302484787,-26435220.4265
midnight,-0.0281535156373,-14094738.8959
bit,-0.0281358496011,-329479.38966
laughed,-0.0281020756931,-1330553.04415
leaning,-0.0278378299395,-15481812.3289
lord,-0.027389595402,-71188.8483747
building,-0.0273716898866,-1493933.50871
spare,-0.0272821573829,-26062217.3367
choice,-0.0269808287402,-42394963.2609
grateful,-0.0266204205836,-24743166.9607
lie,-0.0263015376925,-10011754.116
walked,-0.0258077194481,-405667.190193
well,-0.0256243755294,-72240.6181908
needed,-0.0252604801156,-3297155.81835
faced,-0.0252331884978,-9231213.97818
provided,-0.0248420394031,-27786864.7809
nine,-0.0242864952189,-2237663.02353
sees,-0.0240343947919,-11010687.8735
servant,-0.0235749721952,-13564193.9878
lower,-0.0232269855231,-6477227.25756
getting,-0.0231503287079,-909332.793318
train,-0.0230823042457,-430898.201389
lined,-0.0229468917825,-25957658.1961
since,-0.0228946922435,-608839.178615
wherever,-0.0227478566037,-61217170.6621
#personalname,-0.0224185944082,-465.354000179
blew,-0.0223443628275,-9161345.81942
animal,-0.0220320542782,-11584453.9487
light,-0.0216382570994,-326827.518314
wet,-0.0214103903854,-2513872.60422
chap,-0.0207171861164,-609127.796271
ill,-0.0206520763232,-2853448.72244
made,-0.020051733986,-288132.376957
cut,-0.0197466841358,-1239507.19477
beg,-0.0191141326016,-4213078.32902
belief,-0.0183902088494,-8282291.13647
hide,-0.0180644793109,-2682034.99439
beds,-0.0180257667207,-44439567.7022
aren,-0.0178389666048,-3941929.09975
miss,-0.017660197136,-9028.63308838
steps,-0.0176559988747,-1324841.32948
carpet,-0.0174381001395,-6950976.74017
reply,-0.0170013121399,-4552901.89258
jump,-0.0168967111462,-12278229.2942
expensive,-0.0164276570485,-13582706.0868
fired,-0.0163923287728,-4192561.5783
blame,-0.015643129722,-14176253.4734
going,-0.0153194342077,-41732.5335687
body,-0.0148680693875,-324077.061815
ate,-0.0147067729816,-9025656.11867
cigarettes,-0.0142192075007,-2104580.11832
living,-0.0131407322643,-1066475.85857
patiently,-0.0129756588063,-19939228.9237
wearing,-0.0128645672147,-3840159.05286
father,-0.0128148275162,-36841.4736613
contact,-0.0127512496595,-9518122.27702
standing,-0.0127318304473,-1526072.07466
off,-0.0122013568944,-41344.8597075
dear,-0.0119590994184,-114440.856014
is,-0.0119288524943,-912.671208938
faces,-0.0117902567651,-3212012.42649
female,-0.0113899106382,-10618194.7677
through,-0.011330419449,-159650.689936
furnished,-0.0112223435941,-35622105.1403
black,-0.0107933593275,-124140.223319
we're,-0.010691688203,-422061.170862
believed,-0.0106453349462,-2258807.03958
help,-0.010509801469,-397116.381121
maid,-0.00942273137935,-1919877.89602
sad,-0.00924009028738,-4430216.53883
catching,-0.00894324720615,-28747295.1044
excited,-0.00806563555354,-2421072.07839
under,-0.00714827302343,-115235.926343
anxiety,-0.00602466710817,-3999685.77536
sign,-0.00523156329756,-1008057.88863
sake,-0.00491274338309,-1422466.42348
assure,-0.00484149884481,-1655678.68538
send,-0.00451860834026,-721635.799272
shall,-0.00446737503881,-33317.4047989
ran,-0.00446414990686,-231599.341678
fix,-0.00378077786188,-2474706.1653
pressed,-0.00345985014746,-1715294.54872
narrow,-0.00329454307882,-704587.38444
saw,-0.0032447579218,-47404.2342281
familiar,-0.002622186986,-1066404.54145
done,-0.00200480478057,-54964.0323696
habit,-0.00170661085103,-586713.49611
delighted,-0.0013560370027,-983782.364088
twenty,-0.000774314992364,-34340.9732333
deeply,-0.000717336253433,-222478.024822
torn,0.000844378958661,232207.12581
small,0.00104671194413,10817.3896535
accepted,0.00104738483265,502659.698829
bearing,0.00117040605235,1646402.29179
positive,0.00119817917489,952291.088095
tore,0.00145277945503,3288126.66432
quarrel,0.00227073319223,571690.161569
enter,0.00281007673584,3769949.89644
strain,0.00332647013403,4809706.90691
hill,0.0034394121125,199015.787664
hurt,0.0035455452403,370170.912358
rain,0.00417726069721,138065.88018
dressing,0.00447404967514,648642.119067
nearly,0.00458752524884,857771.478985
blow,0.00511916835626,5369548.66496
replied,0.00515034547849,102410.655147
buying,0.0052873497406,9747844.53398
career,0.00541890590318,5940673.02621
brilliant,0.00548125268315,4707512.37548
baby,0.00557404365145,87535.733928
secret,0.00566948108532,625722.3146
unknown,0.00586464899513,3155072.33025
jumped,0.0058721847174,1097537.25968
yard,0.0059520311427,482784.225323
drove,0.00597902064867,544314.180713
date,0.00608834622206,3015241.4206
those,0.00610834114492,54141.2526117
add,0.00614236378271,11319808.4923
colours,0.00656141330761,21712115.1364
perhaps,0.00707267822049,121489.70294
decide,0.00730633453204,3762378.71855
helping,0.00733545472641,10996354.8072
answering,0.00769914525888,24826396.1028
how's,0.00798104270687,7334942.87214
somewhere,0.00831659853688,799896.898671
following,0.00848459771967,1576977.30167
warning,0.00865909887427,7410572.05067
pale,0.00876951573242,1733680.19449
knees,0.00903042240778,2459266.00431
against,0.0091977161469,189150.021252
park,0.00940252153572,1123763.06426
runs,0.00982574036085,12569174.9779
ears,0.00986934921,3103750.53096
agony,0.0100018326394,21745289.2066
ceiling,0.0107937403062,8232899.51215
bowed,0.0111983876248,4699353.39416
o,0.0112939926181,20181.4619401
shadows,0.0114080870923,7473010.10371
course,0.0115585964209,62050.4604676
match,0.0120064100214,4121758.56895
brown,0.0120962351225,208918.146886
picture,0.012227142474,548193.338693
kitchen,0.0123069315166,465462.565868
making,0.0124241679046,1418270.76927
nicely,0.0124636292895,24867976.9203
wildly,0.0125631534388,28363050.5042
satisfied,0.0128005148685,7309117.21786
examination,0.0129295020465,3472502.23391
pen,0.0131282705944,9735753.62747
impulse,0.0136150729287,11063936.6674
chance,0.0138996025083,632159.42376
throwing,0.0143569288536,28869154.7493
series,0.0144651210603,14666860.6942
produce,0.0148875823518,1292729.247
noted,0.0148883387034,10468917.7418
flung,0.014913305234,8024915.39658
swung,0.0151468652252,2677239.94395
rules,0.0151506439865,46760466.9556
three,0.0152182377791,291046.808086
where,0.0152973262781,121599.855388
uncle,0.0155906570019,244522.480689
west,0.0167875669647,2629686.25804
taking,0.0167878157869,3064435.2713
size,0.0169946590775,8218106.46893
broken,0.0170590578912,3276037.61744
eager,0.0172992853767,14456111.9442
although,0.0175052063582,1293025.4491
guest,0.0177295652572,6077677.31174
threatened,0.017896751227,18143330.8857
lies,0.0179610104262,15949564.3257
mustn't,0.0179916938002,10056741.8397
hit,0.0181393476945,1219839.36687
tall,0.0189792369994,2726962.39892
further,0.0193460838648,2689238.12781
enough,0.0194444764191,306477.657137
gentlemen,0.0196185152369,4078161.55359
mild,0.0196507013471,31877034.1431
stick,0.0197463117759,4766835.41395
searching,0.0197777950092,51712129.5166
changing,0.0198565481003,75611831.408
casual,0.0204596126624,22347724.6209
peered,0.0208948097478,14640143.9056
start,0.0212320801931,2323176.47631
shortly,0.0215009254387,12330956.0767
smoking,0.02154547749,16328468.8479
met,0.0217846583586,2120547.37076
discussed,0.0218625545695,32597317.0531
weak,0.021881904858,18639885.9974
son,0.0218844090092,505433.437385
try,0.0219483387082,1186779.86441
already,0.0227665341255,1618656.4108
leapt,0.0231205733075,13734196.4042
bet,0.0231476620132,3675716.24498
given,0.0239307421891,1584750.58483
drank,0.0239356181659,6707124.34399
wake,0.0240742124634,6388738.36549
seem,0.0242040882905,2338879.43627
arranged,0.0243470770318,15410898.634
trousers,0.0243561265091,5209548.56731
clothes,0.0247880049451,1960577.89665
has,0.0252015426268,44641.5287388
likely,0.0261548438937,3320452.75173
cause,0.0264807115209,7597071.31893
bigger,0.0265031032499,14929882.8775
utterly,0.0266733922568,5346746.39702
hated,0.0268067584163,14038391.7004
painted,0.0269237942193,8394159.94958
practical,0.0273387537691,22287519.0781
#unigramcommon,0.0274392698909,34.7071673134
weight,0.0275528424436,18291789.2376
public,0.0286715227655,2617465.16567
visible,0.0287655315204,45556432.9532
square,0.0296036802828,3462738.57715
burn,0.0296418177085,27640296.9103
gentle,0.0296530630739,19478976.0402
split,0.0299721917752,43650137.3895
breathed,0.0303345217118,15304436.335
steadily,0.0307176907019,39020554.0417
fully,0.030773598706,9332670.71305
skin,0.0308842216106,6905660.45152
paying,0.0318145329885,29021307.7128
cup,0.0319989492185,5337623.82064
sort,0.0326234326943,474332.15133
dying,0.0332300550291,31825345.1979
except,0.033308115319,2135769.04382
considered,0.0333749802353,8756842.58618
damp,0.0336168830374,42269192.1183
breathing,0.0339085872985,16843191.0815
sleeping,0.033974999881,23993161.4321
even,0.0340987164989,215527.412609
pretty,0.0343646160129,1358231.57104
glasses,0.0344682391353,5755519.47138
sending,0.0347012793834,65487460.4387
old,0.0354774425822,38855.7805532
false,0.0355905256241,9029153.66472
visitors,0.035858153708,38076288.7197
bottles,0.0361472498034,39705081.7486
keeping,0.0366549073834,16044011.0385
sides,0.0367959983399,31379675.288
former,0.0376613213898,41008479.0538
if,0.0376767602685,44998.2035957
job,0.0376953729297,1194889.33916
struck,0.0383996790604,7168197.48214
pour,0.0390208263604,137219952.661
delicate,0.0391984793964,44334791.8897
doors,0.0403081408313,7719886.22383
gloves,0.0409681658739,17495345.6609
foolish,0.0413493401059,40528833.2663
notes,0.041391852671,11493528.102
patient,0.0417671832001,310551.785401
showing,0.0424046466921,32059307.9619
pile,0.0430061086937,64706822.8823
pause,0.0432146819952,13125004.1588
vanished,0.0445544575477,25447509.765
eleven,0.044779718036,15973457.7944
bunch,0.0449956746375,24185029.464
regarded,0.0451094996891,10813250.0755
again,0.0457032008587,258975.136949
collar,0.04600049282,14878744.678
possible,0.0461114697315,2393077.43429
watch,0.0469438603597,6808362.15945
evidently,0.0470166694882,12316586.8345
lifted,0.0470273904614,5241274.61587
bones,0.0470349946302,73767612.218
egg,0.0474580140222,66346078.3326
sentence,0.0476999633734,48985981.0549
eagerly,0.0480639944283,23676575.3728
crossing,0.04808063099,70136153.2603
begin,0.0484770471807,20278419.0973
miserable,0.0485290653595,53680646.8852
said,0.0485551339651,4125.58475088
fact,0.048715400804,1029435.63919
success,0.0487833091368,30242551.2956
shape,0.0491405122669,12658590.359
printed,0.0491606703383,133122734.495
hesitated,0.0493627817786,4280088.97375
rushed,0.0494038797931,23840602.4255
laugh,0.049722069329,5393817.92783
rose,0.0498588650293,3051641.455
ice,0.0498640824688,11187800.1892
amused,0.0498755718081,37804705.7306
terror,0.0503410411925,27925176.6538
step,0.0503586785667,11590775.4254
talking,0.0506878682093,2786891.15847
say,0.0508448938903,177584.966328
writing,0.050968023156,11473390.7481
connexion,0.0512890248405,33554463.3733
required,0.0516980172792,105992567.805
because,0.0521110569747,194118.942817
property,0.0524235904725,31916784.6228
delivered,0.052485420308,87084432.7075
earlier,0.0527408752992,36093452.8309
very,0.0532693904558,41536.4293054
fellow,0.0536029722606,1441948.42278
seated,0.0538230342336,24616883.9892
shoot,0.0539094619396,9741660.45065
bed,0.0539273755814,1376869.93483
panic,0.0539540444738,43726654.2283
imagine,0.0539557029891,10685337.1613
horror,0.0547307059213,23214958.0795
large,0.0550083808364,3645138.19017
sound,0.0550996968523,2149153.6648
seen,0.0554132901705,2333095.17025
thought,0.0560173836206,301087.845591
child,0.0562183288692,678792.582138
smaller,0.0563866565065,74533406.0151
object,0.056573010097,10169222.0845
surprise,0.0565987373712,9634649.62342
over,0.0566136930771,216841.86628
continued,0.0566900281078,4036352.19444
nerve,0.0569770904349,67395839.7558
sixteen,0.0571214649684,45427796.8104
breakfast,0.0571748483329,11284206.9626
written,0.057230637078,7059755.74848
reasonable,0.0574369223077,35667478.2324
pressure,0.0580362043309,48914905.8801
swinging,0.058146468859,52339586.1957
sure,0.0583523537029,742901.711736
newspaper,0.0583528881466,28277004.3086
remind,0.0583835636003,186163575.492
fireplace,0.058485210253,51331578.5765
understood,0.0585268412533,20055437.0068
ten,0.0587841017215,1647283.75256
enormous,0.0591172649257,46214800.5725
pity,0.0593636448796,23425180.6449
charming,0.059429034475,35690382.1339
movements,0.0595655612139,17089681.8338
blood,0.0595723879216,8617836.04804
stone,0.0596304497515,8064936.92382
therefore,0.0597337957009,2623721.65273
highly,0.0609953587119,43741396.103
hospital,0.0611625642414,1101691.39006
page,0.0612875520362,11293246.7614
impatient,0.0613257817553,160795756.571
there,0.0615763544106,36443.8434138
st,0.0620132304916,3012915.58116
dinner,0.0620995212151,2003908.35955
soft,0.0621839536091,6004330.71372
unconscious,0.0630827953014,68780165.5087
special,0.0632636218611,15711381.8077
argue,0.0640358506056,173649405.316
do,0.0643543287884,81610.4172954
affairs,0.0644883891062,33648016.1625
darling,0.0645294072238,4429849.01213
odd,0.0645934644625,10693541.6874
law,0.0647029728186,6723758.27206
lately,0.0647859489162,102388344.876
unexpected,0.0649804916335,49339704.3212
calmly,0.0650962533577,134425074.792
inner,0.0652223972733,30218425.4363
stirred,0.065323091071,87760617.3769
crossed,0.0656571063456,13387351.4318
slipped,0.0667152462341,18146736.0793
him,0.0669087772371,30901.8953722
either,0.0669428517277,5161811.71136
purple,0.067092594082,55019771.7483
third,0.0672043763863,19001408.596
give,0.0687926453205,1719894.83128
round,0.0688642630082,571430.360331
boys,0.0689810697121,1860718.72628
discuss,0.0694595511154,60014661.2974
house,0.0696462703829,298452.833153
tells,0.0698015981267,74134356.5573
price,0.0700615527589,3250556.8053
seat,0.0703069922009,6473193.6341
probably,0.070537444503,2972308.67937
it'll,0.0707624166068,26582607.0361
coloured,0.071035248767,11684691.1066
expecting,0.0710612601833,99089755.1512
account,0.0718792709618,12102232.6169
taste,0.0721894743268,23687301.5468
pink,0.072305552948,16564453.5067
whole,0.0724026590827,2356565.0945
dark,0.0725673660678,1403236.88845
sudden,0.0728676497174,9427364.35514
events,0.0734308615652,25215370.9228
grounds,0.0735242066641,60258182.6993
touching,0.0736616196978,212369377.42
condition,0.0745977062775,30545782.335
silk,0.0746537567673,30556718.38
proved,0.0747488813568,22750863.7814
post,0.0747704933002,14869570.5232
breath,0.075061403162,8477701.17907
thrown,0.0753041173042,68715645.9238
period,0.0757921349527,32103499.0868
arrived,0.0760444956071,8935835.99906
loud,0.0765713509264,22798382.9769
trembling,0.0766212389392,59485070.7685
i'd,0.0766769295037,482439.043315
driver,0.0767372928946,20885266.1457
chapter,0.0767599341139,3179395.59236
front,0.0769955688371,1063918.1109
insisted,0.0771248334767,55130311.8929
moved,0.0773906134374,2575679.30964
yellow,0.0774272482949,6266664.37588
words,0.0776003538024,3135919.51357
slightest,0.0778867379463,159780756.886
hers,0.0780151069127,34900455.178
prefer,0.0781882688088,61151022.8805
lady,0.0788030948564,173364.586935
showed,0.0790705081766,9258582.8026
row,0.0790919256095,21038098.7539
careless,0.0791389929839,172587223.328
m,0.0792547883243,2056345.85692
generous,0.0794152804646,85448521.7822
character,0.0794384025051,20487998.9674
h,0.0794496792799,14044934.7818
laying,0.0798162173288,170792050.07
extra,0.0801111640778,53112305.6486
helpless,0.0806029534354,106949708.548
position,0.0806872381933,8198467.13369
ugly,0.0813067675141,48633655.387
inevitable,0.081323058612,201405626.001
bone,0.081766291354,76155243.9813
indicated,0.0822127344503,32627815.1337
quality,0.0825116464541,45994409.0874
explained,0.082648085295,8445330.71006
intelligence,0.0830540756552,51542404.5013
attempt,0.0839488410821,21386891.0977
latest,0.084067479648,168248637.982
examined,0.0843849544522,25475376.3385
wall,0.0850105675877,3815941.34347
little,0.0854273864552,151616.479832
iron,0.0854961228105,10210567.6452
fool,0.0855325309562,13616767.3412
push,0.0856238251293,87194139.1144
worrying,0.0858095828715,119939431.272
let's,0.0860792902611,4098227.21402
produced,0.0863328633013,26473670.7141
dining,0.0866513931792,12825708.7278
mixed,0.08678568344,70256334.677
fixed,0.0868476716352,56183948.9302
immediately,0.0871110494935,8051975.26699
delay,0.0871367649478,55875384.938
quick,0.0878040198692,9813410.2956
cars,0.087938013425,13827912.0397
save,0.0882430701448,21566284.0079
annoyed,0.0882603274989,93228534.1539
letters,0.0883995514262,2874792.7306
cover,0.0886736710494,25501503.1423
opportunity,0.0888084243389,26017044.7442
certain,0.0888753889514,3316397.40242
prepared,0.0893388772352,15320331.2665
gravely,0.0898134272422,43382981.5023
badly,0.0899329952256,54278001.3813
flesh,0.0899379097888,55586390.9513
sounds,0.0901173721428,37470772.2145
fashioned,0.0906721929807,105719573.441
bitter,0.0907375227967,74883144.1382
fond,0.0922231446969,21985245.6921
leaving,0.0925032680933,30295443.0899
heavily,0.0930091598837,41300910.5688
she,0.0931943639576,4841.18787235
politely,0.0932924619738,95710813.6283
hell,0.0933873883267,695327.339052
wrist,0.0944615906356,52599437.0415
extremely,0.0947889559238,13532478.4
including,0.095054084361,43608210.6199
advised,0.0960103821266,297144164.835
scream,0.0964533365121,48038138.1418
smart,0.0966003795988,21564853.8884
around,0.0967726284662,171909.14218
band,0.0974221893582,38013536.7079
suddenly,0.0975034050044,2177309.55418
your,0.0976211360863,128069.933722
bird,0.0977104400141,10544682.3601
natural,0.0978238375832,13759343.8174
protection,0.0982182150109,119224597.905
suggest,0.0987075371277,43915941.816
just,0.098884242409,142087.236473
easily,0.0991785900087,24229170.8168
joke,0.0993826679604,40588575.906
bath,0.0996551139575,23888453.6759
heels,0.100340811752,45436132.1157
forget,0.100552588776,28562233.3316
dare,0.100587739825,32164498.0302
defence,0.100756543065,49041314.1855
problem,0.101346443499,26318642.8318
alarm,0.101752917029,49784843.8426
sensitive,0.101804758123,181545140.79
silence,0.101862743347,5900210.69129
shelf,0.102010244545,150941421.853
refused,0.102262723595,45398713.0505
been,0.102306891103,178183.167765
absurd,0.102520711755,58526936.9184
middle,0.102626795031,17080910.1587
morning,0.102930680083,2029858.03313
audience,0.103374648455,60963865.0976
grave,0.103852350401,384555.064877
weapon,0.103938325715,21037108.3476
#punct_,0.104443226338,204.436390822
description,0.104601646482,121808280.124
quietly,0.105233614164,7134531.27311
pleasantly,0.105477998693,140448801.676
mental,0.105687348829,95317206.7927
collection,0.10579154536,152811258.059
traffic,0.10631940554,69741535.9996
clerk,0.106533065836,35096621.475
drink,0.106553194598,2561335.67731
no,0.106562195587,145920.539993
up,0.107010427454,59546.5188849
raised,0.107470721296,16832831.9198
inclined,0.107572599017,45126401.9966
request,0.1076419985,79965424.0447
stretched,0.107667861749,82114418.4454
sitting,0.107915186266,12137736.3626
smelled,0.108263763886,117337241.662
height,0.108451913977,63396149.7481
genuine,0.108505866509,55176643.1115
drag,0.108757193846,151393939.183
ridiculous,0.109354927421,53761051.5945
sit,0.109457686536,17763935.7511
reflected,0.109487088456,104609487.707
get,0.110433496616,139118.257534
rolled,0.110528749845,34501786.2475
down,0.110779103293,168299.600187
hair,0.111328631848,5034420.06197
nobody,0.111328986615,1328906.78456
upright,0.111440548902,403590585.674
stained,0.11204735015,199322568.422
short,0.112051921177,934232.141531
curled,0.112195635832,215099615.01
her,0.112513336542,6895.30950847
somewhat,0.113082636677,18788742.7386
big,0.113349181166,665500.567995
describe,0.114139319283,136792338.584
who,0.114947081538,359729.006403
wise,0.115023362989,36529293.633
vaguely,0.115376198344,58251301.3153
devil,0.11611758011,23698357.8866
catch,0.116739653247,27106665.0403
court,0.117120310373,7963461.1117
advantage,0.11721926259,195751228.331
famous,0.117351056742,59232085.921
eh,0.117821621842,6244875.30313
greeted,0.118562584497,130303071.897
pulling,0.118593674412,89118286.2737
lowered,0.118770308873,73525591.3327
knocking,0.119072980217,390629454.95
painful,0.119275480809,158384928.561
finish,0.119328316901,145714810.489
takes,0.119518802693,73816063.8413
neighbourhood,0.119612902136,57480775.8646
childish,0.119662392859,316244874.855
cheek,0.119732393271,77854132.4844
addressed,0.119759936507,94755566.6645
drawing,0.119787314964,9784256.99381
stopping,0.119805512384,218334865.169
reaction,0.120035485979,125832807.584
strangely,0.120483863829,238980792.255
absolute,0.121121486446,230559241.249
justice,0.121427327472,39569495.5867
planned,0.122036918984,62354661.6139
held,0.122307770027,3141407.45232
talks,0.123870326603,235164571.853
hung,0.124223770419,19781566.0385
books,0.124409283714,12462691.879
tonight,0.124674200588,8913141.14028
authority,0.125200485092,105539882.406
arm,0.125562051063,6737907.8149
hate,0.125627452765,25864070.4288
playing,0.125636645322,47814269.4257
two,0.126089409986,855794.613335
play,0.127132364663,9454745.70558
asked,0.128012765582,329399.092337
final,0.128088362541,76840326.4845
naturally,0.128150277096,5177484.10679
aloud,0.128465695288,115335943.435
stock,0.129202276115,29345092.94
lot,0.129348915287,2301841.92523
hastily,0.129459606023,93167010.0276
did,0.129532024088,290022.263739
impression,0.13039390505,20245325.9941
flash,0.130960656506,59147961.3816
rooms,0.131122195063,26595638.7241
couple,0.131242283755,7284030.99727
trust,0.1315530008,25233733.7546
watched,0.131824793532,11571355.7094
poor,0.132481297845,5421758.68105
twist,0.132502780771,485341759.43
lights,0.132828489924,9281892.23104
formed,0.13294147953,217679667.195
foreign,0.133301787981,42848773.3077
reported,0.133893081349,72885494.5471
smiling,0.13404821496,27102863.5228
book,0.134634931435,8674117.42877
press,0.135341207302,50626264.6189
definite,0.136581260527,135822993.168
evil,0.137055590956,33377580.0396
stood,0.137197457305,1994227.44787
realise,0.137275587818,27657191.082
pretend,0.137281665979,196665396.707
unhappy,0.137835188786,105187163.294
afford,0.13797331989,103928763.995
polished,0.138081806474,220074475.065
bag,0.138190157737,27066697.6481
chest,0.138427024556,27578184.2415
afterwards,0.138593870727,25713224.483
tomorrow,0.138876064456,11932948.6768
really,0.138923654071,724972.506655
windows,0.13924917606,12461173.1323
affair,0.139321576928,20902668.0685
stayed,0.139413886187,49997194.2455
using,0.139469599048,83401416.9523
appreciate,0.139862347098,265500596.473
yourself,0.139898104157,14179907.8415
tie,0.140796177054,82987493.0983
east,0.141163084114,47506128.4211
fifth,0.141431430251,70184784.0956
crazy,0.141459782681,25667863.6178
one,0.141824039094,277702.174741
coat,0.141847148619,5438876.34073
reached,0.141981078673,6411070.55699
they'll,0.143052307148,37048049.033
please,0.143586016705,6505874.70499
nice,0.143633587548,2298191.4935
settled,0.144109803826,68789029.7978
strained,0.144183048865,274093741.161
break,0.144466626328,45667603.9491
throw,0.144664491886,96046495.2519
gives,0.145142640561,151080558.935
#dayoftheweek,0.145651778436,1230026.78841
conceal,0.14570300073,197226214.904
unpleasant,0.14578453495,178088621.3
expect,0.14588355018,37969449.4806
she'll,0.147094746729,51350426.8307
last,0.147436671921,2280598.03716
shooting,0.147800791181,27746150.4256
beating,0.147856302282,218273670.461
tongue,0.148047764214,38106609.5739
fat,0.148060965364,4056710.56964
appear,0.148080871034,51220535.5951
clean,0.148432673907,28201055.2218
girl,0.148446921848,1163158.42501
ends,0.149150824674,186390990.122
hat,0.149604387029,6651912.13518
brushed,0.149610778274,262111028.455
stage,0.14996103913,34062656.2578
wanted,0.149966408137,2176467.66695
gun,0.151620244542,1342539.28143
placed,0.151847638088,26433480.5374
seven,0.15187589035,6829983.8527
taken,0.152223814565,4621335.09945
careful,0.15224460365,41642589.2979
thing,0.152284702037,1112713.58084
grey,0.152452417542,7365987.34444
forced,0.152650026221,54831115.3992
mystery,0.152700783802,50452092.8171
named,0.1527982262,21900963.7441
sensation,0.152909803771,230161603.89
stairs,0.152927850524,8254279.34333
yesterday,0.153942396542,19291928.7953
tightly,0.153962042031,205862742.172
ideas,0.154293031267,66134780.0885
thrust,0.154789285937,82297952.5283
sprang,0.154963173383,141546565.379
forward,0.155906984819,7633915.06356
unfortunate,0.155938950287,127917931.101
bench,0.156207161722,187434349.204
path,0.156647308485,9571362.78965
puzzled,0.156720643978,87467165.2065
faded,0.158310847113,145315247.075
smoke,0.158369423719,15201558.0038
hurried,0.158436598802,49405638.6235
bowl,0.158695468755,201629198.638
shoes,0.158780182537,10834486.8354
insist,0.158798464201,411930850.208
empty,0.159059074535,17407663.4088
pipe,0.159546398298,27809143.3538
doubt,0.159758055859,9597583.73169
pointed,0.159859609717,43510669.0846
hidden,0.16035750642,62362612.0577
fitted,0.160481309034,278875338.692
four,0.160755150698,8129502.32897
rapidly,0.161157595298,76791406.5758
risk,0.161279634718,89903377.3351
frightened,0.162236305774,31272428.4572
handkerchief,0.162315710132,44126558.9408
twelve,0.162561471021,47953508.0618
thoroughly,0.162671474042,171709649.049
slight,0.162714853027,50605357.5143
avoid,0.163297242395,217975341.866
ought,0.163591508476,8504615.39185
busy,0.164235980014,56592425.3945
loudly,0.166313203082,90379070.5373
violence,0.166534601523,243730862.975
demand,0.167452568054,148369837.081
sensible,0.167525073008,195669963.201
have,0.167688898144,86942.6741043
goes,0.167695828487,37996584.8998
chairs,0.167805797445,79825159.0897
finished,0.167858164049,16817606.4982
found,0.168186263954,3405740.29087
opening,0.168630420944,112208559.951
important,0.169003170268,19267321.3136
forgotten,0.169564576594,40620933.3359
cried,0.170227657043,3894142.80439
shoulder,0.170267616797,19241888.7066
motion,0.170499987771,75490402.3379
repeated,0.170774066386,50951299.8917
yours,0.17080206568,78726159.5161
oh,0.170864120166,453483.494905
speak,0.170902102833,14791703.1411
wrapped,0.170957907561,155701949.807
garden,0.171153233838,8391091.52784
legal,0.172474165245,37347305.0457
upper,0.172524752442,85620391.2586
husband,0.172585538377,4064771.12211
gets,0.172627704063,32104576.4787
newspapers,0.172723940832,184274476.824
remains,0.172770341189,167596165.727
played,0.172893062327,66804701.4968
wave,0.173027406215,295468790.376
rage,0.173300205599,68810528.6912
keep,0.173573210803,4466775.52506
address,0.17406591674,48404347.6824
attractive,0.174390402809,199781102.212
ear,0.174446838038,73757142.2045
trouble,0.174705218087,8968123.64145
alone,0.175722349162,8809423.49645
breaking,0.175864624414,355389733.018
acted,0.175878607227,235587811.097
perfect,0.1766161593,62024338.7388
quiet,0.177727280274,13501930.9115
pure,0.178278134094,162755127.324
red,0.178483979154,7833816.64352
nerves,0.178856008689,117476822.394
operation,0.179094257816,7223344.26633
beat,0.179531524172,53565278.8635
lying,0.179722967248,21282762.5546
hands,0.179809739635,2405302.00545
directly,0.179883478699,62450276.0312
reason,0.17994524045,13750697.7813
thank,0.179968141334,6338650.24928
faintly,0.180176843885,192807304.871
obviously,0.180331364696,56859158.5552
assumed,0.180461136885,152488637.59
roll,0.180769302268,76415372.4717
puts,0.181133280375,256441363.575
caught,0.181193939827,13095019.2231
jealous,0.181639104162,88165767.6826
maybe,0.182351259053,1490911.55374
slowly,0.182512475654,4618241.06124
everything,0.182619183573,5477874.25278
knife,0.182654739053,2740249.03097
crack,0.182959646525,67428866.1158
rested,0.183122543497,256038347.128
moment,0.183585794723,2053305.21083
coffee,0.183815478072,6211776.15058
attend,0.184988714418,258345562.652
opinion,0.185026228532,22871435.1415
particularly,0.185027759647,50199006.1152
pardon,0.185080796025,94948402.8888
lucky,0.185242604172,66707654.5756
returning,0.185370654826,170966568.157
we've,0.185605133387,7632939.45259
kept,0.185974687687,9054640.89348
message,0.18620008541,47001782.7833
particular,0.186460621614,45715751.8912
handle,0.187031691311,90826622.5067
servants,0.187271576336,36598522.6711
rule,0.187285604766,135930756.252
glare,0.187607246837,592564250.407
cheap,0.187906343707,86288756.7722
interested,0.188194083318,32165898.2908
waiting,0.188219689586,16501712.9458
record,0.18848308933,63230178.8357
swear,0.18859421995,179088759.035
corridor,0.189268538917,9859567.42761
stumbled,0.189314395077,702345229.847
six,0.189580749225,17766269.5753
examine,0.189620445432,182180903.842
marked,0.18985010549,173354352.258
right,0.190049140054,566366.443297
drive,0.190548082178,8914287.57649
happens,0.190610899516,110381762.269
point,0.19066596918,6065093.50187
drop,0.190923284899,54228402.9447
names,0.190993145691,89670903.8576
shaped,0.191140271768,305672406.369
plenty,0.191472051983,28497478.2676
treat,0.192251777759,403404300.793
matter,0.192422056531,8996190.13888
hurry,0.193401514595,82394054.21
waited,0.193648983392,21778002.5502
thumb,0.194908361822,59426246.8382
signs,0.195173453455,339377165.017
thanks,0.196225590914,18675146.0181
certainly,0.196802320596,5830089.17265
quite,0.197171206548,757229.391871
furniture,0.197336985462,169543659.553
sufficient,0.197787560337,266532934.772
nonsense,0.197859944888,47407522.6772
neck,0.19787677038,32759114.2309
dirty,0.198347663296,51203876.6045
letting,0.198865159626,136141637.557
discover,0.198906855926,215220214.192
disappeared,0.199137877908,69558932.0328
triumph,0.199541293578,302871963.031
entered,0.199552999681,20716450.4753
trap,0.199839247593,165248978.916
valuable,0.199881963276,247087139.284
honest,0.201086574744,90940909.2891
#bigramcommon,0.201113006611,204.045497008
briskly,0.201892205737,150433806.896
uncomfortable,0.201911450041,128207605.625
entrance,0.202790647244,72408923.5212
knowing,0.202874876468,56216229.2456
cheerfully,0.203138984474,262445791.152
entirely,0.203218976691,76239992.4403
enthusiasm,0.203430398486,328044311.386
perfectly,0.203565395766,17186047.8803
exact,0.203592390107,144529895.801
forty,0.203775873953,46533247.9419
removed,0.204322455512,93182134.0612
simple,0.204559694981,68606088.9774
anyway,0.204567075397,9622325.07272
smiled,0.204966163937,4424770.39837
whisper,0.205236638919,2531611.01508
stuck,0.205299209021,32565665.7899
weren't,0.205731438924,39653888.0696
pushing,0.205842191268,338311226.894
escaped,0.207447935706,164958392.494
o'clock,0.207815882634,11062418.3327
ringing,0.207851964638,536533386.422
card,0.208434128743,15171661.5763
questions,0.208674296637,37047009.0999
picked,0.20870478912,7300599.713
until,0.208822888451,2250717.84657
barely,0.209218249497,196324382.039
impossible,0.209370844678,34337635.7785
lip,0.209443797687,42929332.7006
d,0.209461717677,382277.589039
inch,0.209986041127,119873651.456
pencil,0.209992432933,89299801.1067
reminded,0.210342728256,211928587.34
attitude,0.210823854051,44392938.8495
touch,0.211188230562,47726535.1137
elbow,0.211308066495,144516015.014
interesting,0.211431277673,32369195.1143
various,0.211681422432,93896960.9662
started,0.21202087492,2880873.37825
wicked,0.212701006581,306596862.445
warned,0.213027486848,130681701.294
chances,0.213096046701,418910516.612
library,0.213179254404,16670229.8486
legs,0.213610783366,20819457.4478
count,0.213802706159,80862979.2957
i'll,0.214982283438,1384757.20737
waved,0.215226815156,60068521.9146
tough,0.215468942642,24828387.0227
connected,0.215664562732,102732423.64
anybody,0.215984255391,4731026.92226
dangerous,0.21598782652,55997664.3589
agree,0.216130888266,99465258.5413
palm,0.216309192554,213005860.731
tossed,0.217899403739,63192799.4458
admit,0.218516912665,47365437.2147
policeman,0.21906339177,102025657.765
what's,0.219336371784,6877395.46804
slammed,0.219588758864,219844493.716
telling,0.220811191048,30027607.7838
doing,0.220901424423,13968988.006
bathroom,0.22110687155,26263409.6572
stopped,0.221481765113,6928196.19999
dropped,0.22187436712,12740450.7781
note,0.222271165647,28082690.6871
fourth,0.222974171459,124995651.217
turned,0.223462912842,1821985.67547
bill,0.22382454528,867439.666429
closely,0.22382698516,147346507.822
capable,0.223971641872,223337737.387
softly,0.224282533532,20620672.3573
club,0.224399160767,17982470.4229
knock,0.224720279573,194860323.349
believe,0.225074058578,4895252.43954
lead,0.225501642129,137211891.916
clear,0.225578989759,25781974.5411
there's,0.225596368352,2498730.75487
wide,0.22635540321,24130225.804
slightly,0.226525407435,35749230.9458
knew,0.227189679384,1117720.5506
see,0.227439918932,973576.138575
returned,0.227666361609,8942647.6072
find,0.227820654996,5802418.88297
tap,0.228606579899,272396223.54
quickly,0.228617777474,7874939.49317
excellent,0.228677449463,88779085.5055
recognise,0.228816004303,179717495.862
rate,0.228922132625,66230508.2582
surprised,0.229938988446,57065143.0217
minute,0.23005451396,6762259.46686
brief,0.230444413722,87463761.3955
sugar,0.230800375048,89797289.9472
anyone,0.230992837388,10767049.2948
involved,0.23144673466,111061038.133
calls,0.231966558394,125093426.094
somebody,0.23202155876,3601606.30273
can,0.232135962894,693883.007445
trace,0.232424032833,174019288.221
terrible,0.232669453881,67730224.6606
seems,0.233190237416,13399559.6047
eyebrows,0.233251708778,91628072.6185
seconds,0.233368985166,67801138.0376
agreed,0.233763691533,17104037.5701
remark,0.233802817843,120316279.173
too,0.233921088451,1259176.86112
wooden,0.234507855216,102230341.613
screamed,0.234584416804,108742619.012
followed,0.23499673339,14342187.4601
went,0.235312908062,439089.932378
holding,0.235502976085,20939326.394
hadn't,0.236544579655,3645312.13937
edge,0.237209908809,29587491.7952
known,0.237919887562,10314975.7447
funny,0.238516534496,7389081.16052
same,0.238687311483,6045894.18645
merely,0.239040011429,15602502.0282
at,0.239622055495,259174.183295
corner,0.240145531331,10473075.5126
sighed,0.24043371153,43587556.4604
flushed,0.240939062128,258406671.901
muscles,0.2412933331,183577746.079
knows,0.241355967636,23501740.0386
uneasy,0.241402657384,350007155.951
smooth,0.241439529424,91482137.4472
chin,0.243892722971,41358048.326
folded,0.244482702324,128250173.0
was,0.244813453192,18520.6881523
sat,0.24535083078,3358678.71364
official,0.246010754029,124538242.826
kid,0.246013268796,3483007.08696
s,0.246386379378,81344.713827
truth,0.246897599567,14737956.5132
hanging,0.247391591168,273024636.719
poured,0.247638203515,122080980.589
sorry,0.247843355562,16567271.1896
brain,0.24802173756,86722905.6433
complete,0.248127754292,90952568.833
details,0.248207861735,54670777.453
about,0.248515996392,374629.373824
relaxed,0.249204423543,263187845.483
tucked,0.249409464342,428502704.576
especially,0.249469450725,88338623.3578
button,0.249822403156,206505818.684
gave,0.250279607742,5296283.83793
nose,0.250595560612,34007584.4246
window,0.250980813362,6446618.4711
won't've,0.251032882331,4933566.26073
look,0.251256775798,1911398.45637
sir,0.251765203266,302734.189753
simply,0.25207961253,29968747.7025
result,0.252139598607,62778585.0044
bothered,0.252390821731,286396178.854
finds,0.253218822706,733527343.732
repeat,0.253418665995,662560360.744
district,0.253421539377,7504009.11654
pick,0.253670346423,35159023.8998
mysterious,0.254073910193,280750929.962
possibility,0.254360186796,84080888.4034
powder,0.254505381315,116293388.938
personal,0.254764294644,37616364.4989
shaking,0.256239162701,169919850.204
fuss,0.256288923958,419643844.955
information,0.256353183881,22786719.384
carefully,0.256969829882,37872967.1264
office,0.257203706358,1942845.11984
resting,0.257311369239,585272290.757
grin,0.257345963166,33515158.7849
neatly,0.258107566212,255485106.143
told,0.258358749489,1397829.20841
listen,0.258942025966,18960629.6117
left,0.260029172044,3269942.92587
dead,0.260401968499,6336318.48671
worried,0.260714911639,77130268.4275
damn,0.261376976378,3888980.97814
scared,0.261704956013,40267036.1331
let,0.262127148441,2738793.20181
fancy,0.262457217313,47733895.8012
rattled,0.2624614463,676054286.696
violent,0.262569991674,251959233.431
warn,0.263458902282,340915596.823
minor,0.263648835713,686718488.759
nurse,0.263797901082,1861978.31183
search,0.264439857565,78708690.1189
loose,0.266710086827,41846301.0828
private,0.267235682713,37508749.3564
searched,0.26735597786,374759063.764
trial,0.267363320229,41968725.0492
conclusion,0.267476062431,179598536.086
nervous,0.267708043811,117477994.607
whispered,0.267900964209,65219987.1313
suggested,0.268010516472,32076523.239
hoping,0.268957685316,222104498.071
admitted,0.269977966979,56048197.373
explanation,0.270582507149,137766743.567
across,0.270821278009,5735103.87715
attempted,0.271941816822,260207472.261
member,0.272491406934,152651841.185
on,0.272493962884,125358.368907
act,0.273415208124,64810952.0086
supply,0.273850165193,351381996.199
sheet,0.274852817108,89142020.1453
tell,0.274860276989,2159622.86481
inside,0.274918643845,10143196.5714
fairly,0.275494140717,148053451.124
breast,0.276896430151,259135076.997
appointment,0.277201938717,468605605.328
tight,0.2778049866,30066632.2347
thin,0.278099383279,25012563.301
dragged,0.278139497212,218259953.352
coldly,0.278170936088,255790962.077
out,0.278242769972,133148.906542
glass,0.278562193016,6456941.53663
thick,0.278879798119,66988118.0801
track,0.27894812583,70956161.2396
horrible,0.278972593895,121577616.212
stomach,0.279450092826,119654724.903
remained,0.27953872017,41689853.3447
handled,0.280086527861,506567801.16
thirty,0.281616951564,21827966.0493
wouldn't,0.281827977562,2938653.69473
jacket,0.28204767802,87207221.3753
sheer,0.282328040357,377600118.797
mine,0.283040898471,35308734.3909
second,0.283166029902,21845338.6995
prove,0.283490487141,71300348.2972
covering,0.2838600326,1054726684.91
five,0.284067100997,10003171.0209
missed,0.284241338027,270454260.982
isn't,0.284488094783,6560557.95163
startled,0.285007114547,87605836.8854
died,0.285477166395,21922932.9469
unlocked,0.285500117595,229733828.601
they're,0.286305376736,9395840.53242
cigarette,0.286863227129,7206003.21197
added,0.287294695069,11519717.6978
report,0.287607621861,42407989.8429
replaced,0.287745638431,292487420.058
contained,0.288337226945,198052874.143
curiosity,0.288337750645,205267528.076
name,0.289378818312,8229046.86949
crept,0.289384662505,371726240.979
lips,0.289790193379,10723153.1304
kind,0.289870596935,3371711.1274
arrest,0.29012450841,62593354.9207
scene,0.290655119359,86384945.2881
altogether,0.291300988285,167380827.101
wandered,0.292935160182,609366229.459
trying,0.293000038751,8577562.12207
tried,0.293201818408,9234830.12636
missing,0.294098642672,85328064.5172
bitterly,0.295119216681,429345441.393
impatiently,0.295760070684,254864714.069
want,0.29690304281,1862844.32799
curiously,0.296917291382,163702397.903
hand,0.297071411959,1787716.20632
circumstances,0.297206593758,79650145.9502
main,0.297452084805,61657870.5191
someone,0.298550447239,7697666.6048
neat,0.298696804458,165258722.976
where's,0.298719118922,214112108.1
snapped,0.298724729419,54815561.737
pulled,0.298877706661,9027149.17878
touched,0.299094423254,90075114.4753
knocked,0.299252008805,75504477.4339
still,0.299408052561,3096667.43768
questioned,0.299426275128,91896828.0819
unless,0.299435616732,67531386.479
clock,0.300061686055,70693907.6957
queer,0.30014120872,52617119.9945
inches,0.301510481641,200684033.429
original,0.303201665747,272217326.871
routine,0.303374350539,223511906.029
theory,0.303486502417,37681891.1292
locked,0.303816299938,43543508.591
disturbed,0.304491239744,471022265.199
street,0.305763421876,3005991.36693
hold,0.306038521797,34630666.8015
casually,0.307070006258,491630789.904
kicked,0.307974211145,155820272.519
instance,0.308388528655,109796379.191
curtain,0.308588972345,514148484.002
leather,0.308613102081,48527769.6176
understand,0.308742146709,11766798.0652
completely,0.308953530621,55924834.6513
threw,0.309483829216,56743689.4847
possession,0.310054822892,275552862.395
suit,0.310632098011,60685740.9762
points,0.311747208887,217867589.865
pieces,0.311921669946,184295680.03
stared,0.313191984087,9807951.80822
successful,0.313587838144,335452058.759
criminal,0.313661936385,53969362.575
detail,0.314354525469,268193195.453
she'd,0.314370373389,4283879.06491
spoke,0.314488151482,14909436.7357
wait,0.314585637412,16107539.1358
my,0.314707757723,51015.1002278
teeth,0.31510569957,23988557.0583
observed,0.315373103548,79592543.729
terribly,0.315466155448,118997984.864
sticking,0.315487037644,425582033.416
show,0.316465530949,37028212.8936
call,0.317102154348,15291944.6248
paused,0.317175867638,14406566.7395
thanked,0.317491927601,526277054.031
key,0.317620866046,23508194.963
keys,0.318189787002,126990943.763
nothing,0.318242387314,3961029.8286
wiped,0.318720642636,218265160.013
moustache,0.318845818614,239013138.86
personally,0.319002071219,365536546.151
hid,0.319004869935,337198750.089
cat,0.319954470585,66629467.1623
bite,0.320579883366,682597860.073
secretary,0.32064581014,22247328.1516
afternoon,0.320660176683,16545204.4615
rid,0.320832003653,74270127.6655
behind,0.321055871727,4991632.53324
detective,0.322063520996,8039336.68051
tapped,0.322986851571,174650730.928
shut,0.323107586939,22046525.1338
straightened,0.323505631963,224215171.857
watching,0.323784971572,36716123.0109
keeps,0.324308072445,631271755.213
got,0.325109705987,253832.913203
table,0.325585210189,6263673.21536
sharp,0.325677203792,92658366.863
aged,0.326553905466,287787273.471
remember,0.326955699854,7317786.03509
rather,0.327530239584,1959589.49344
put,0.328993302233,1951521.03294
swallowed,0.329000328828,240615744.822
obvious,0.329121532518,97072727.3911
discovery,0.329868190303,236587861.021
money,0.330053206189,4681953.65392
rubbed,0.330154448408,323377746.493
hang,0.330154814044,215368819.281
muttered,0.330247598481,42510997.1063
victim,0.330346572535,180870733.372
backed,0.330483881601,173956949.213
friend,0.330948389585,3892069.84923
downstairs,0.331198222048,50924051.9612
working,0.331390582092,36213824.1401
firm,0.331427591038,226516549.02
forgive,0.332872375315,156387930.776
asking,0.333154507288,119676335.323
appeared,0.334245729121,15726419.8852
closing,0.334648878676,854819256.411
slid,0.335725317679,84193715.9712
you'll,0.33671058208,11727282.4425
think,0.336919581854,929157.633995
apart,0.337160950669,170840269.332
facing,0.337194965169,290961752.618
glanced,0.338389033354,16157069.6295
drawers,0.339178766308,718006133.877
remarkable,0.339560463904,196262785.988
upstairs,0.340715256038,29216014.833
arrested,0.34134021127,84714925.2504
convinced,0.34191515029,167535589.513
cautiously,0.342729607711,281597414.332
stupid,0.343440429214,96348464.5582
solid,0.343507152501,309957071.21
damned,0.344131347255,20992484.7825
upset,0.344197754994,135520822.801
actually,0.344320166556,32510337.9829
practically,0.347030309869,291037394.334
extraordinary,0.347754486213,53803268.361
who's,0.34778551398,127394394.06
nodded,0.347858382331,6465526.70594
recognised,0.348151833877,99464768.3256
kick,0.348270040123,496479874.688
frame,0.349092286351,197171541.084
straight,0.350382124991,27853575.1738
sharply,0.351598541494,61122220.6926
eyed,0.353131635391,170719779.51
twisted,0.353216948586,158075643.779
silly,0.353409035811,88049181.6567
suppose,0.353737015844,6070199.10708
shot,0.354536280329,6181895.96593
staring,0.354808136371,81154827.4582
shoulders,0.354893672212,48227587.7168
myself,0.355703666476,7934431.11253
checked,0.356256494251,145272330.66
jerked,0.356949880904,179302938.237
murdered,0.357489758637,43131995.0481
lightly,0.357681640726,238635470.943
figure,0.359056842976,41327769.1556
looking,0.359572056791,8049972.06026
ask,0.359796853776,15656514.7655
lean,0.360647314789,466500861.238
aside,0.360812895562,133417856.104
open,0.361116965591,7780747.65264
department,0.361458437462,86090704.41
mrs,0.362124125172,286632.247263
clever,0.362288814016,81899759.3528
hasn't,0.363129326629,206706317.906
faint,0.364294778238,82288630.1889
expression,0.364300490377,50696247.5735
cash,0.365199150299,74915239.1105
top,0.366421503609,21483938.4613
incredible,0.366575098899,282427794.265
accident,0.366677158865,19136550.8801
why,0.366887878416,2591715.85001
blank,0.367436081058,40331307.9308
interrupted,0.367815789766,140580094.109
papers,0.369296274551,40361014.0371
bent,0.370365916684,82259432.5775
tip,0.37053597526,278723320.308
pockets,0.371137539508,117586261.387
story,0.371810327673,21056388.0262
paper,0.372044194394,14831296.1679
nod,0.372070378603,725495560.172
wrong,0.374996820779,24956727.9259
apartment,0.375675395662,19432907.9555
stolen,0.375725170145,337009437.33
mention,0.376023715464,167533614.774
suspicion,0.376421469471,77717177.2079
piece,0.376794065572,58337711.2282
gently,0.377138256694,81287150.7205
ring,0.377794307017,94285449.6832
corners,0.377810621343,279804975.743
what,0.378338672819,400415.300617
study,0.379320444344,26639406.992
unusual,0.380491590919,248408773.377
thoughtfully,0.380662108925,51643613.5928
looked,0.383061132898,1056968.43611
statement,0.383417383314,57420067.1563
grinned,0.383512013737,24936797.4565
chief,0.383684141927,7343358.93754
correct,0.38490244337,265694461.496
pushed,0.384954454756,25979846.4097
spot,0.38518889591,53239579.7585
signed,0.38553572644,138134994.567
guilty,0.387702762485,38383951.4546
committed,0.388406789849,133844458.663
tragedy,0.388499768526,127472353.175
took,0.389563420113,3433205.75435
question,0.389658023235,21934802.5301
angrily,0.390179241842,290645863.389
usually,0.390922057299,163488300.554
couldn't,0.391634762069,2743426.5804
room,0.392277808032,987387.988588
box,0.392642700458,22672638.43
woman,0.394315739518,1547783.75522
amount,0.39533166084,110096348.978
killing,0.395788072227,102214091.412
demanded,0.39675707696,31560265.0621
jaw,0.397195804916,62045329.2921
floor,0.397326408379,9181474.38927
flat,0.397724792496,34882542.6129
switched,0.397925546745,394175758.72
shook,0.400289351328,13451531.6844
handed,0.402295231572,48977697.9858
nasty,0.403099028315,297380392.476
remarked,0.403848504701,40634880.5355
mean,0.409011847747,4280411.68815
check,0.409214748654,26368335.3735
you,0.410000995484,26692.2335995
block,0.411323746303,79231260.7229
peculiar,0.411898444116,228602041.771
frankly,0.412748347119,332925467.197
bedroom,0.41319215861,34990924.6951
p,0.413235134058,102036149.652
"#punct_""",0.413339642424,39.0947913591
death,0.414207010997,9616380.893
telephone,0.415432191323,27603118.5078
leaned,0.416957783822,22336687.0598
#punct_.,0.41889411615,101.592941479
stare,0.419346052585,426508878.294
forehead,0.419876004278,136276790.637
ordinary,0.420100597761,146323278.884
tray,0.421485388223,95749931.2242
car,0.421706407756,1550228.60081
stepped,0.421881556542,46905211.3809
intelligent,0.422159998767,307939133.1
finger,0.422435440824,71683109.2049
normal,0.422821894821,209678097.55
hiding,0.425231708051,424183284.233
safe,0.426322396754,38945133.0066
brains,0.426915724411,212954102.478
#punctprob,0.427844891125,575.557948945
lunch,0.428665338616,52440394.8133
doorway,0.429830663542,101006617.411
me,0.430909998494,70049.4850051
smile,0.43226777229,8421814.33023
atmosphere,0.432273574607,444453657.978
cleared,0.43244177793,326312083.409
opened,0.433335884077,9137984.71102
bell,0.434085644015,14140812.096
afraid,0.434438906275,10566291.198
cases,0.436734727539,198935819.92
killed,0.436998436039,10406992.7153
crime,0.437184122235,13935444.9133
bottle,0.438213917243,20340363.6248
innocent,0.439118913537,75892891.405
minutes,0.439212322473,11781030.6238
idea,0.440425228838,12229607.7777
frowned,0.44285670396,98313368.0211
possibly,0.444019916758,71910223.4711
shrugged,0.444688882692,112054397.455
professional,0.445173156187,290247042.516
lit,0.446955376596,64761771.252
facts,0.446959669247,57105424.3767
curious,0.451906063131,82247458.7045
clearly,0.453209710788,127325581.004
list,0.453482178455,271189834.032
voice,0.453816393149,2721358.74831
shouldn't,0.455651438288,74159947.6306
person,0.455958064234,17273004.6532
anything,0.457430293172,3766533.38741
stiff,0.459299883204,242482111.362
it's,0.462434617549,842338.798716
that's,0.463125407924,1561751.82508
excuse,0.464202387987,212270463.518
suggestion,0.464540920283,188742946.714
mentioned,0.465317447462,205772335.007
gesture,0.465426952506,256177626.711
fingers,0.465788101564,18586913.2144
else,0.466290984835,15007580.1452
sounded,0.466904247328,54232787.85
eyes,0.467328245661,881044.944391
business,0.468751021344,15101142.2069
hall,0.469127290751,8259528.51705
mouth,0.469333507318,3965912.07202
noticed,0.471141675098,90293140.6933
positively,0.472622784945,828611085.805
shake,0.473887035141,502901600.033
pull,0.474478076446,127170049.481
he's,0.477871226514,2905189.06776
glance,0.479271860581,53642391.5154
haven't,0.479610910859,31979576.2353
i,0.480307016539,5517.85779233
don't,0.481065316677,653384.034785
occurred,0.481314937515,107957672.373
suspect,0.483011320191,139762920.05
head,0.484729899907,3421717.55276
she's,0.486840088919,7764834.53282
expert,0.487935272589,240924955.014
absolutely,0.495949288111,92071571.7806
you're,0.497497415664,2720725.37825
kill,0.500417223924,21585720.199
type,0.501974051497,95649928.3648
wasn't,0.503047929432,2161773.06629
whoever,0.504697475805,362697540.011
outside,0.505393055824,32390588.8511
pocket,0.514233695026,25833183.5224
evidence,0.514331740912,13670129.4081
abruptly,0.514824536528,113905146.833
proof,0.518634744883,279018908.247
mistake,0.522385508024,156027072.203
i've,0.523404619122,3877046.97189
#seqpredictable,0.525970451484,1783.26126415
throat,0.526365235461,78894659.2975
exactly,0.529526051127,29094808.1951
i'm,0.531761731895,1333526.02822
closed,0.533577402367,22589518.2928
happened,0.535719772851,21814895.2191
desk,0.537604989226,7215083.80997
it,0.538560295293,49846.5137531
angle,0.538907878035,341355881.299
usual,0.53994995721,87830155.3005
chair,0.542434029936,6212593.42376
ago,0.542560915679,52926842.2735
mr,0.543019644765,297077.327613
bother,0.546549779246,211002693.541
suspicious,0.547478724114,391044619.803
yes,0.547789057986,974265.873153
instructions,0.547919289628,421718523.608
door,0.548066684788,1118467.57166
violently,0.549521268871,808355587.258
suspected,0.55024736343,207648754.589
rang,0.553200368497,78335431.2559
face,0.562503763096,1652555.79747
didn't,0.563843685806,349375.419835
something,0.569824198131,2336112.96808
contents,0.579585397226,581322039.747
stuff,0.579802487968,28593938.2567
eye,0.588762364372,92435741.8724
murder,0.589276341177,5756322.94236
witness,0.597009211494,278872197.012
envelope,0.605860659776,30417164.931
#capsprob,0.611394369068,1027.93161554
case,0.615402974145,4831139.72549
strictly,0.623165624873,1198500062.19
grunted,0.629150288108,290163209.554
doesn't,0.631252247849,32733304.7897
drawer,0.67800611477,162291125.618
know,0.684735284111,1075327.34773
murmured,0.696282784344,30754510.7054
deliberately,0.701915954891,400654982.665
#punct_?,0.763626661751,6455.33874601
police,0.769084492526,8069935.28516
