giving,-5.45814842694,-1063766687.41
knowing,-5.36232322032,-1739542471.81
company,-5.34272486917,-144022722.725
comes,-5.2975643894,-802622362.831
angry,-5.22597103094,-931417272.156
"#punct_""",-5.03564002896,-1053.62796598
leave,-4.94392257814,-249754761.031
touching,-4.82334597959,-3086893500.96
playing,-4.76194161201,-1446632230.27
friendly,-4.7221082075,-2043825998.54
weather,-4.67031551159,-390673397.827
good,-4.66572837397,-15512090.4893
presented,-4.64765677109,-1467752998.12
gave,-4.57617587572,-144666792.857
himself,-4.53825477077,-9686659.31931
cared,-4.50805021771,-3000548242.59
ill,-4.49036510622,-383741914.199
hot,-4.48982965864,-630211993.84
pleased,-4.42535832496,-1167951561.9
says,-4.37395847591,-140836439.038
surely,-4.3404184922,-319069024.24
him,-4.2464747075,-853600.185724
s,-4.22405976013,-1305554.63335
orders,-4.20719513362,-301202270.682
keeping,-4.20360677682,-2207725763.6
arrival,-4.08986976416,-873246461.383
his,-4.08799151,-216206.553329
care,-4.06050939941,-228553244.52
best,-4.04557414676,-195796009.813
dare,-4.04169773864,-1091982269.92
herself,-3.99418081476,-22138640.1038
humour,-3.9849651527,-2134518992.07
suit,-3.91820445717,-1650221764.72
true,-3.90772038096,-208034193.716
#personalname,-3.89445633147,-72971.6144331
brother,-3.88369535256,-38058261.4876
months,-3.866536137,-225492552.654
asking,-3.85378081526,-2279041725.66
scene,-3.82804648159,-484959215.424
blind,-3.82688598584,-307754944.639
young,-3.80820827554,-9168725.62632
handsome,-3.80810730836,-841156220.255
holding,-3.79946993198,-1080882421.81
fortunate,-3.79106140064,-3818640529.4
brown,-3.78998667963,-206760771.902
marry,-3.78734492223,-160827526.127
friendship,-3.75164074029,-880483730.788
pair,-3.74747270525,-1207156511.0
fine,-3.70781513977,-191144364.077
tells,-3.69867544881,-3708558929.34
affairs,-3.67928652636,-880312194.33
thinks,-3.65799622231,-2701318085.57
daughter,-3.65150843804,-65052324.5803
marriage,-3.64786959298,-256907854.211
older,-3.62759868685,-1408233984.38
just,-3.62644426947,-13514988.0919
her,-3.6089025885,-139186.180475
he,-3.60735034067,-92176.6253915
garden,-3.59652403448,-71716519.6537
saying,-3.59272121735,-224740823.429
calling,-3.58374446228,-1566840196.92
needs,-3.53193005602,-838074315.983
bearing,-3.51155871298,-1334583476.79
fresh,-3.47103911573,-541448180.942
game,-3.47101318657,-252079896.884
say,-3.46306503373,-15258216.987
honest,-3.45161377674,-788205466.25
ladies,-3.41860261594,-234166848.592
de,-3.41821528219,-13590910.6279
worn,-3.41673800883,-1198698186.27
fair,-3.38627139148,-94512639.8719
showing,-3.35492001685,-2298907672.87
she,-3.33121616139,-142556.800863
gained,-3.33105088405,-1627634629.73
send,-3.29994958904,-429075642.189
spite,-3.29921345844,-434623485.716
makes,-3.29371225903,-1093331788.08
master,-3.27911149451,-49578478.4652
sometimes,-3.27624733655,-244308343.363
matters,-3.27591920753,-644008370.112
taking,-3.2753709806,-399853347.265
careful,-3.27486702346,-1993546324.27
mistake,-3.26281758847,-1306988801.46
fault,-3.2439152004,-1151726108.23
forced,-3.21930971065,-441934769.886
putting,-3.1971450143,-1403082049.24
if,-3.17275260823,-4749524.50421
married,-3.16399837769,-197989692.369
hurt,-3.15483433225,-1024950034.79
breaking,-3.15026405373,-2087829006.44
sorry,-3.13503937144,-428825484.928
#punctprob,-3.12642774857,-4740.36562389
quiet,-3.11336655534,-317667532.72
horse,-3.09327311387,-66195789.015
path,-3.07970598991,-244326321.843
coat,-3.07820546954,-909972194.081
miss,-3.07018061591,-3178814.7134
till,-3.06756224055,-37129250.0291
season,-3.06340073166,-659725169.168
sure,-3.03851523652,-60352637.5031
fool,-3.02468690158,-20088773.3713
hide,-3.02392587932,-1448402678.31
determined,-2.9952006743,-423763105.342
affair,-2.99463432075,-512004697.9
rang,-2.94533838292,-1523451962.66
hat,-2.93302320519,-271305240.727
sooner,-2.90998295312,-1454374837.58
hard,-2.90642976661,-120889066.854
watch,-2.90272922256,-129896283.643
silently,-2.88738914713,-1327022441.33
rose,-2.8777027719,-28762933.4261
tender,-2.87111405197,-644586182.359
wearing,-2.84411413477,-1613051710.44
treat,-2.84181602003,-3918360659.69
poor,-2.81155809716,-23127577.09
don't,-2.80750739133,-5666418.13263
declared,-2.79857079144,-345143445.096
liked,-2.79459235035,-432169908.086
summer,-2.78567844904,-438835938.106
i'll,-2.76949973955,-34815748.5648
attitude,-2.76745709071,-1194105644.06
information,-2.7607109075,-523666378.648
warm,-2.75060201084,-681305177.745
bad,-2.74605380011,-176336556.289
draw,-2.73499289288,-1028640140.23
full,-2.72417608663,-79194112.9693
rough,-2.72219551986,-758140251.774
arrived,-2.71958174564,-273338866.958
return,-2.71543203914,-60765353.1597
business,-2.70462499384,-52927906.6537
thank,-2.6937094168,-165466734.911
badly,-2.6864799565,-1710132114.23
grace,-2.68619756693,-609662015.853
grown,-2.67511845159,-690231629.146
off,-2.66572857632,-17783115.9581
#punct_!,-2.66145623298,-19211.3076723
observed,-2.65642790914,-263707922.152
manner,-2.62780822537,-107658187.493
servant,-2.62151105596,-268848336.397
has,-2.61738692055,-7755548.27747
wound,-2.61667721851,-776381286.093
acquaintance,-2.61630019833,-854216230.012
train,-2.61031580584,-252798218.565
fancy,-2.60589756085,-345905562.235
service,-2.59495234173,-162989780.398
shoulder,-2.5879390222,-425196225.337
met,-2.58531659364,-162674124.534
child,-2.58058626118,-18134683.9089
bed,-2.56413385782,-106368038.393
knows,-2.55870076416,-414508279.07
expected,-2.5552903021,-495151085.474
thinking,-2.55128757409,-178675412.769
seriously,-2.54132641444,-1162107090.14
main,-2.53834016932,-234538951.763
really,-2.53239138741,-49334502.1169
native,-2.53079966173,-99487483.7327
conversation,-2.52237455886,-222906239.666
finish,-2.50920636188,-2221428328.26
unpleasant,-2.50777560174,-1887791166.28
singing,-2.50750811617,-394179354.281
catch,-2.50252819534,-1017703311.67
much,-2.50185227119,-13456038.7126
forgot,-2.49598679317,-1011967616.67
party,-2.4949227152,-92347957.4537
visit,-2.49218088835,-254600852.745
did,-2.49131646932,-4885840.65399
hold,-2.48587339483,-230582399.818
go,-2.4858349612,-9776954.54946
plans,-2.4811222659,-559945762.177
tonight,-2.47613235125,-261788151.862
heart,-2.47368158878,-16178990.1233
bell,-2.47113034519,-580468755.656
#capsprob,-2.4610999802,-4704.06200234
o,-2.4601307392,-7186666.37835
gazing,-2.45924467193,-934697499.939
rather,-2.45914859292,-46837974.6068
turn,-2.45439657428,-239606676.904
hear,-2.45397849242,-103444880.906
sending,-2.44409920151,-2749938377.11
sister,-2.4406244086,-37039109.4255
often,-2.43906939159,-114350795.837
temper,-2.43829343776,-657323954.875
going,-2.43721324189,-14789858.9535
mountain,-2.43570007322,-49031925.774
late,-2.43431411473,-209652744.255
pleasant,-2.43414372482,-366890127.542
wants,-2.43365354237,-699838992.068
grey,-2.43342235334,-195476775.773
husband,-2.43262561141,-39004205.2649
youth,-2.4321597539,-202247023.662
am,-2.43194654476,-5378428.93262
intention,-2.42227087372,-1000060715.53
hastily,-2.42213845434,-960464309.151
false,-2.41818714749,-516076385.546
tomorrow,-2.41390913464,-172559053.832
d,-2.41254097029,-6520584.67148
sigh,-2.40953391064,-706875849.502
favour,-2.40759816714,-679247701.236
reward,-2.40480397051,-2449404917.01
leaning,-2.39841822035,-1459324555.75
town,-2.39640195607,-45471587.0565
afterwards,-2.39632889858,-345382225.149
fixed,-2.38583917455,-529943172.172
distant,-2.38580424613,-493618017.151
seeing,-2.37995641529,-286601602.678
affection,-2.37460222442,-417000393.725
i'm,-2.36868411429,-11424388.9394
proud,-2.36721550111,-401968484.354
early,-2.36452755643,-189485428.756
superior,-2.3639161823,-107919831.273
lonely,-2.35579187051,-840505678.126
station,-2.34879025077,-287366221.617
busy,-2.32641345056,-661540315.668
glad,-2.32268655777,-131292358.631
kind,-2.31872965886,-56270528.0294
enthusiasm,-2.31067254749,-851134642.841
keep,-2.30612013289,-88592706.0081
agree,-2.30145741167,-1741518770.05
river,-2.29685385684,-65642623.6314
nice,-2.29350652907,-156174740.497
taste,-2.29139921896,-424042152.005
sense,-2.28928821687,-101066545.892
yourself,-2.28419301592,-57180750.277
parted,-2.28314183882,-1920550556.38
firm,-2.27805452492,-958982473.093
wife,-2.27686778486,-12124719.3837
post,-2.26774734239,-767788395.35
interests,-2.26630791583,-1253116198.72
foot,-2.26340388458,-166913377.038
seek,-2.24923672421,-638919690.825
#arabicnumeral,-2.24846183305,-351684.102895
surrounded,-2.2473554576,-591101680.873
setting,-2.24402160014,-1615671925.27
drawing,-2.23422189524,-255859846.776
listened,-2.23244584231,-545041230.503
persons,-2.23238580283,-177609711.564
watching,-2.22746171035,-425664790.476
evening,-2.22696956514,-47746364.9542
mother,-2.2259630807,-6532518.97805
belonged,-2.22424113791,-775353092.794
breath,-2.22256481288,-338053356.818
too,-2.2181057833,-21125072.5639
match,-2.21418772466,-503426721.104
said,-2.21208008733,-299158.347923
come,-2.21053291513,-11897463.6542
goodbye,-2.20939725411,-451943089.483
today,-2.20809794084,-145421567.017
taken,-2.20164645553,-144286243.12
particularly,-2.19996680815,-870249373.252
should,-2.19246048408,-8268840.6066
anger,-2.1914450224,-692667079.466
miserable,-2.17869822221,-474936771.784
try,-2.17609157567,-247888949.425
fellow,-2.17079870511,-43734824.6168
allowed,-2.17051318332,-266997216.654
gone,-2.15735429384,-68136492.135
hers,-2.15384483936,-520165411.753
sounded,-2.15352481209,-643616773.206
content,-2.14346660671,-1197423090.8
with,-2.14329275904,-1489685.02374
waited,-2.13285928428,-456551218.359
take,-2.12524912377,-32822346.8449
bent,-2.12125537901,-366684550.057
notice,-2.11481802511,-539787726.454
nights,-2.1121037652,-727749326.31
want,-2.10674473462,-21170775.6327
object,-2.10220953773,-198854218.438
you,-2.09853017666,-111693.512673
value,-2.08772756091,-708595765.311
regular,-2.06793867989,-1206488870.56
pity,-2.05069001233,-404746456.531
thus,-2.0465894699,-35061984.7482
book,-2.04490224101,-28179378.9267
calmly,-2.03695360085,-1826536616.53
an,-2.03489350677,-2028562.23489
whom,-2.02863711513,-35567764.7175
firmly,-2.02215085628,-1386862265.5
suggested,-2.00949917285,-278803767.773
#seqpredictable,-1.99900912036,-3895.08808325
bringing,-1.99868823682,-1871964901.23
journey,-1.9976807603,-143850891.585
group,-1.9954762017,-284098651.46
actually,-1.99512101841,-170177643.789
indeed,-1.99081192905,-33053275.1418
yesterday,-1.98964009904,-515805734.563
tones,-1.97732595695,-220862666.785
bear,-1.97701068082,-208558943.264
who,-1.97585377622,-4018818.5262
dress,-1.96890559438,-105082055.156
flower,-1.96595640749,-285314268.357
carry,-1.95402636235,-380110186.412
duty,-1.94952298142,-167980473.507
put,-1.94934214407,-19857566.3101
guess,-1.9486096464,-37967443.0828
took,-1.94838344166,-27211276.5273
excuse,-1.94619996699,-559781772.04
laughing,-1.9443104401,-300197507.314
laughter,-1.94371122707,-515055939.505
little,-1.94183049019,-1776427.81622
loved,-1.9415886899,-122065091.776
afternoon,-1.94051410592,-117140384.958
admiration,-1.93354809716,-672464163.027
rage,-1.93090810532,-1107084675.04
exclaimed,-1.92865557531,-23532193.0251
tears,-1.92197248917,-127157569.091
books,-1.91358404015,-22528508.182
deal,-1.90625493417,-192807858.511
friend,-1.90121165771,-21646597.6678
here,-1.89725712192,-7641235.48358
oh,-1.88683406092,-3441984.24595
event,-1.88468252802,-814373996.519
went,-1.88268634542,-6452000.69792
trust,-1.88254603841,-196842496.44
gaze,-1.8815505186,-354241310.786
month,-1.88011278353,-110334362.444
mentioned,-1.87551274758,-1023076129.56
wished,-1.86110017849,-288374271.448
talking,-1.85292658365,-193857159.761
tone,-1.84674437351,-104199025.661
dog,-1.84402252987,-144084291.903
hardly,-1.83865055128,-82688291.9126
n,-1.83662880803,-33735968.3592
spot,-1.82991791355,-50599920.7451
flowers,-1.82814232643,-68418309.6545
companion,-1.82769875486,-197984007.366
position,-1.82329489897,-115760675.158
window,-1.82000676594,-74517075.2653
laughed,-1.8163456766,-65299915.9101
mention,-1.81482110064,-983555793.667
tell,-1.81072429917,-16593607.3319
shaking,-1.80812798986,-1154248209.77
cool,-1.80556533876,-836561348.788
teeth,-1.79943807688,-207662405.701
besides,-1.79719568203,-293020149.32
drive,-1.79594942937,-414117218.871
dinner,-1.79036278703,-64342549.6264
hopes,-1.78898772162,-331763843.641
quietly,-1.78716371892,-222658384.899
winter,-1.78704956926,-34014084.2538
interested,-1.78530402777,-490461488.346
crept,-1.78247829668,-983476457.263
bird,-1.77660914119,-112325161.126
tongue,-1.77627998011,-696984196.977
pocket,-1.76708231089,-190660847.623
attend,-1.76503184762,-1512181420.64
delicate,-1.76483106586,-450856042.238
weeks,-1.75636403336,-182793376.784
remain,-1.75283266629,-326223330.804
deeply,-1.75158934248,-450722217.56
astonishment,-1.73532704773,-564422454.501
please,-1.73510033157,-98082354.0296
sank,-1.73399154003,-487799494.42
satisfaction,-1.73119703307,-582662275.081
heavy,-1.72686470548,-127935465.49
uttered,-1.72347420754,-700383873.998
blame,-1.72038421677,-1392409338.19
dawn,-1.71827914536,-735078197.508
share,-1.71687787395,-357940455.261
knees,-1.71647829907,-458462112.308
dying,-1.71274284281,-197395781.82
pick,-1.71042583812,-1875912377.56
girl,-1.70037346518,-8027636.6808
gentle,-1.69848371729,-274837543.486
usually,-1.69818480778,-536281933.567
that's,-1.69663295519,-13145731.4598
feelings,-1.69123460885,-205625262.423
pretty,-1.69018796084,-74206826.2577
lightly,-1.68958537841,-939549924.286
stock,-1.68106143862,-607648947.144
ought,-1.67837255183,-78008106.9235
account,-1.67825303254,-256937340.532
band,-1.66455829283,-343820478.791
seized,-1.65949646258,-197640529.622
pleasure,-1.65686434292,-141684995.706
lady,-1.63864298192,-2125366.22218
felt,-1.63621613984,-17639120.9045
offered,-1.63021968864,-186299463.519
spring,-1.62434394886,-207436039.956
shout,-1.61819097384,-1519917759.59
glance,-1.61632362402,-135158967.692
very,-1.61575625444,-2492847.06888
beside,-1.61315059329,-114908492.297
leading,-1.61250880624,-290261413.98
takes,-1.60870640531,-433613380.327
nodded,-1.6042825626,-166489786.936
hair,-1.60349098411,-94423463.2884
father,-1.60221110672,-1539716.92815
distinctly,-1.5990868516,-1128591193.85
fall,-1.59364129252,-124468342.689
missed,-1.59231748356,-1904578542.1
younger,-1.59210699977,-712061471.117
piece,-1.59022808847,-297973852.995
thanks,-1.58615085942,-475465130.007
itself,-1.57767602936,-29710172.2621
hurry,-1.57599131017,-778917902.17
#bigramcommon,-1.57554991898,-1019.4382689
yes,-1.55683391841,-5061649.44599
mr,-1.55645558971,-228019.502885
else,-1.55493434337,-132972803.08
laugh,-1.55073452257,-144267658.181
blue,-1.5486335438,-55862198.1042
midst,-1.53983178847,-255416990.538
bit,-1.5391760116,-165297880.665
would,-1.53575332294,-1762806.67351
ship,-1.53370021275,-3385326.47221
mood,-1.52725449634,-918650730.684
wrong,-1.52575809802,-267017248.22
ease,-1.52404123618,-1037891744.67
suspected,-1.51632651698,-1362459869.82
always,-1.50834413984,-17553490.5192
heavily,-1.50422344556,-552037544.928
dear,-1.49762825808,-7624093.21622
mark,-1.49659362967,-189095829.493
seat,-1.49276933419,-309654221.298
wise,-1.49083031589,-257459253.505
watched,-1.49062669637,-104655720.151
#dayoftheweek,-1.48945273563,-72814115.5043
walking,-1.48447612798,-321889127.918
road,-1.47946941747,-28992174.1847
there's,-1.47786400827,-26673070.725
play,-1.47251553791,-54321798.2434
write,-1.47036823334,-197619643.96
earlier,-1.46959114981,-1123897364.72
according,-1.4671763703,-104014910.132
cruel,-1.46546177021,-212934008.402
eager,-1.45978467247,-384642905.113
duties,-1.44786231108,-578176513.169
trembled,-1.44632247166,-794513148.998
painful,-1.43360756576,-222202046.857
eat,-1.4329640154,-81361974.7311
worthy,-1.42786617622,-314214936.926
brought,-1.42729460131,-75332516.0
gratitude,-1.42668975848,-554357335.165
bound,-1.42020681923,-303984622.594
person,-1.41737042717,-64032446.7917
old,-1.4134531006,-1810329.00907
sharp,-1.41039269079,-307968037.394
bank,-1.40818948067,-34200761.0339
knife,-1.40801354953,-244212579.6
possessed,-1.40646470775,-359436100.723
home,-1.40464642456,-11175248.5016
blood,-1.40395445484,-3976626.8964
r,-1.39507939936,-205138392.166
forward,-1.38595806993,-71071866.8965
not,-1.38588914334,-348150.775531
break,-1.38267859989,-327149894.316
opportunity,-1.38134538114,-170581551.384
because,-1.37394961086,-13780615.6425
vain,-1.37302648611,-400656159.444
possibly,-1.37097312711,-207680448.695
wrapped,-1.37053230941,-1655154036.19
actual,-1.37005827687,-293663587.981
announced,-1.36608774945,-337953522.555
coming,-1.35199900435,-44032733.5827
having,-1.35174043604,-24756756.1294
crossing,-1.35157173436,-1188032129.61
cheeks,-1.34910222104,-289168115.222
hope,-1.34790425251,-45136275.3424
stay,-1.34475535059,-149784760.768
wrote,-1.33472067366,-210677114.546
understood,-1.33092397976,-262178064.176
calls,-1.31740575311,-1481980727.98
shown,-1.3152270989,-703735002.466
cast,-1.31163787722,-267958223.394
beneath,-1.31106252395,-67406612.7774
delay,-1.31068045181,-497372538.242
eye,-1.30660262336,-90843266.8145
addressed,-1.29997324911,-625779951.211
received,-1.29949158801,-78617578.1689
ing,-1.29468516673,-22649340.5314
call,-1.29308852009,-76771494.8483
picture,-1.28857465339,-172510746.084
word,-1.28852619957,-38098062.7723
o'clock,-1.28711243612,-60368400.5066
instead,-1.28058735279,-231868347.256
voice,-1.27854163691,-17164180.9491
departure,-1.26607660789,-410211314.639
night,-1.26599478539,-10419095.3581
judge,-1.26459036307,-46064660.8642
might,-1.25938104878,-6653064.07636
served,-1.25583395536,-440851740.624
does,-1.25201287875,-43956740.7296
north,-1.25193644957,-39659089.4722
aid,-1.24000863834,-446267515.443
asked,-1.23880058501,-5694963.23177
meeting,-1.23405624046,-55853571.9152
fit,-1.23315539334,-607660183.892
fill,-1.23288580624,-602937612.074
nose,-1.23242720209,-329986368.595
travel,-1.23150761281,-395902028.697
see,-1.23023168619,-3465722.34959
school,-1.22859756344,-72167494.0825
breakfast,-1.22654018922,-138512578.404
astonished,-1.22648193011,-359428431.424
features,-1.22593158735,-211386782.973
entered,-1.21562247458,-80575792.5085
pull,-1.20936281219,-1097269803.03
listening,-1.2084138308,-429405326.036
looks,-1.2075607554,-278460203.102
god,-1.20734565562,-5510854.07954
gather,-1.20453416082,-2132987325.56
run,-1.20298413675,-42522790.4141
figure,-1.19805195527,-59424792.7677
depths,-1.19252903372,-600934983.298
let,-1.19163334232,-17797088.4908
certainly,-1.18234398203,-39279218.1568
secure,-1.18109520163,-723111406.138
happiness,-1.18041921374,-101160795.74
tall,-1.17756161305,-228695871.42
settled,-1.17575537559,-339499490.354
stand,-1.17322656017,-169294887.143
faith,-1.17193951389,-124019936.481
thought,-1.17112519668,-7963340.59313
doing,-1.17017303254,-126265196.976
red,-1.16901990181,-26245686.5902
beg,-1.16697689166,-348255738.895
afraid,-1.16042501454,-81003337.8427
as,-1.14875910617,-382147.91841
judgement,-1.14417504928,-526498093.462
like,-1.14405499478,-2913418.69701
especially,-1.14142937016,-149522801.61
appeal,-1.13248373367,-629983262.236
real,-1.13095827901,-78240500.8819
custom,-1.13019712366,-459789031.256
sad,-1.12960038159,-96792480.1239
joy,-1.12844456157,-66553314.9941
blessed,-1.12201476738,-71644345.9908
pushed,-1.12006581204,-292981071.083
gives,-1.11983396261,-395736757.103
large,-1.11377378328,-30347101.6248
proceeded,-1.10931647657,-219163169.481
give,-1.10454944573,-22688219.8611
given,-1.1026346423,-95764510.9418
forget,-1.1024950695,-260616874.82
recovered,-1.09908612965,-482642912.338
evident,-1.0926191173,-182078104.311
ones,-1.09224653514,-239262563.554
mouth,-1.08919952556,-115138012.193
ask,-1.08696911519,-33255111.1984
join,-1.07456596779,-524214917.477
whenever,-1.073379112,-643459421.694
rain,-1.0729994017,-203858698.591
chair,-1.06880210878,-36891172.2851
names,-1.06772266397,-369099112.217
have,-1.0638419799,-420085.428355
though,-1.06286426367,-5861858.31123
abruptly,-1.06229921976,-168839271.755
various,-1.06217257946,-141253961.819
seem,-1.06125254232,-55757221.0767
safely,-1.04433937597,-831709015.481
eating,-1.04128249964,-138808762.992
acted,-1.03850836621,-900434795.077
frightened,-1.03004652648,-237747506.552
answer,-1.02985223821,-41892806.6381
charge,-1.02797169677,-97198060.5595
plan,-1.02619678469,-161293700.42
round,-1.0256597421,-12239572.4032
getting,-1.02439158178,-85617168.4733
better,-1.02341979913,-23224307.4105
comfortable,-1.0211077292,-528264164.101
slightly,-1.02036198725,-269391705.713
attracted,-1.01593938611,-607795254.15
called,-1.00933635867,-19680096.1085
spend,-1.00245234427,-573242265.569
way,-0.998888552178,-7156447.74848
anything,-0.997871424204,-18380095.0439
st,-0.995055491401,-37899434.6159
sharply,-0.991394674114,-239489367.985
regard,-0.990543637882,-199736775.386
interest,-0.988640702924,-35651062.7501
gazed,-0.987960989297,-119112005.21
letter,-0.986865105511,-18142828.7788
continue,-0.983641824932,-658268123.194
soul,-0.982542475465,-6075099.91813
retired,-0.980896422312,-818323400.145
throwing,-0.97660985951,-746044948.673
future,-0.973827023077,-41570212.7521
golden,-0.96356638665,-108561339.979
excited,-0.959176829046,-291603723.655
horses,-0.957049384477,-86654313.4051
circumstances,-0.945622103005,-173984056.469
keen,-0.943311096885,-284562226.948
believed,-0.939940334478,-203645170.847
hills,-0.933725052446,-90892704.5361
to,-0.932590644939,-78264.3650535
got,-0.930680961673,-3579678.3711
habit,-0.927588457438,-418825140.522
making,-0.925460755012,-70886652.9897
leaned,-0.922255698373,-335339670.491
letters,-0.921463573767,-118958573.65
dignity,-0.920080105098,-574670668.576
consent,-0.909846513213,-247295912.626
relieved,-0.907440436585,-381000639.697
how,-0.905178455437,-4206070.00434
certain,-0.899300683839,-23711448.1405
cut,-0.898240303205,-87460716.662
difficult,-0.888262066227,-200188666.119
answered,-0.888111482392,-5283089.09198
told,-0.886272778598,-11938161.2028
boys,-0.881644029187,-21024252.281
both,-0.881354479833,-17914517.3235
confidence,-0.877460768585,-196607798.941
place,-0.871254385708,-10764302.0521
lest,-0.869687200298,-351124112.632
direct,-0.864055947414,-346509888.137
#unigramcommon,-0.864045948962,-690.129282525
neck,-0.864037940858,-119161938.344
precious,-0.858499759527,-146226017.193
lips,-0.858239099651,-38437585.9667
telling,-0.856329590778,-225637868.242
opinion,-0.855715589087,-182978345.551
unable,-0.851005442691,-226341946.388
concerned,-0.841429480185,-226059674.213
goes,-0.840845425061,-272659054.596
trouble,-0.839326530044,-46343592.1015
nine,-0.838514123256,-125009213.084
meal,-0.836722185913,-323893580.705
is,-0.836184631803,-158983.192602
expressed,-0.835907729021,-395159811.578
easily,-0.830594634397,-171228819.793
lifted,-0.829850166938,-115695448.576
occurred,-0.826687545048,-161870707.101
shone,-0.822703940539,-185395813.506
gently,-0.820023940436,-240313980.919
finger,-0.81241590363,-377402775.065
carefully,-0.810699310203,-131843918.089
crying,-0.810052831503,-377569655.783
greeted,-0.803904358884,-499418441.312
thrown,-0.803584884718,-179276377.731
front,-0.799966224265,-48401619.8926
soon,-0.799326094393,-12778424.1895
regret,-0.798580238111,-316002810.422
opposite,-0.795844509407,-135025526.774
burst,-0.786221724237,-165285361.113
settle,-0.783554889434,-801389825.456
think,-0.783158454184,-3193507.52419
gain,-0.7825242139,-752275611.46
begun,-0.782198283062,-247365568.892
ways,-0.78103692934,-63936008.6893
instance,-0.777966385927,-204422993.898
dry,-0.774267755661,-193802865.382
magnificent,-0.76103490997,-220217867.092
walked,-0.756922610798,-40778076.7813
loss,-0.749264918379,-207933275.987
smiling,-0.743289115318,-95951922.7452
difficulty,-0.728010323133,-152012487.095
urged,-0.727034799532,-403162187.472
afford,-0.726932613063,-453263890.212
morning,-0.724385101535,-12574235.4291
hoped,-0.723295793959,-312578689.664
through,-0.721103337624,-5104260.17308
servants,-0.720526082123,-65878989.9352
countenance,-0.714285946536,-145156471.661
six,-0.713806842882,-37211531.2563
drink,-0.711146931915,-77387409.0669
drew,-0.7046993948,-40813825.6119
money,-0.702516582608,-5152582.85034
advice,-0.697167203675,-246319073.574
ago,-0.697060812181,-39995644.3313
further,-0.69703517734,-41352486.7803
reflected,-0.692977904145,-428279627.395
harm,-0.692946396878,-225125540.024
advantage,-0.692782004989,-319905234.444
across,-0.688135527169,-19138229.9165
patience,-0.687286051365,-442152446.71
expect,-0.681484363734,-158313891.859
it's,-0.678327218859,-2173538.72667
earnest,-0.674254796518,-349372381.771
broke,-0.673789303055,-86594537.981
almost,-0.671974059377,-11085161.5873
gentlemen,-0.670758599686,-24708520.7532
signal,-0.669148574089,-295969289.408
kindness,-0.662571562359,-289970257.256
wild,-0.659764925736,-24987810.9301
usual,-0.659325605958,-77194911.188
supply,-0.65747120232,-170161999.406
reading,-0.656454048097,-82916635.6045
sides,-0.654833185153,-117493961.288
moved,-0.650470241456,-50509497.145
talk,-0.64861141465,-18407828.6324
freely,-0.647755249428,-681203673.685
grasp,-0.646818197728,-390108713.935
cheek,-0.646592981748,-376493973.329
obliged,-0.64233289991,-112712721.619
thrust,-0.642301393241,-118696618.208
standing,-0.641377883236,-57278925.6105
allow,-0.63737895427,-85833803.8204
which,-0.633586488072,-130955.646584
after,-0.633193705637,-5310861.06996
done,-0.62565400971,-8736126.63867
fairly,-0.625550784533,-181852835.908
out,-0.620497983719,-823176.543054
refuse,-0.619589127066,-329611250.164
throughout,-0.617585775292,-335423962.864
truly,-0.615637930576,-205852575.58
well,-0.611368337035,-1901504.4227
church,-0.609769467102,-14333109.6126
sitting,-0.600457308169,-61145940.3457
enough,-0.598255826546,-16758530.1694
hidden,-0.597138246832,-180922361.919
son,-0.597081100792,-9022377.00279
your,-0.585183216499,-477918.034513
make,-0.580714381461,-7542340.12192
shouted,-0.577847129759,-50744351.4592
free,-0.575600291203,-35072385.1122
silent,-0.574039612596,-35129568.6469
ready,-0.57399986588,-40070159.3695
dark,-0.572963690777,-18348497.6682
quarters,-0.572471490885,-123725784.429
long,-0.570852923239,-5144587.40868
lie,-0.568525613509,-55124140.9538
seems,-0.567323267322,-47873632.6731
kill,-0.563701903439,-27299995.0061
passing,-0.562569163382,-119388611.889
kindly,-0.562412175846,-153913691.352
why,-0.561079242935,-5372316.73445
will,-0.5609804622,-386237.607046
trying,-0.56057555776,-79527469.5269
beautiful,-0.55960714358,-8445987.64452
respect,-0.558062080518,-151931023.514
taught,-0.556556817892,-283690506.995
although,-0.555792713058,-22233461.3589
happy,-0.555612074218,-14982716.7807
passion,-0.551915538982,-85113924.5468
convinced,-0.543710369307,-208940535.137
wear,-0.543095016952,-241502385.38
without,-0.542398996128,-5723897.37007
#punct_(,-0.541150526498,-42454.916818
row,-0.538045788385,-307659631.629
kiss,-0.531192873021,-101456913.094
beating,-0.530722783774,-318177132.532
enjoy,-0.528517398607,-307274841.421
paused,-0.526249540483,-40358445.8294
due,-0.525256169,-106237626.88
serve,-0.523615163914,-175170863.372
otherwise,-0.513266593737,-209437876.963
type,-0.511801550788,-216601898.701
easy,-0.510256348864,-102502624.775
court,-0.509033925735,-15178654.0765
conduct,-0.507932616792,-193747732.679
delight,-0.506269639712,-92523872.1769
lighted,-0.501742887862,-149419444.578
nearer,-0.499935942384,-84431761.0638
details,-0.496149253994,-163844212.221
pressed,-0.49432866325,-205302994.841
apparent,-0.493458196694,-196326504.144
french,-0.490360799327,-30608274.5059
suggestion,-0.489652779613,-214169523.081
visited,-0.486551304,-387918869.866
new,-0.486487786148,-4044262.88671
slept,-0.484336560439,-134369989.722
show,-0.480822132754,-23964282.2028
won't've,-0.480179289196,-14400601.6464
been,-0.478981909082,-541117.073138
turning,-0.476819931114,-57165149.3366
fashion,-0.476143364983,-91902947.4078
be,-0.475062192973,-312300.008859
courage,-0.470032063756,-93160453.1602
deep,-0.46767965571,-32035084.9043
rare,-0.467364615026,-263559340.859
table,-0.464730740039,-10615264.5166
threw,-0.461043724318,-56576684.3318
walls,-0.460907309545,-38799375.6058
drove,-0.460507014595,-93805818.0667
reality,-0.458085273124,-91379589.7203
sympathy,-0.457957243306,-84623323.5182
glanced,-0.45252908089,-75373427.3623
interesting,-0.452234010313,-72881763.1156
on,-0.449495218219,-216077.824264
present,-0.442334631664,-12737711.0778
moment,-0.441078074761,-4326378.70603
arms,-0.440136967475,-20855038.531
so,-0.438710811516,-415265.730428
lose,-0.436162126541,-129525192.867
up,-0.434098654035,-403600.223922
prevent,-0.433198622492,-208575633.491
engaged,-0.426029075519,-60559182.7367
love,-0.423380747798,-1298959.08885
lies,-0.421741088806,-212317926.352
pure,-0.421108082969,-71363205.3412
prevented,-0.420671103515,-400113610.04
returning,-0.415009759028,-155876917.102
along,-0.410923613622,-8789387.71882
aside,-0.409574423061,-106114735.702
awoke,-0.409412348804,-239537626.845
silver,-0.40851231001,-22297654.18
sudden,-0.406569564133,-35322050.6234
shake,-0.405464393688,-375884586.019
knew,-0.405186348489,-3777797.53737
happen,-0.404670481208,-158625680.49
memory,-0.403972239199,-40654049.4181
big,-0.399398674014,-5711290.58156
wandered,-0.399293131117,-310085955.475
course,-0.399285757605,-4046377.45274
evidently,-0.399023933506,-30047715.7701
general,-0.398334590302,-3298535.71086
read,-0.394270991904,-7856267.10386
shoulders,-0.394269390354,-77987387.8021
previous,-0.393339537123,-126170023.896
pay,-0.39103603569,-27145396.0403
quickly,-0.390421996614,-16033920.8727
suppose,-0.389555836061,-11881272.1929
ordered,-0.389364454462,-85597165.3324
accident,-0.388299668995,-144560897.452
cold,-0.380919791098,-20884073.5903
evidence,-0.379539348366,-32025953.9852
near,-0.377920978852,-9060173.43848
placed,-0.375907596169,-25346027.6839
seemed,-0.372863144545,-1429423.22246
decision,-0.369113845588,-262661933.875
desired,-0.367945483585,-136223655.421
stepped,-0.366319038167,-63781113.3834
observation,-0.365663657509,-110447488.646
stop,-0.363029356204,-36262857.1862
approaching,-0.355348241927,-172786546.156
address,-0.353056891591,-136764143.575
sign,-0.349845403451,-41832782.2617
strong,-0.348668717492,-26850869.4248
remembered,-0.347573463796,-49984203.8154
becoming,-0.34709830817,-139024661.758
become,-0.344172015167,-12120884.6926
lying,-0.34281558967,-55646538.0568
repeated,-0.33844190434,-36891244.8749
hung,-0.337201372775,-60398122.2031
#punct_),-0.334638468319,-24900.4536506
cover,-0.334129152021,-216727139.505
quite,-0.332407682801,-2589365.3739
occasion,-0.325993502395,-52685546.7858
room,-0.325101499659,-1870655.40784
sorrow,-0.324757215757,-26550365.3841
instantly,-0.316355687682,-35773191.876
wish,-0.312231560127,-8476206.47509
accompanied,-0.310420872783,-92859539.3158
vision,-0.304899277023,-24114835.5389
never,-0.303202125594,-1567236.10331
words,-0.30240659437,-4101822.05813
cried,-0.29910887715,-1166282.17955
honour,-0.296150449526,-15802255.136
difference,-0.292628093754,-110761357.107
daylight,-0.292590483674,-200971436.667
live,-0.289970075505,-12177450.5462
stretched,-0.288195029879,-45733671.0579
blow,-0.285943411702,-44486766.1497
longer,-0.284578409814,-7043028.63906
purpose,-0.279588354983,-30965469.6735
failed,-0.277612221495,-113009136.483
speaking,-0.268825319523,-35216632.0079
somehow,-0.263674079484,-60775837.6394
laid,-0.261396970786,-32012341.6086
country,-0.260545816291,-3095527.28679
writing,-0.258694807478,-68837052.2706
asleep,-0.256272142151,-38116965.4487
frame,-0.24922289831,-202173306.547
reply,-0.239723948397,-16608687.9922
step,-0.235686713001,-49301588.1001
anxious,-0.231954757746,-35574172.2195
mounted,-0.227645792876,-67149779.6979
particular,-0.225919389462,-48781296.768
back,-0.224011924936,-1246448.66936
against,-0.221836259575,-4070511.37956
accustomed,-0.21697324031,-112790786.387
gentleman,-0.215510755902,-6405255.07608
brow,-0.212914865696,-60126544.8331
later,-0.212910115073,-10392948.9723
do,-0.200404203085,-329326.958275
aware,-0.1970221289,-25367023.8126
meant,-0.193446189611,-22316513.4463
action,-0.19161035857,-12141630.5757
trusted,-0.190182620697,-196562251.742
doors,-0.189512871253,-58468037.533
#fogindex,-0.188622634015,-0.0279354887986
driving,-0.187140327261,-149814936.984
guest,-0.184409050866,-16706095.3518
added,-0.180487096924,-4238245.97957
luck,-0.179732432565,-80203065.0422
bow,-0.178344187115,-18280119.5611
excellent,-0.178103026119,-66426886.3891
travelling,-0.176922861313,-47446604.4324
consequence,-0.173948643957,-52029462.5614
meet,-0.173260373188,-11922143.7375
talked,-0.171254415089,-27027680.2565
door,-0.170234410737,-1869392.77814
heaven,-0.16959554098,-8379827.76279
helped,-0.168772396546,-102594791.067
likely,-0.167242667824,-31209041.254
story,-0.165669259804,-5890903.68946
lay,-0.158141661288,-3778305.23902
fast,-0.152848379159,-26024804.1251
alarm,-0.151831059097,-68845822.9858
two,-0.151771331255,-481935.924598
impressed,-0.146385380976,-224203738.553
between,-0.141455981399,-3927021.33328
living,-0.140783404456,-9921665.41354
green,-0.13788455061,-3570982.16295
awake,-0.134866613494,-58113443.683
sound,-0.133900776968,-7135795.80705
count,-0.131084396324,-701295.378515
approach,-0.129538415332,-43372446.7195
seated,-0.127498189023,-19106879.5111
admitted,-0.124979481433,-45630042.1393
loud,-0.121090130781,-36008307.8502
absolutely,-0.120382724873,-13611164.3776
#punct_?,-0.116072714417,-1488.37315829
wanted,-0.115813098796,-4982504.43809
down,-0.11567978181,-300080.853707
anxiety,-0.114597586328,-42810215.3666
exercise,-0.114359762584,-65124021.2098
seven,-0.110685309512,-8505926.47695
truth,-0.110288140066,-7012608.03915
constantly,-0.109956867694,-41062145.3415
conviction,-0.108817343889,-113459340.7
re,-0.108230342814,-3198145.86316
didn't,-0.102839974421,-1683273.55567
means,-0.0979596596944,-6187053.1415
serious,-0.0973286291029,-17921372.5742
played,-0.0943950481936,-22752219.6439
white,-0.0929899684356,-872326.259293
unfortunate,-0.0901616255681,-40665827.3731
day,-0.0812737075256,-507363.830357
hearts,-0.079512539806,-12333067.1668
trees,-0.0761477985039,-2656454.82426
stronger,-0.0756270541454,-37758417.1389
walk,-0.0713766814465,-8338056.75477
considered,-0.0695322124513,-9046539.18261
interrupted,-0.0670286885091,-13275532.9419
somewhat,-0.0668398167133,-4570110.43483
weary,-0.058653877022,-22306302.8336
quick,-0.0574760282192,-6718830.96762
than,-0.0539013913953,-120063.719153
suffering,-0.0495937048937,-12101767.7011
surprised,-0.0471084435121,-8084011.20793
away,-0.0453056821002,-310080.207791
consider,-0.0429174997138,-6233756.01338
leaving,-0.0420642803774,-5695374.37463
beauty,-0.0412600757202,-2921505.35609
days,-0.0410408498866,-690098.661305
sort,-0.0403257548338,-596371.065752
office,-0.0401404258235,-1407730.54878
sacred,-0.0380409835593,-5091923.81996
spare,-0.0356829760828,-13990034.8856
entering,-0.0346621210254,-24281371.1429
week,-0.0314872793981,-1576978.70683
sick,-0.0314164512758,-2697964.89943
wait,-0.0305710106295,-3511863.9541
under,-0.02778171566,-340104.018837
moving,-0.0270749289857,-5207905.40325
voices,-0.0224766460695,-2986838.36789
brave,-0.0124117982318,-1977351.7049
caused,-0.0121534318537,-2735678.9423
act,-0.00361517132063,-450858.067786
entire,-0.0022022132994,-176460.211819
intended,0.00364319078867,1035167.29986
#punct_-,0.00487116210213,6.66815333932
consciousness,0.0101058837241,3671727.86096
smile,0.0205865116695,941678.454176
suffer,0.0243669017629,7853590.44587
fail,0.0282916745335,14446150.2397
at,0.0309480296092,32335.4121995
tree,0.0311968342105,836180.560222
souls,0.0393880888893,1535866.2398
lived,0.040348270904,1591640.06264
beginning,0.0409559531946,6012617.57459
stranger,0.0431445248431,4487739.21618
meaning,0.0474222365867,12542217.4364
when,0.0475654940727,74625.898032
extreme,0.0480191697888,13498923.1684
follow,0.0483886410011,10631733.5785
stars,0.0486475031083,2697409.46704
rapid,0.0529701181116,22038802.0516
assumed,0.0544300389449,38689202.7674
noise,0.054612124492,7334668.29911
around,0.0557061113019,547830.735559
perhaps,0.0611708496008,931126.676402
necessary,0.0645703707232,5701936.64592
simple,0.0680352928838,11555779.1849
mysterious,0.0681285605764,14232353.1482
agreed,0.0755416154274,19039313.3914
sweet,0.0778493252008,2885894.44317
board,0.080165468546,1634272.35309
ear,0.0853232219622,16134512.761
thousand,0.0854563191544,806837.187458
consideration,0.0858250360802,32289494.4318
listen,0.0871211238678,16988222.4256
stern,0.0932052623661,4490511.42886
welcome,0.095319942935,22593482.7589
lines,0.096370147083,23482403.2589
dragged,0.0965298824725,19409449.9507
tired,0.0999579926037,18979906.1842
replied,0.108602275675,318467.957808
head,0.109946674602,1115941.44235
over,0.110226273408,345091.238514
crowded,0.111347593712,48697651.711
spoken,0.111399425385,13676553.353
wounded,0.113879541441,41721069.799
while,0.11509433367,578211.390823
brilliant,0.117332498434,28458565.0747
speak,0.122997290836,4152033.42903
store,0.12794442205,22938091.6008
shook,0.130028870413,13956307.9532
legs,0.130353979621,12165310.2734
constant,0.131483709687,62999716.1007
knocked,0.132187323873,128785591.483
house,0.133144574031,438133.968394
length,0.135071795308,5860353.23341
thin,0.138338828093,25839593.6634
possession,0.138821039398,32471224.4692
news,0.140130771875,9267951.64233
despair,0.141596066977,26375190.5052
pace,0.144072929628,92989782.3466
sufficient,0.15074996906,29257073.2055
wonder,0.153155483317,19106537.8827
idle,0.164240555997,254475560.185
informed,0.167890687652,53497652.9916
#romannumeral,0.177611683015,1328679.73539
fingers,0.178634216267,21779513.2321
emotion,0.179991372834,65456353.4373
cry,0.184514144983,36490198.2034
self,0.186098325675,10998796.034
thoughts,0.187703029621,8841123.69716
feel,0.187741341501,6578342.14421
during,0.196862461632,4899818.32708
star,0.197772986676,7057307.20911
black,0.198043573932,3208468.70662
help,0.207508360577,10056551.9941
heard,0.210841999175,2584650.00193
english,0.212089878966,9152643.09239
health,0.212472693997,23461285.8118
had,0.218253955869,28361.4468946
trembling,0.21894807559,55745726.2392
what,0.218966641825,288585.260265
falling,0.220920398194,73560835.7683
bring,0.226160900443,24910150.9696
clean,0.229198301203,81477507.8001
generally,0.230704386149,38970741.5484
inclined,0.235360016633,136853722.728
explanation,0.239579149384,86333012.937
beat,0.252218961755,48656239.1256
rooms,0.257799629668,44633870.606
farewell,0.271036169722,151652399.781
fate,0.273709646522,30993342.7166
twice,0.279253970534,114533906.83
leapt,0.280628237547,51815266.851
a,0.286872539663,37501.3292998
#punct_',0.287105374497,133.153393326
satisfied,0.288360801851,58340152.6142
assure,0.291715886164,158984838.352
looking,0.293307337747,6872697.49876
successful,0.29665689955,124096973.876
solemn,0.297849021788,120868590.262
ah,0.300529545479,6114622.11595
insisted,0.306003131283,182163635.675
choice,0.308785160755,125508082.289
f,0.313615345022,32301424.7285
offer,0.314116003923,55728075.1279
right,0.317537511698,3163843.84701
presence,0.318217076132,26394196.6909
shadow,0.321532984989,36785519.2823
kept,0.325316772307,20669960.61
one,0.32601384143,537762.08599
strike,0.329230671908,47683436.2589
behind,0.338442265815,8732970.76407
held,0.34667319147,15232827.7634
heat,0.348602856884,7868624.89267
signs,0.357343658729,137102643.862
obtained,0.361974465385,242068160.983
friends,0.36533352458,11277882.2
but,0.367080225304,184613.926426
whose,0.370917403488,7583229.53202
observe,0.375628454454,197130615.909
impulse,0.378044802349,183596628.912
senses,0.381429992915,48287502.787
above,0.386830499479,7323835.39947
events,0.388341695393,21899331.8604
shut,0.393597834083,74791795.5176
pass,0.395655191594,103122530.295
solitary,0.396906176263,539248975.468
aloud,0.397776781585,162141990.59
distinguished,0.398120085151,220591461.421
attached,0.398812117568,182502291.478
whether,0.401871177381,21281104.8966
fly,0.405291114698,107009404.114
speech,0.408199022783,82604084.6679
four,0.409336443856,8914495.18036
unless,0.411018911053,85105955.4982
pressing,0.415441441584,671435111.512
exchange,0.416388422502,560230525.923
flesh,0.416773329351,63627100.7819
pause,0.422140520462,78218111.9895
get,0.42545844193,1723649.23229
gate,0.426190474304,73930238.6349
treated,0.429437182988,293018509.114
remarked,0.432145040662,28159190.7056
built,0.432214964834,93835625.682
lights,0.433931320991,133219316.768
least,0.437421070411,17152327.2584
crossed,0.445491076317,87257038.7884
gathering,0.44594609991,256560426.507
knee,0.452936859872,630382722.167
pardon,0.453200638644,123326537.517
lost,0.45534275094,39778422.4845
#punct_â€”,0.455631419599,834.020885334
waiting,0.456757421382,49521427.373
minute,0.458101693141,30276069.7158
appearance,0.461105747917,72889245.5424
pieces,0.461617503813,126456484.027
mile,0.462129728806,23897694.7242
t,0.462317212782,721907.239173
greatly,0.462872518804,72440831.9369
equally,0.464027422935,167852361.726
remark,0.464596685373,109268000.766
discovered,0.467286186029,43913478.7367
glorious,0.469915509857,67396645.8754
sent,0.474436134465,24068850.0967
hall,0.475879121247,19406132.4695
for,0.479140298342,307305.093802
movements,0.481542961792,140297081.835
wall,0.481921154237,25312304.9133
led,0.482584849026,42178478.3037
express,0.48384144112,276414538.485
towards,0.484123083886,5633487.14754
sounds,0.484942434161,117163042.814
ever,0.490916540777,6128431.56423
thoroughly,0.492233120803,84610209.7085
written,0.494206071295,89436340.4959
touch,0.494397769022,121039994.811
double,0.49538224591,107214390.049
needed,0.499270899476,243591166.219
yet,0.501298495345,4598024.42019
j,0.5031882207,18253457.8964
view,0.504813226014,53910311.3329
foolish,0.508201163376,155751426.543
spirits,0.508431063984,57478775.8306
worse,0.513954854807,127604841.462
willing,0.515282751481,270006372.225
softly,0.517873352102,130783638.043
whisper,0.51915187992,285973029.385
formed,0.519370615726,58056865.3826
feeling,0.520430394678,24475173.2826
bright,0.522734199314,34516257.0837
visible,0.529061193993,52140869.4584
pride,0.53348481312,128497117.161
excitement,0.534209840854,116812250.044
top,0.535365020525,42855028.4893
gradually,0.537419459511,109609634.789
fellows,0.539119075333,60629766.0904
skin,0.539338480381,80711208.5419
choose,0.539908466382,335747901.354
final,0.541897860907,134629463.906
plain,0.542801575705,88517760.3825
necessity,0.544164842293,253656193.71
past,0.545126385682,11912609.8394
reaching,0.550386725215,217180827.368
amount,0.551589462141,134379711.039
motion,0.560720925669,60629931.1209
m,0.56186176991,4977741.10142
order,0.562915041524,18499629.3318
assured,0.566446165072,225696020.868
permitted,0.567371915554,160127753.253
fields,0.567584543674,27025677.0709
filled,0.572390813648,20744689.3668
experience,0.574190781004,77170647.9483
below,0.575146153845,13038177.8293
concluded,0.578948528227,159212384.399
scarcely,0.582039877765,38871106.7489
regarded,0.58276602111,118469355.765
worst,0.583435772205,213167272.324
hill,0.591216319147,35956059.528
receive,0.592139875812,97852487.9337
enter,0.598645320538,193765999.528
nobody,0.600188773205,75175778.8109
mean,0.60563722438,22836758.5827
pain,0.606310141308,44731034.5247
outer,0.608481378951,41720467.8914
being,0.609958526248,5455143.32151
troubled,0.610843476996,291304989.487
next,0.614574631979,17521399.2676
forgotten,0.619014070135,59552051.5352
quarter,0.619890662709,140147603.969
time,0.620212500583,1735483.8853
enjoyed,0.621214355312,296202503.645
assistance,0.62669215521,260072640.535
curiosity,0.629626293758,165551129.205
burden,0.633057311544,543717431.522
#punct_:,0.64028838234,8538.00913574
hand,0.640434774838,4913452.006
atmosphere,0.64049561802,16771725.4898
calm,0.642031127246,104443309.737
suspicion,0.643889523209,191157761.49
probably,0.645310139935,43573878.8948
rest,0.647728675098,34654633.6755
fight,0.649719532182,59051113.4925
exactly,0.654773471513,72187841.9153
pale,0.655490493205,43229945.9209
smooth,0.658619384319,545407620.092
conscious,0.659419450717,123356289.189
lot,0.65984352625,49065393.7904
such,0.661878019422,3350345.78486
whatever,0.669599745766,61371335.2242
sake,0.669927741613,99367581.7875
#placename,0.672535602942,281058.803316
grew,0.678858599662,32394762.8118
now,0.680623856969,1420709.00639
similar,0.681714204845,141000057.099
either,0.684236228649,44328423.5093
required,0.685137741202,122505328.562
completely,0.686472266623,181090588.026
stream,0.686801816129,131008922.799
carrying,0.688451478609,182155051.534
waved,0.692054858486,554712061.344
face,0.692739236235,3480899.59497
measure,0.693054768677,334219301.112
showed,0.697609198116,72132221.6647
sky,0.697787614603,24324188.9529
hanging,0.698178289557,535475024.093
liberty,0.699124725709,172124851.119
spread,0.700030156349,213826579.309
five,0.700841980986,10338899.834
strength,0.70626811094,48866222.0233
impression,0.70732331996,129505191.001
accept,0.710030073973,142464838.549
saved,0.714062696178,205656269.499
contrary,0.71689887225,286980120.115
defence,0.720995689345,209085831.546
dust,0.721092919262,140090146.74
in,0.72492553562,157463.797225
touched,0.725536660047,123161780.906
into,0.726993676477,2672833.75054
promised,0.73317918764,182988170.133
own,0.735665213278,3243275.78904
peace,0.736805302638,86632761.0309
cross,0.737278206953,112956897.511
forty,0.738353860898,128161979.834
moments,0.741225870173,154297397.201
slow,0.745879459339,206513568.979
whispered,0.750244781034,86869717.6354
sacrifice,0.755552324104,30378037.5048
boy,0.758938524614,3380463.29831
was,0.759202178753,71073.8374191
dressed,0.759221776306,113508225.887
witness,0.759986789012,194562029.923
bitter,0.76712046693,356271718.909
strangely,0.771554939829,504409939.113
closely,0.773310554505,230638199.944
side,0.773407528611,14242079.9928
worth,0.773672501051,136400573.44
devil,0.773987395871,153562627.853
decided,0.775498079447,129531634.363
box,0.779468865139,116580514.454
drank,0.77964157642,256933382.069
where,0.781740511024,5484400.42611
social,0.782137626458,45082086.5077
weak,0.782921715055,179632421.112
girls,0.783438941807,32313549.5021
dull,0.783446475582,281462913.731
reach,0.790087460827,88353463.0896
wind,0.791249921268,19377859.6374
shining,0.791836205177,217192775.74
light,0.792590598892,4420983.47177
point,0.801904514707,23079968.3052
war,0.809178602893,6525964.3078
remember,0.810699030823,31171848.1156
hour,0.813747699547,27296004.651
equal,0.822216445341,132179079.416
unhappy,0.824023375492,192314055.532
comfort,0.825808465683,147717442.218
moon,0.82782464342,1625291.68195
attack,0.829715283863,111316662.025
realise,0.831261390752,315738588.099
heavens,0.833848407638,194509779.601
guard,0.833984104366,21490561.3056
class,0.837773379524,66293426.7065
discovery,0.842094984715,39409763.9852
children,0.84213046966,5756455.03822
trade,0.84525087688,264875137.706
gold,0.845502999814,33500345.339
caught,0.846326299971,72253789.6187
horizon,0.846734466687,116295277.846
directly,0.84706089632,176939543.651
continued,0.847506116091,20642555.2403
pointed,0.84946959481,235659517.853
won,0.852138161542,155419566.592
ashamed,0.853413414609,417561688.169
eyed,0.862511110941,437389812.414
advance,0.864047617528,413459903.886
no,0.868067882939,1261997.96104
portion,0.869418518945,108435742.109
about,0.873929021497,1740259.01259
soft,0.878243355669,120769506.43
man,0.878846040735,556558.160078
avoid,0.879638533569,847086151.745
more,0.88014546381,2557830.70555
language,0.885702527247,84958330.4282
enormous,0.8858655562,56827896.8259
sea,0.886592893441,4706153.30987
grave,0.887540274057,107027123.105
puzzled,0.893455886211,783642064.859
plunged,0.89711924836,518236364.178
failure,0.899230813545,909511477.331
splendid,0.905918900607,150439315.042
united,0.909570284117,46830919.2123
broken,0.91396115196,102527738.874
know,0.91422590485,2288497.23284
increased,0.914633565951,170223733.378
risk,0.923313382786,325702633.291
absence,0.928122485721,320530102.35
passed,0.930965073317,28977173.6442
remained,0.933959420432,66528968.5407
together,0.934226160272,37075014.4964
use,0.934674853558,62823635.3073
lord,0.936461164738,3399029.7406
appear,0.939549553803,227164379.722
named,0.939849254602,443879403.73
men,0.941426112311,1765945.8313
removed,0.94754097817,539274059.135
grass,0.949117125485,169875255.533
unusual,0.953286446036,589387210.393
figures,0.95389120352,251653787.516
ends,0.958058817962,566571942.319
danger,0.958796247283,32299951.1688
rush,0.962008888049,499532206.412
raise,0.966274385781,288860915.946
roar,0.97437868271,514156404.266
powerful,0.974863040329,176828975.814
sit,0.979631099483,126233613.127
proper,0.98224827892,183148076.48
flashed,0.982652904611,365458956.602
marvellous,0.98335839202,137226254.312
mind,0.984687961257,12379024.4249
slightest,0.989865885845,317702666.455
corner,0.992141753032,80275983.2292
#monthoftheyear,0.993612689339,4796104.67133
animal,0.993953043208,84404521.3138
disappeared,0.994592057652,123404435.156
accomplished,0.997894644339,678276157.815
wondered,0.998402532012,287301363.679
key,0.999947830314,367221375.03
made,1.00713736356,7692127.26213
society,1.00960067015,37850574.93
gathered,1.0110602564,339310253.005
from,1.01522694519,1044099.8238
hours,1.01944112541,31714470.0136
fully,1.02148514537,143624066.448
proved,1.0222906856,211229954.362
since,1.02520608898,24100500.2621
last,1.03407287082,8263324.6183
inside,1.0345740257,314560673.869
remaining,1.03729991279,547127385.488
sheet,1.04697619631,769948735.908
picked,1.05065533699,313859923.892
chance,1.05223171313,99771885.7003
nothing,1.05841361909,6366038.92262
affected,1.06122384972,532193345.487
are,1.06165628103,949192.266191
property,1.06223905938,137836033.474
nor,1.07783611669,22573023.9384
among,1.07805495237,13275550.1324
the,1.07874978733,6162.29287458
practical,1.08181342285,359140131.027
eight,1.0829124083,99057335.7881
tried,1.08977261844,52902919.6521
less,1.09147957611,21018003.724
distance,1.09310198486,19273333.6447
breast,1.09439193068,164745324.139
creature,1.09691587181,69887745.5608
close,1.10012260908,46591475.3284
peculiar,1.10512097698,164638436.573
sleeping,1.10805404144,405607340.152
murmured,1.10903678914,108596194.683
imagine,1.11022717241,177403073.38
stood,1.11029837148,15622276.6031
ring,1.11038933481,188092638.15
stone,1.11116383781,72658205.4544
ears,1.11756267368,244073220.008
other,1.12215860561,6946389.48764
came,1.12329963813,3439087.54206
discover,1.12745494326,461444107.382
original,1.12925246144,872719883.875
labour,1.13144195104,26250301.2053
sought,1.13430578795,179452720.868
descended,1.13780347296,367889265.226
grand,1.13977528255,82335193.0379
surprise,1.145194908,113778492.773
look,1.14583562644,12193998.9255
supposed,1.14651245644,216322087.753
my,1.15000933621,94344.4462755
sight,1.15030961351,38258387.304
shame,1.15112007667,194365449.85
silence,1.15343532367,53997745.1174
all,1.15631565346,933917.097376
years,1.15698796916,7035158.02502
altogether,1.16286692011,99635508.9577
search,1.16345851578,113198503.397
sleep,1.16570442461,76820197.6875
arm,1.16616384651,55833679.7682
divided,1.17027689691,902177595.093
roof,1.17036818186,141000221.274
bottom,1.17105395422,83816298.3339
family,1.17227146637,20321095.198
narrow,1.17278855375,280187637.516
direction,1.17562967976,58131371.3063
tear,1.17671062908,1594680593.57
energy,1.17815842747,249991469.501
steady,1.18014045622,679086846.383
perfectly,1.18466724623,72844844.5463
fire,1.18782958423,21885290.2904
waters,1.18887770823,81865235.267
must,1.19328709259,6006599.0181
assembled,1.19404324747,894590037.152
far,1.19701840492,15474160.5836
influence,1.19764291022,145965582.248
coloured,1.1990520177,198355838.253
water,1.2011009089,9289156.97604
yours,1.20598413275,152253097.732
chosen,1.20852016209,643147634.287
still,1.20941166314,9274163.94791
edge,1.2130975795,110182988.384
exhausted,1.21687747331,617651376.564
eyes,1.21826954963,5192311.15833
ended,1.22138172515,512314694.768
learned,1.2238234387,101018162.898
life,1.22706336211,3739466.4932
progress,1.22902483621,93625205.5543
single,1.23149205522,87538908.8599
killed,1.23476160338,103553213.809
daily,1.2353729521,132094888.938
demanded,1.23785728145,204693506.564
accepted,1.23809510136,467921439.539
useless,1.2391329811,510671036.151
safe,1.24155369341,148999522.62
fell,1.24240299487,49511973.3011
believe,1.24648473269,49479187.2835
surface,1.25133404171,27475894.1185
trace,1.26140651744,974066386.939
complete,1.26208315032,243592052.859
host,1.26966171151,105181900.769
iron,1.27562484924,98266037.2238
field,1.2764741273,204599736.06
flash,1.27964316617,671155099.16
possible,1.28972370939,51108439.3935
smiled,1.29529119182,106637157.134
idea,1.29543521659,68500527.3247
high,1.29712566948,21416249.3583
it,1.29814024682,171939.4801
once,1.30017608422,13182284.1276
sprang,1.30454119592,212638793.675
personal,1.31030810489,202065155.003
loose,1.31167755451,614801692.288
those,1.31388257273,5763055.4933
steadily,1.31770499984,889279200.018
mingled,1.31818904468,757540753.901
whole,1.3194988744,24311358.2452
times,1.32154941518,45582930.6263
absorbed,1.32289701889,403567971.193
upon,1.32421080725,692027.6891
wake,1.33022116688,1029853252.49
raising,1.33063603167,1733424022.92
chose,1.33351200497,1197647298.47
works,1.34111987961,159307992.042
character,1.34598209009,94035806.4963
themselves,1.34606705193,40392435.2595
yellow,1.34797325716,86988076.5214
line,1.35460693862,69458027.1886
plainly,1.35765041638,509443332.137
burning,1.36004451018,340583757.602
highly,1.36113971169,778715374.88
leaves,1.36178888524,237266862.175
height,1.37249085151,152563585.691
compelled,1.3746301128,261004597.169
fifteen,1.37785409103,225539509.081
nervous,1.37842744914,581338307.449
slowly,1.38216707414,72428413.7793
promise,1.3825586124,285322410.01
move,1.38836951273,249045453.23
refused,1.39172659152,444797101.163
sentence,1.39254776935,652961373.53
directed,1.40017387347,891684502.043
hate,1.40077750478,465835900.519
me,1.40332936909,230609.432416
contempt,1.40464973243,1069070505.89
running,1.40501458721,121030262.718
straight,1.40735824779,179077364.703
important,1.4097073172,236247284.812
practice,1.41058695488,839743268.461
used,1.41464779328,51433965.5122
nevertheless,1.42136469305,113067062.453
risen,1.42220910381,1448068700.7
sons,1.42347205461,432505281.655
city,1.42514258508,10508008.6629
something,1.42746217287,18713927.8375
companions,1.43342385595,104235675.821
latter,1.43634718885,73997796.3077
wondering,1.43804276457,856838719.866
everything,1.44282395482,50154301.7804
heads,1.44551602709,245879654.838
subject,1.44908859765,117515525.762
wore,1.4496233282,340712255.014
suffered,1.45719862912,798256363.737
situation,1.46029009872,279267422.134
utter,1.46048622212,540768003.019
seeking,1.46483990054,977352361.494
command,1.46511204333,125638476.117
press,1.46700831518,1299447790.3
efforts,1.47245009022,729510654.923
"#punct_,",1.4784228562,262.043248812
before,1.47848214205,7192898.20587
minds,1.47986760658,298703692.157
became,1.4812944516,47843131.7231
naturally,1.48396698788,357129473.872
nature,1.48754744657,32708308.2583
even,1.48847657745,8908439.23297
everybody,1.49287673204,167237475.407
spoke,1.49308180454,65692620.2246
sun,1.4942741301,11690607.4022
their,1.49980917159,1119263.29266
followed,1.49996695337,119372003.508
space,1.5017333894,19346536.466
confusion,1.50554033512,454188402.474
powers,1.51100666709,219211067.67
experienced,1.51259940822,696817772.13
bowed,1.51822926609,378016236.692
crowd,1.5211817513,72439128.3611
explained,1.52467769886,291204579.052
slipped,1.52484504011,753368106.94
pointing,1.52527202434,1106900209.76
suddenly,1.52649774703,32659330.514
reached,1.53108242495,75005508.4591
arose,1.53344846374,153420907.565
mass,1.53697659181,65192194.8415
mad,1.54206116986,356353745.96
chapter,1.54224767038,36741921.1571
need,1.54258878434,109435923.427
devoted,1.54644963034,243876376.867
lead,1.5498981757,638156884.693
price,1.55099497553,445566663.194
faint,1.55157936624,213577476.79
any,1.55374751807,6170474.50928
#punct_.,1.55564722801,583.094992008
merely,1.55702957607,190737535.074
paid,1.56499768605,271067532.297
e,1.56911880518,17865377.4965
south,1.57251999961,84130904.7815
hesitated,1.57677120363,380249206.571
fears,1.57829119817,900316429.735
feeble,1.57966973395,754199700.95
left,1.58188731193,30742006.5838
realised,1.58286766981,208747996.98
can,1.58388953291,4355713.83025
them,1.58761485068,2101030.53482
again,1.59202490542,7100688.45404
miles,1.60011570833,28135485.2281
outside,1.6054771841,196389696.872
entirely,1.60551063217,139565979.489
wood,1.60694348844,146033210.556
rolled,1.61039148891,801982970.404
each,1.61078432442,16763195.3625
following,1.61174592663,209002974.809
known,1.61341094431,84629591.7816
warning,1.6150234657,551867435.292
parts,1.61799646658,656614409.405
enemy,1.6219300629,54047325.508
woman,1.62247328334,8483507.70588
justice,1.62324279035,176186781.209
carried,1.62406324635,126302659.107
however,1.62564456968,22785348.9792
fallen,1.62665417116,407382298.837
different,1.62809662864,80526708.6021
appeared,1.63153890128,69917610.6732
movement,1.63277943769,261986198.741
fortune,1.63407772656,136255430.848
some,1.63446151205,3485956.63212
proposed,1.63458148092,746970300.749
save,1.63475826396,98619966.7433
mighty,1.6359513459,121895551.625
success,1.63893078012,273595487.097
larger,1.64564585582,275298002.823
cost,1.65168037372,476353978.835
result,1.65772479064,167353325.03
turned,1.66224014554,23359301.8557
battle,1.66950262115,90287516.7343
square,1.66979156425,82196633.374
confess,1.67785848362,577163749.427
start,1.67890561846,199541881.59
fourth,1.68116709184,948425099.611
by,1.68919313023,953162.565066
thirty,1.69043140167,239801439.512
arranged,1.69687593771,749322927.249
thick,1.697113161,267624216.419
impossible,1.69871801635,97349671.5751
shade,1.70270380387,905934906.844
wisdom,1.70360648775,544037984.246
shot,1.71070838568,65896958.8942
year,1.71141719737,63166527.331
intelligence,1.71705213003,298897155.578
people,1.72791939497,6559394.99004
breathing,1.73436413919,1105561910.64
support,1.73635069716,668604539.866
note,1.73973821113,193743527.868
instant,1.74042089847,120412298.502
mercy,1.74156679735,568652464.594
many,1.7425907044,21107339.9575
startled,1.7432357944,963909324.295
ordinary,1.74389347796,201833496.356
public,1.7446838777,86856925.0873
dreams,1.74823367945,602914923.94
i,1.75060686731,26508.4318948
material,1.75203227852,276676407.569
spirit,1.75558243837,21923703.9253
midnight,1.76470402476,570595513.354
circle,1.76852541294,109944738.541
utterly,1.76924607406,338731944.72
approached,1.77068450557,292717598.937
questions,1.771945976,295601095.068
air,1.77362287253,11429209.603
storm,1.77647181604,246603180.972
entrance,1.7829323556,347300379.396
our,1.79810746396,1011245.83752
doubt,1.81006134842,113814654.597
dropped,1.81245496806,264938074.17
faded,1.81349626647,1404466160.02
handed,1.81903535313,563758090.88
task,1.82225858104,550025981.966
relief,1.82570894281,516523193.741
occasionally,1.82586554063,813721013.52
died,1.8300878638,107537680.48
except,1.83298063006,146198728.978
#wordlength,1.83620104087,73.3694046982
could,1.84235006835,2879426.30201
strain,1.84429825237,3056817992.65
happened,1.84446825676,148282437.571
managed,1.84814115343,1078515893.47
forehead,1.8495939483,547132003.618
low,1.8528092261,112329670.307
things,1.86166907126,11689715.8973
separated,1.8763001873,889926508.844
drop,1.87654244754,985305797.71
waste,1.88108920529,887362904.717
hands,1.88205147585,39038969.7031
period,1.88231046067,230503344.425
described,1.88987653626,1266625417.58
cause,1.89403371175,203161485.138
imagined,1.89610500802,565663217.651
understand,1.90403419369,93103227.5387
finished,1.91520494819,491938773.982
curious,1.92789139459,330063576.446
die,1.93019009968,119840186.282
members,1.93488196094,192997358.27
escape,1.93719131106,126399229.336
mystery,1.93855245894,648707908.182
deserted,1.94212856152,502587177.38
rising,1.94253640193,284870622.851
nearly,1.94568337974,121382778.473
broad,1.9597623875,399932475.905
hole,1.97228700814,690746857.793
ground,1.97381485348,41817621.7999
most,1.9755343475,13839057.701
extraordinary,1.97895333974,263809676.52
condition,1.98199563052,312253959.845
admit,1.98329433274,470667653.707
remarkable,1.98571876053,1074943869.32
matter,1.9943927126,67511637.1389
name,1.99493335964,36790951.7797
greatest,1.99533709109,235180338.685
work,1.99926564636,16862654.3646
struck,2.00113702679,137490644.271
escaped,2.0075444899,674087113.915
lives,2.00824168756,274859607.44
neither,2.00877295643,160949170.185
art,2.01013800483,50941458.3602
clearly,2.01734687159,357838685.189
imagination,2.01938803894,723208413.177
prepared,2.0202993374,409286839.545
slight,2.02128951228,522861914.844
eagerly,2.02151622995,785374922.261
example,2.02355211715,349564602.194
that,2.0251383031,219235.161845
saw,2.03588839588,9018537.19668
wonderful,2.03987749279,156348563.056
only,2.04031133418,10454428.8875
short,2.04197302134,112329804.003
belief,2.04348929046,933689643.936
greater,2.06429721467,216210096.005
east,2.06798333647,273241693.366
#punct_^,2.06875729946,67517.041552
music,2.07088891739,85905183.822
forth,2.07395354904,176994790.201
death,2.07585397242,13989888.827
importance,2.08291034971,966807072.764
shelter,2.08665599847,894529209.962
somewhere,2.08866188603,982851278.951
same,2.08938545311,26636149.8034
expression,2.09058131136,213071336.463
building,2.09092747288,91297594.8625
darkness,2.09770581093,69313346.6101
change,2.09861768065,235436653.897
evil,2.09954932793,150247386.012
rich,2.10197827992,154276581.747
study,2.11037344748,593135441.668
reasons,2.11438516597,1667385927.56
hurried,2.11461361827,298979193.041
provided,2.11531883604,1537803725.92
stands,2.12111016329,1791067272.24
ideas,2.14136711166,590026280.042
government,2.14614102335,68765304.0668
dead,2.15387566276,35547385.0536
recognise,2.1539261726,1545883914.04
report,2.15819169694,280879277.447
number,2.15933002126,89459576.5674
houses,2.16226644081,213153977.9
highest,2.16270904865,544598281.073
great,2.16289409239,5409033.95294
passage,2.16599892148,214483582.966
buried,2.16605348728,600111779.1
open,2.16727119383,95068325.2166
flying,2.16764511654,216910695.841
found,2.1720491877,33856273.1168
bore,2.1775724542,571874181.184
capable,2.18277392686,802984996.949
seen,2.18502013198,49877183.9181
question,2.20656821852,104970022.002
dared,2.21114400942,683788736.479
#punct_/,2.22586515912,5298766.74989
extent,2.23134094516,1429923015.12
its,2.23349120052,2419321.44778
stared,2.23574269268,252415554.811
second,2.24226636662,50661984.3696
smoke,2.2555690591,169208398.279
special,2.25751307291,351694652.879
opening,2.26156613126,498884635.084
beyond,2.26589056962,114177591.973
tore,2.26810584672,2648762666.42
able,2.27016937743,116390580.001
immediately,2.27347608497,172486938.233
secret,2.282607405,100243239.876
immense,2.28288967452,169431514.616
system,2.2880059534,75761242.8397
rushed,2.28884057707,424518234.479
weight,2.28971357326,232399792.986
active,2.29016148898,1479376667.78
noble,2.29086388041,307149246.784
small,2.29180411296,85595251.2693
anywhere,2.29412769883,2790142099.72
recalled,2.29868267124,1650319694.05
rise,2.29973220445,478830009.634
degree,2.29992653334,577832030.699
ancient,2.30340446279,248931073.422
misery,2.30756193402,652826630.599
completed,2.31969344455,1249625110.97
marked,2.32227380528,766968307.343
twenty,2.32237107894,69577721.1616
of,2.32830793863,31637.5141375
remains,2.32946670754,1290333196.34
smaller,2.32955939498,902270062.468
covered,2.32982399629,265416179.167
natural,2.33630562871,186863467.103
conditions,2.33705824806,323311648.605
age,2.33713288469,4134459.28549
swung,2.34159545761,782981801.25
attention,2.3472280005,289760567.792
set,2.34842091402,75944844.443
feared,2.35825248173,846024055.573
indicated,2.3671414734,763625901.166
unexpected,2.37404231313,1248966691.83
mental,2.3792687856,582404235.198
land,2.38187431184,24693516.5562
mere,2.38418538946,187884215.747
resumed,2.38698726341,626089423.155
myself,2.3965085972,16360804.805
or,2.405975821,1586339.34248
hearing,2.40830203144,1211340154.39
add,2.41398594151,1304866672.48
ran,2.43126240282,109132682.219
terrible,2.43222246015,132433763.048
finally,2.43530314419,155982909.448
perfect,2.43668118453,236590728.329
floor,2.44465451587,156435093.574
several,2.47029007783,55672783.1987
speed,2.4712495032,49870754.9701
former,2.48274803612,217915167.963
vast,2.48539829199,86915457.2384
cloud,2.48851796565,252375731.482
lowered,2.48974455309,1659745751.47
fact,2.49976898791,69292603.933
colour,2.50076933883,213396568.107
this,2.50312473783,1372646.78164
earth,2.51697510562,3871936.72992
wherever,2.51743514805,3354305291.0
occupied,2.52283945977,733431353.645
triumph,2.52967349808,789527324.92
twelve,2.5341023699,331435194.532
pictures,2.53916620439,687602713.082
windows,2.54073401557,512399994.072
power,2.54725964074,44247937.0671
shall,2.56190560202,14031694.4861
rate,2.56250660985,267946667.881
learn,2.56452948215,556197818.559
helpless,2.56471191008,1249577543.85
dozen,2.56570530187,433385869.4
vanished,2.57064107277,354882347.663
centre,2.58658592388,160358659.215
upper,2.59521205776,224820408.432
simply,2.59849287152,294538967.933
forms,2.6054014021,298667497.956
points,2.61147116217,798454891.592
find,2.61949871722,85004680.7967
looked,2.64685932394,13614677.8202
then,2.64906797797,3794510.38809
flight,2.64979525482,434712245.397
plenty,2.65150033911,881887565.505
rested,2.65994133982,1287499764.23
every,2.66663051193,22192265.865
ahead,2.6760024619,348521152.005
ignorance,2.68427482832,324769410.797
couple,2.6847885104,530436387.294
chain,2.6931825788,1451788522.24
food,2.71350373046,29117349.7377
clouds,2.71444638769,446088630.935
cleared,2.71865609311,3285718621.48
absolute,2.73072379578,633186358.641
alone,2.74455331409,96989656.4297
wide,2.74554580718,352864215.639
opened,2.74588427275,219607336.804
street,2.74730309607,47900429.4795
spent,2.75836167404,674294028.357
sat,2.76868809928,54028963.1559
driven,2.76967072108,1255739106.01
bare,2.7744969215,1175140155.29
education,2.77645801264,631439348.253
rule,2.77676557572,768546199.88
clear,2.78420841768,143051449.83
first,2.78608716267,12688017.2976
pile,2.78648155908,2067499325.42
mine,2.78973482695,177226240.175
struggle,2.79209766351,566889816.681
already,2.80395170045,110575774.928
closer,2.80671149708,1554489337.32
brief,2.81113282373,599350561.212
message,2.81758977217,308011350.07
control,2.81930008142,847464261.739
concern,2.83124358455,2024429144.91
contained,2.83225799343,1545198250.13
familiar,2.83628065993,640239555.901
effect,2.84640053343,228167403.0
feet,2.84704818317,27173226.9557
few,2.84886556198,38686409.5745
awe,2.85786047204,2504099428.41
ten,2.85940246185,93252960.5068
claim,2.86073769829,501320418.655
form,2.86671101612,70677261.5486
amazement,2.8785915189,1189044970.65
facts,2.87925620871,484125401.331
starting,2.88822386683,1250548585.38
clasped,2.89901659493,2017518554.24
working,2.89958154037,534443042.964
race,2.90670145067,72082161.1923
three,2.90679896874,27092399.2318
noticed,2.91998391936,462082760.335
body,2.92375066835,40319346.4813
end,2.92797121217,50584972.3898
shock,2.92924471805,376123423.502
force,2.93298511471,171388237.552
wave,2.94225047943,1683647917.51
connexion,2.95984030823,1595010697.39
returned,2.96077305502,66735507.6732
law,2.97383189056,97105619.5283
victim,2.98596120452,1417704337.8
decide,2.99453437849,3383242423.45
fear,3.00368203101,84153396.004
tied,3.0211288616,3510834560.55
violent,3.0280457865,1646863251.62
alive,3.03193804495,745671060.162
desperate,3.05099100813,1717427556.58
fearful,3.05408108141,1139301257.83
cannot,3.06425301945,52346560.6394
papers,3.06726727024,257840708.406
therefore,3.08545190361,101042782.468
half,3.09796960755,39838092.2662
throat,3.10714806774,1256045963.83
third,3.12868261648,424101336.887
terms,3.13246203652,866242116.21
us,3.13735223094,2899286.12025
strange,3.13957171694,59055982.7374
statement,3.15358813945,2151609821.39
west,3.15891727862,208523298.131
until,3.16331082598,32737770.5569
desire,3.1642130176,301967775.284
middle,3.16998217416,586305155.411
prove,3.17272940892,765335961.727
there,3.17864278608,2860763.5532
permit,3.18517625678,1889113601.79
common,3.19338577349,248736957.713
succeeded,3.19842355738,610274947.758
possibility,3.20302111428,2086156270.39
ceased,3.20909677824,357783106.665
chief,3.21210017198,115434155.881
explain,3.21496399347,1156048873.94
safety,3.23748773524,633007124.48
they,3.23919698228,905005.90742
#punct_;,3.24265012871,2331.12475595
faced,3.26378964031,1196881728.28
level,3.27240958922,701330371.739
reason,3.27933415529,312545160.788
resting,3.29001671352,2733808806.98
physical,3.31092588914,379784510.175
part,3.32482419096,84670728.8096
size,3.33091321982,422267337.878
places,3.33503079992,980686780.983
faces,3.3361440286,356760292.729
empty,3.35584856159,1023585279.76
pulled,3.36951718037,931207194.34
contents,3.37946344613,1575161496.1
#punct_*,3.3870576347,36025.7081247
we,3.40354498553,525792.735882
sufficiently,3.44392996051,1799701071.89
hundred,3.44702770191,35378378.4211
these,3.44940994298,6953687.88392
thing,3.47510192091,27366087.0146
immediate,3.49187211642,1396831354.88
worked,3.50733730693,941470299.378
finding,3.52352993779,1143306219.05
streets,3.56606957509,393974036.092
presently,3.57341086791,88827275.8598
apart,3.5760084106,1522409261.04
advanced,3.57791911844,641454742.602
stopped,3.57810356498,205256901.705
wealth,3.59595637762,575490801.246
ourselves,3.60495349753,508505794.08
striking,3.61021877304,2933747607.07
world,3.61858635477,8710834.89477
steps,3.62333568118,324020083.826
throw,3.62384256681,1482735415.67
produced,3.629316371,612621826.941
patient,3.63458343536,1034907151.71
drawn,3.63926338422,754177362.97
were,3.64082336288,2245037.15873
yards,3.6434594637,199044320.169
dangerous,3.65053921121,1299433593.35
within,3.66220987284,112673143.466
grow,3.67306924157,878424027.075
dream,3.68367746195,343549274.926
horrible,3.69220773776,787972252.76
born,3.6926961917,512596655.001
history,3.69855216242,182194663.5
considerable,3.70807131134,473618685.759
furnished,3.78411138957,2142862813.26
begin,3.78425175121,659048583.181
sir,3.78737286117,9492047.54957
instinct,3.79423148414,1367229790.25
existence,3.7949838884,190346738.579
rapidly,3.79876366056,304753836.871
awful,3.82444145323,492583934.883
case,3.85139812752,138078449.285
huge,3.86827969297,205783833.064
fifty,3.88337825071,366935724.935
torn,3.88569528838,2670122573.02
human,3.89827594372,64432407.4745
dreamed,3.9126315823,2368128721.77
apparently,3.93146078225,658883990.108
knowledge,3.93872071736,278995177.509
authority,3.94070493532,773443598.428
everywhere,3.95535782351,768390513.752
paper,3.95868951658,150491460.109
women,3.97470654905,25694082.294
others,3.97627614399,83859343.3487
began,4.03576540048,42246329.6161
lower,4.04916926527,805420524.195
scattered,4.05863132051,2159880787.37
none,4.07568775135,298325224.281
swept,4.08320644669,960411722.286
private,4.10189365804,512005296.873
higher,4.11526602921,514855255.764
unknown,4.12622060024,584703769.842
raised,4.13558104277,472151849.826
horror,4.13658811976,482209021.676
closed,4.15540445697,664672019.862
poured,4.21287303013,4139517615.49
clothes,4.21788939438,787287015.842
started,4.23705244302,286354381.226
recognised,4.24454336695,518938992.146
glass,4.26106539268,241347750.392
shape,4.28976161445,1125656681.76
recently,4.31950773283,3619196341.66
another,4.35840440307,80936210.4514
effort,4.40106423204,527995102.644
minutes,4.41603450266,192193656.627
threatened,4.4311858526,2119001046.37
locked,4.43189627474,2642933805.14
growing,4.45705764974,578785722.796
attempt,4.6432454162,825277293.266
changed,4.78018759222,602968498.328
ours,5.0450446667,1523431833.71
also,5.07718470879,57078151.3307
nearest,5.15015587567,3116485801.68
brain,5.17467261892,199550124.22
joined,5.23110751076,1736305883.75
ignorant,5.26506936633,2592987789.73
established,5.41338683645,2749985933.22
state,5.44638295529,116985475.934
and,5.457559844,150833.39656
thousands,5.71952047183,1091009670.21
terror,6.03635481326,472295961.763
