corner,-1.21627573644,-551127503.607
age,-1.16671716004,-141154314.367
probably,-1.15998126352,-137410052.158
sort,-1.10752862508,-44367338.532
willing,-1.08152457561,-465519819.429
very,-1.06766169402,-1080138.08682
twice,-1.05237099489,-636267756.564
recollected,-1.04469569966,-370681919.173
naturally,-1.0420589012,-428528122.802
four,-1.04123516079,-171363579.437
sit,-1.03569029688,-210344992.249
circle,-1.03161950287,-494192029.278
themselves,-1.03071278729,-53798545.9309
graces,-1.00591604219,-404721933.948
talents,-0.996105284469,-228113019.393
least,-0.989337387244,-35931217.4638
ten,-0.983859713643,-204092549.552
really,-0.983801423269,-26326259.0396
group,-0.977713538383,-692296254.178
five,-0.973699773254,-214499793.395
worn,-0.961194595189,-1031550433.11
#punct_-,-0.95977293634,-107624.948913
seriously,-0.958579300334,-723773154.492
weeks,-0.957944212761,-312443029.016
intimacy,-0.946471933918,-440695904.229
pretty,-0.933837229381,-125539312.444
acquired,-0.932289762447,-525049614.324
quiet,-0.93010182084,-427011281.838
different,-0.929979563842,-74884439.9175
t,-0.92757424919,-7141927.25394
getting,-0.923934490387,-301493597.174
years,-0.923684070505,-20953835.3925
indeed,-0.922905545275,-8323275.55841
sole,-0.919914539411,-1056035441.23
patience,-0.91979589839,-383481358.79
respectable,-0.898568438751,-371208614.693
mr,-0.894571333333,-460645.160764
display,-0.887387760126,-734509653.45
general,-0.885235919333,-39444636.5281
similar,-0.873508396339,-348331886.769
meeting,-0.870262587524,-108231706.844
itself,-0.868217742828,-43937702.465
last,-0.865860257828,-15741915.7843
far,-0.864289945424,-35820892.9256
world,-0.858543116138,-9462473.17503
lover,-0.856849488535,-37505914.1267
less,-0.851333719381,-36042412.353
fact,-0.842283578856,-92980192.2253
vice,-0.835551333976,-237616680.476
english,-0.833780941207,-80465658.0478
today,-0.832038709863,-269880588.273
opinions,-0.831288316325,-296404130.334
parties,-0.82958242317,-289971070.754
been,-0.829291671459,-878755.694936
whole,-0.82710538853,-21872987.3743
adopted,-0.824892581329,-608086624.407
how,-0.823276628489,-4140047.83248
men,-0.818965415459,-10341563.8247
produced,-0.816346737013,-179757447.482
happen,-0.814090053217,-548113935.67
yesterday,-0.808918842582,-595412880.724
public,-0.80726017888,-61696167.4962
vanity,-0.804548493524,-54132203.927
merely,-0.802167995702,-122196522.457
perfection,-0.802128839277,-510626029.211
enough,-0.801359719309,-18244305.8295
sure,-0.800815205117,-11245876.3166
show,-0.800078115025,-126998659.997
beat,-0.800043092382,-511125524.573
press,-0.799440995555,-420515831.936
post,-0.798333415265,-202260566.998
previous,-0.792670910805,-523216315.988
amusement,-0.790192424013,-273473896.466
paper,-0.78905241943,-138248561.302
say,-0.783228243537,-4606751.54225
women,-0.783192046699,-13590509.9344
money,-0.782463480875,-29300575.2482
generally,-0.778793743758,-202767626.892
constantly,-0.773850865486,-207192281.377
extraordinary,-0.771533959354,-137203399.219
simple,-0.768341207117,-272448385.72
impression,-0.767899258765,-255176435.424
independent,-0.767869155011,-323440677.067
street,-0.76697443425,-61031623.5638
praises,-0.765229051704,-667237745.838
deal,-0.763828014671,-185944427.917
miss,-0.760763382878,-751140.25409
founded,-0.760557403825,-798236184.004
highest,-0.760299166889,-397859687.2
exactly,-0.759864089172,-192644636.506
agreed,-0.754615256084,-168815229.788
mode,-0.75103953771,-406039710.686
woman,-0.750488599014,-5596289.12196
wholly,-0.749910313259,-87336206.6851
horses,-0.745366030468,-67107221.9395
setting,-0.74521882863,-465454358.597
makes,-0.742893745704,-85925826.5715
mistress,-0.733573718541,-81991006.4351
stop,-0.732065646605,-260466141.029
character,-0.725819842222,-10054648.8147
satisfaction,-0.725178418874,-57389315.3815
parts,-0.72439556344,-402663081.737
perfect,-0.723522139614,-114431878.382
attained,-0.722907155762,-552835072.895
together,-0.720802884236,-36977855.7893
only,-0.71846362181,-3646081.10328
bless,-0.704532997028,-85142970.5443
putting,-0.704123115743,-410340671.58
marry,-0.703753192635,-40965436.6203
perhaps,-0.695726219674,-9062417.87312
add,-0.695324099244,-147174457.163
note,-0.69316073065,-101490646.789
ago,-0.693110946051,-309074369.75
girls,-0.687502997399,-159108501.923
poor,-0.686472770152,-6468554.97539
happy,-0.685798655644,-12263260.7063
relief,-0.681096322365,-278437627.486
fill,-0.672406537173,-697341971.435
six,-0.671175125511,-177589012.057
finished,-0.670636456934,-253134539.69
somewhat,-0.669878965223,-70141587.3398
suited,-0.669658883838,-694854130.111
smiling,-0.669321054039,-64615501.6445
thinks,-0.667500220456,-246758572.992
easily,-0.666849476518,-86705497.9548
enjoyment,-0.662228527932,-202270537.955
"#punct_""",-0.660369280659,-311.503848029
pair,-0.660248285936,-330199385.961
coming,-0.659789542983,-70929604.8522
natural,-0.659096802086,-61238677.2091
settled,-0.656352640011,-184299711.148
event,-0.656192459632,-130868700.741
single,-0.655783368077,-137655931.682
man,-0.654441860256,-1679942.01558
married,-0.652030778192,-14057001.4212
though,-0.650877944774,-2134423.72
acquaintance,-0.650721416558,-52397700.8971
young,-0.649060746984,-1954691.41297
flattered,-0.648976825898,-343168956.794
gentleman,-0.648243247906,-5741377.6821
girl,-0.645617704637,-11697428.6213
nothing,-0.644841774497,-9256740.33713
judgement,-0.644291855744,-83276660.9882
complete,-0.641494926774,-371902702.448
half,-0.640024970894,-19457201.1586
twenty,-0.639613441822,-110425362.152
coach,-0.639345295539,-48925456.7507
talking,-0.639017025804,-187138117.666
piece,-0.636697997737,-174888436.138
just,-0.634457382954,-11942695.9498
produce,-0.631788154828,-209442136.604
pressure,-0.630752912017,-409189952.344
does,-0.62794264656,-19509790.3808
custom,-0.625266601766,-400101567.907
p,-0.62480427816,-128440722.294
thing,-0.624271240179,-20504541.4513
conscious,-0.623136103738,-81115259.3027
did,-0.622670005014,-2184519.75081
#punctprob,-0.622654787268,-787.694665732
addition,-0.622549019796,-920578744.237
reading,-0.619657675385,-158253260.06
sense,-0.614005082637,-34222143.3329
sending,-0.613562263242,-920043744.265
tion,-0.613060444177,-369562678.311
absence,-0.610779837005,-89922734.3657
meant,-0.6102711807,-167252974.941
wife,-0.610177260041,-7328413.11677
little,-0.609918862871,-2218638.6951
accustomed,-0.605679652039,-133710738.49
get,-0.604643659772,-20560459.3304
example,-0.60363624739,-203090431.873
table,-0.601546457164,-26471633.8788
fashion,-0.601099190223,-59386344.5012
instance,-0.599782596745,-125794660.415
silly,-0.599678208926,-383837894.323
virtue,-0.599670618155,-22446240.4922
saying,-0.598974181339,-34951429.146
always,-0.593911287219,-7215297.87208
read,-0.59354703099,-19725338.9782
im,-0.590663749022,-364652573.052
city,-0.589603745132,-41365713.957
pocket,-0.585217179433,-166647737.314
however,-0.585060230549,-1725079.7131
mo,-0.584722685049,-227739126.971
two,-0.582944773642,-6785560.29141
justice,-0.580546298748,-117757590.662
great,-0.579645625165,-4906569.78919
bow,-0.578158463518,-301674526.783
taste,-0.574536619787,-46971445.4163
unusual,-0.570689833959,-544508943.91
seem,-0.570079801829,-143435239.083
is,-0.569801863577,-80757.9039439
end,-0.568772788132,-20718621.2472
love,-0.568201986062,-1226352.37343
consequences,-0.5672122504,-88259901.6908
miles,-0.56624345859,-158188138.019
lines,-0.565742344585,-506282479.215
their,-0.565398454392,-582837.014126
steady,-0.564350659311,-468586890.62
as,-0.562087476591,-133274.631863
intercourse,-0.560918620262,-312153852.334
fine,-0.560374183381,-31651959.7782
consider,-0.560351291219,-36107112.9771
seeing,-0.559972473146,-20553616.5389
old,-0.558694797483,-2302533.14103
necessary,-0.558033898118,-28690651.8373
genius,-0.557507928194,-100796119.21
begin,-0.555516461431,-257927095.785
declare,-0.555011254296,-475047944.549
handsome,-0.552940819527,-69677405.5411
certain,-0.552715210123,-30856434.0682
difficult,-0.552293808289,-180708313.849
education,-0.55057021415,-130537656.43
evening,-0.549365027835,-13023864.2061
good,-0.548907555333,-1994457.42812
going,-0.548772859058,-10946911.9405
either,-0.548716963596,-28505875.3922
neglected,-0.548409347404,-298562145.529
parted,-0.54583352481,-234361607.956
r,-0.545371320705,-11919802.7421
peculiar,-0.545289275402,-246479201.599
history,-0.545041479267,-60325560.247
charms,-0.543078501698,-78679306.0412
quite,-0.541890563404,-11882020.0361
please,-0.541776660993,-59229686.4227
certainly,-0.541092941976,-25356718.7613
darling,-0.540629872968,-376174184.581
best,-0.539819191252,-15397540.1139
appears,-0.539329943849,-201617721.16
wants,-0.538724612964,-225707402.842
separated,-0.538457318704,-156382055.104
beauty,-0.536790026422,-24428143.2563
things,-0.535744142538,-12209832.1927
forgotten,-0.534008073492,-101087306.728
object,-0.533686939851,-17317347.9005
three,-0.530935710761,-25895376.3339
got,-0.530370916866,-29231339.3031
supply,-0.528856883082,-293050605.979
stand,-0.528718710158,-80571325.0302
propriety,-0.526451926127,-139218743.075
that's,-0.523759369948,-40176807.8299
much,-0.522620246317,-1790646.41136
mistake,-0.521709130525,-161330090.479
ashamed,-0.521695619855,-267588804.317
exercise,-0.517715859624,-100029465.359
mere,-0.517611083837,-31034485.0902
never,-0.517221184809,-3017546.42841
original,-0.516705116445,-473762148.946
uncommon,-0.51639703829,-222851528.778
served,-0.51618035023,-213198792.668
pleasures,-0.515433112642,-100678961.682
telling,-0.515425716225,-309350667.995
#punct_[,-0.514203172254,-2123109.3519
difference,-0.513858604352,-424705322.354
between,-0.513852186503,-18911289.7902
grand,-0.513594327897,-17401086.0668
week,-0.512961555124,-54665441.8135
walking,-0.512808693712,-207203429.97
red,-0.512674390409,-177441401.789
want,-0.512171948286,-30901031.3174
proposed,-0.510787515794,-95898994.0528
splendour,-0.510607546615,-219085999.627
new,-0.509962526204,-12536499.2703
rapidity,-0.50972804836,-868055685.845
sing,-0.509243712491,-68073396.1308
ought,-0.509143512095,-26559291.0027
#punct_£,-0.508845396681,-5028476.35514
sentiment,-0.508795820454,-70872818.5414
worth,-0.50864775935,-26631804.0498
addressed,-0.508278204422,-70468376.4506
apology,-0.506931301673,-228417498.958
personal,-0.506698274635,-118874942.02
retirement,-0.506244117101,-321440088.188
property,-0.505828485442,-103799602.581
holding,-0.50557168576,-431000443.791
well,-0.504827547024,-2036623.58663
added,-0.504078826906,-14299565.629
visiting,-0.503283798664,-319835671.858
afraid,-0.502874224175,-94708650.9679
#punct_],-0.502633419221,-185518.133026
ma,-0.502184112496,-2017842.58352
ye,-0.501848945097,-1552432.28213
hearts,-0.501007749283,-138231122.457
winter,-0.499847661563,-43067390.3864
opinion,-0.498590693578,-16877527.5925
home,-0.49770076279,-5271463.6152
arrangement,-0.495982755538,-206145857.751
various,-0.49531105213,-67669143.8635
ignorance,-0.493521659483,-183477678.781
wrong,-0.492089887006,-80586957.4848
french,-0.491197346703,-49769698.9595
heads,-0.490842164401,-241728895.404
excessive,-0.489778998721,-221506212.8
sir,-0.487724775181,-293487.241138
neglect,-0.484916407597,-278973955.94
said,-0.482836640291,-170490.668771
disposed,-0.482013197374,-76215868.6739
#punct_),-0.481114170429,-10631.4853957
interest,-0.479366690243,-28421692.9857
first,-0.479022255335,-4781923.5685
lifted,-0.478744071464,-121908837.729
rose,-0.478023700502,-39469143.9885
anything,-0.477302233197,-17132199.8856
presented,-0.477126263944,-43228990.8342
common,-0.476606605284,-38759398.0041
written,-0.471075226147,-94248858.1458
about,-0.470604415306,-2742609.33065
unless,-0.470574014376,-190267369.732
ah,-0.469583166043,-11796962.6698
feeling,-0.468858903018,-16030678.9016
affections,-0.468474803007,-51567418.9105
#romannumeral,-0.466913559682,-75838.78112
standing,-0.466151173913,-44122432.057
forget,-0.464140393119,-57526758.1902
familiar,-0.463640321246,-267803971.281
recollect,-0.463001569669,-181958781.635
next,-0.462250475166,-10571612.8342
hot,-0.4597759587,-275560064.057
benefit,-0.459400858051,-478667994.959
shown,-0.459172379494,-324051765.736
tell,-0.458076987988,-7522685.18769
sex,-0.457243801005,-52532353.0048
rank,-0.456676161788,-44655325.5486
so,-0.456413918117,-161307.723732
twelve,-0.455772897159,-363914926.596
has,-0.455298915148,-789322.203519
honours,-0.455151880202,-260039998.952
growing,-0.454291988342,-201408691.151
speaking,-0.453393737701,-58304477.5472
it,-0.453275019969,-65781.4786633
plan,-0.452274074358,-118644309.368
leisure,-0.451869826878,-234866828.746
understood,-0.450784385413,-237543211.133
exist,-0.450520913238,-537492946.909
carriage,-0.449553153262,-18497626.6899
side,-0.449545231234,-11839956.8899
understanding,-0.449528008154,-112741413.569
trifling,-0.449166085076,-327673370.554
drove,-0.449160626849,-155657223.447
consciousness,-0.44902122004,-119595700.119
female,-0.448751424182,-35573041.1645
that,-0.448567277461,-40776.5873545
indulged,-0.447548274495,-170333093.597
both,-0.447424950108,-4643778.75843
out,-0.446969905395,-1924618.04112
describe,-0.446231048121,-154802653.981
conversation,-0.446126386459,-22102439.2596
town,-0.445917081742,-16486514.1792
useful,-0.44557894063,-576741642.794
marks,-0.445332594307,-564507731.434
there,-0.445224741703,-1651513.16407
folly,-0.44485787326,-72174030.4488
charming,-0.444523158116,-59335676.2295
busy,-0.44258460318,-313856080.933
exact,-0.441684891589,-659791057.737
they,-0.440986216797,-166254.17237
virtuous,-0.44003382317,-58022421.3068
importance,-0.439824715027,-109578479.591
stood,-0.439730522037,-14893182.0593
demands,-0.438606533202,-400803787.537
bringing,-0.438021878864,-379755520.386
third,-0.437940862599,-154170309.49
children,-0.437780964874,-7739107.41842
worst,-0.437176013685,-252614798.877
according,-0.436199193503,-130841757.972
began,-0.435254894501,-10796071.0206
numerous,-0.435118216973,-245624446.732
says,-0.434441890974,-48076774.483
continued,-0.433556422819,-4468316.63484
effects,-0.430684730061,-43684063.1702
sensible,-0.430205233582,-34934456.7332
looking,-0.429398386251,-15955162.76
existed,-0.429319207516,-492598228.453
arts,-0.428851531253,-185313990.113
recollection,-0.428794795951,-51144023.2557
bad,-0.4279037105,-32232728.6076
constant,-0.427211283315,-219384231.933
principle,-0.426623016158,-36490213.1632
te,-0.425213305091,-709919480.592
treated,-0.425160185956,-266834164.832
dream,-0.423872206084,-91792430.04
must,-0.423805458448,-2759627.92492
graceful,-0.423490822866,-272966961.464
slow,-0.422603511232,-244358168.434
u,-0.422480717526,-18230034.663
occasion,-0.42075469133,-28836152.4848
#placename,-0.417391906328,-304373.172057
attack,-0.416204172945,-278586307.844
servants,-0.416038339205,-33842053.8393
message,-0.415911573355,-292490894.922
enable,-0.412785181225,-263491749.058
ridiculous,-0.412081986273,-213482247.903
manners,-0.411662888666,-33000767.5202
happened,-0.411432969328,-32463264.617
offence,-0.411378500288,-579287091.401
frequently,-0.411139994847,-27424235.048
had,-0.40998804201,-62184.4288983
advantages,-0.409064810917,-268180595.548
shut,-0.409047734051,-330496148.089
observe,-0.408449201998,-70416872.1984
ran,-0.406932912711,-97769236.4565
matter,-0.405755635347,-19748999.5907
admired,-0.405088444464,-105234696.321
o,-0.402954204616,-2746437.98394
valuable,-0.402855134003,-223896702.624
address,-0.402719505267,-76100962.2497
son,-0.402682514045,-499286.285658
run,-0.400643749516,-126552802.406
ambition,-0.400495492983,-116614219.082
regret,-0.399106692059,-65091924.8382
other,-0.398696966085,-2571079.47459
such,-0.39865922597,-1267723.06094
before,-0.398242252508,-1781973.35825
are,-0.397929445017,-382201.779783
credit,-0.3970507752,-97264272.9963
turn,-0.396782244126,-28868360.5289
moral,-0.396269100928,-105025032.01
questions,-0.39470112675,-139195839.92
hasty,-0.39463522554,-239340046.913
band,-0.394270002318,-127738791.924
morning,-0.394267833074,-9800018.29422
point,-0.394232853937,-2942827.14027
beginning,-0.393557969214,-141239252.991
charity,-0.393499988445,-54030543.9325
party,-0.393236125734,-8348300.46504
adjoining,-0.39299395838,-264295333.964
country,-0.389408105066,-8197394.63606
laughing,-0.389038203212,-72515541.7005
persons,-0.389036870487,-52282750.0316
sons,-0.388652082461,-278767308.006
pray,-0.388350009684,-34603747.2021
n,-0.385334738379,-294586.077834
mutual,-0.38498684963,-83682873.1358
drive,-0.381767474776,-205382368.049
husband,-0.38148714611,-1332636.23376
praise,-0.381221116535,-97415310.9096
qualities,-0.381143537231,-118942552.513
double,-0.380438489391,-314658983.686
truth,-0.380050123235,-16629244.5623
else,-0.378595824626,-23468812.4896
explain,-0.377837715327,-169122025.629
expense,-0.377677301612,-118116775.075
nerves,-0.377482594001,-356417222.657
wore,-0.377101110836,-223595721.353
begun,-0.37358571393,-173737869.356
additional,-0.373325081597,-376591689.256
applied,-0.372426775945,-256897862.406
already,-0.368737762477,-11061878.2484
otherwise,-0.368334759888,-76761804.5026
ask,-0.366912443371,-30940005.6147
dinner,-0.366528733949,-12897589.7303
dropped,-0.365877690808,-171508793.028
again,-0.3656580733,-2571408.98127
wise,-0.36500153357,-114547650.806
acted,-0.364774608091,-136421710.794
feel,-0.363203000421,-11531038.3106
partner,-0.362699590135,-90813730.3765
connexion,-0.362533501065,-108228033.319
put,-0.362472857257,-9181201.03607
afford,-0.360932320449,-127191866.216
kiss,-0.359036385677,-138292967.231
fit,-0.358294493975,-8953613.74857
fortunately,-0.358076862549,-233096442.314
advantage,-0.357762264315,-55108567.6979
vol,-0.356846620947,-21101734.9316
honourable,-0.356466236542,-104132869.862
#punct_•,-0.3564346517,-6894.94614215
receiving,-0.355993678517,-233294835.384
variety,-0.354736265509,-279961425.181
off,-0.354394975802,-10330092.7065
a,-0.354327689968,-22045.1504182
grave,-0.354293900779,-38866209.0738
pleasant,-0.354144776822,-68110915.132
equally,-0.352728068133,-42962217.3113
learned,-0.352048231578,-31307121.2428
change,-0.351708442678,-26483680.8808
gay,-0.351327351122,-47946476.3348
worse,-0.351154107666,-117119971.119
interference,-0.350767145109,-229509327.006
un,-0.350285792741,-166909.666755
work,-0.349323208672,-10900383.005
pen,-0.3491130959,-94002086.6074
round,-0.349110527178,-7457883.06114
tall,-0.347930411183,-90972662.8551
drop,-0.34783518791,-237577796.102
listen,-0.347092356183,-142698181.837
progress,-0.346261992202,-98658192.7962
en,-0.346121655223,-159790.555884
believe,-0.345414425159,-7845297.27213
venture,-0.344956941145,-132487830.81
thousand,-0.344272360177,-28307276.365
d,-0.343490285258,-117675.128616
parting,-0.342536890274,-296003631.419
blame,-0.342238819419,-195513934.431
than,-0.341502365158,-1054095.36105
rejoice,-0.341256033463,-191722386.42
oblige,-0.340796007401,-189269856.715
whose,-0.340077562482,-4676690.68311
#punct_&,-0.339551493245,-1999544.56291
sufficiently,-0.338611048158,-89812319.5476
circumstances,-0.336485034591,-16222666.7837
presume,-0.335299235471,-187752014.302
story,-0.335193523815,-50416175.909
why,-0.334423124187,-6090156.81337
la,-0.333200827837,-20258.9384491
abandoned,-0.332808034841,-280025065.903
often,-0.332224127991,-10551342.3815
meaning,-0.331256151262,-100006159.616
possess,-0.331216261873,-41263728.0199
enabled,-0.330739844373,-119638842.645
done,-0.33044495849,-9259960.79982
know,-0.330358300105,-1527350.20348
#punct_(,-0.329827873515,-7303.61483396
prejudice,-0.328580643858,-205608622.321
top,-0.328571231228,-122218970.884
betrayed,-0.326842323337,-106109428.505
#punct_!,-0.326772495259,-3050.07692407
books,-0.325953269947,-77940204.4769
seems,-0.324550536728,-61909323.5075
meet,-0.324270627624,-23087231.161
long,-0.324230227641,-4284235.28711
haste,-0.32417859908,-236489694.211
expressed,-0.324092566513,-42954802.4274
fair,-0.323092795664,-5026020.12639
declared,-0.323088953547,-29083403.5636
weary,-0.322690808483,-88340260.0067
picture,-0.322372104668,-63606244.8045
passions,-0.321852786485,-77400086.1193
described,-0.320786719268,-165585154.396
month,-0.320400868831,-135636064.834
prudence,-0.32030044293,-27293909.4555
better,-0.319456449308,-6846057.59262
lovers,-0.318457981199,-240320678.642
pleasure,-0.318353107655,-9619606.26694
society,-0.317097266434,-11867292.1036
seen,-0.314244482386,-7807396.7261
pursuits,-0.312691751489,-143529950.499
de,-0.312631892069,-4788.41390902
admiration,-0.312547785516,-45054104.823
m,-0.311783117636,-648715.204275
ways,-0.311750535576,-265177969.537
see,-0.311559296291,-1635994.89088
stopped,-0.31011494409,-39240450.6367
favourite,-0.310021452068,-48981621.0965
marriage,-0.309749051672,-7855958.81686
whatever,-0.309328156812,-28137371.7019
gives,-0.308233903906,-70830497.8851
judge,-0.306689190491,-108215156.795
daughter,-0.306257642091,-3505218.46051
separate,-0.305827007747,-196499626.122
up,-0.305205651909,-922762.158474
suspect,-0.303935609236,-70582665.6885
y,-0.302924740678,-1665404.65824
attached,-0.300767152543,-86922544.4879
understand,-0.3004470621,-39706405.9212
beings,-0.299378923954,-107044941.165
views,-0.298828108119,-93837267.9872
talk,-0.29821630738,-19155824.6226
doubtful,-0.297531479926,-537098697.288
separation,-0.296588795604,-25734079.8737
worthy,-0.29606458249,-31818665.0098
among,-0.295793217746,-8536807.74934
room,-0.295702144089,-2551779.99492
friendly,-0.293982855151,-55195180.8801
matters,-0.293360645797,-99203194.2557
journey,-0.293001066523,-9722624.61153
causes,-0.291388790025,-172358056.749
mirth,-0.289705691659,-420897169.851
hill,-0.28761768318,-18537929.5268
aware,-0.286491183033,-38418835.3951
used,-0.285891058824,-28013673.7786
announced,-0.285701876746,-79337923.6912
afforded,-0.285646290874,-61618967.5606
an,-0.284998975787,-277278.329589
practice,-0.284904969235,-60484660.3476
superior,-0.283730736828,-29668457.1701
because,-0.283256646994,-5185667.66914
pure,-0.282849076889,-49666262.5865
walk,-0.282543912052,-28169730.5446
line,-0.282261680259,-88096747.4271
weight,-0.281489670461,-173808390.743
favourable,-0.280060151217,-112558424.962
communication,-0.279719289762,-271281185.938
sitting,-0.279188768635,-60835242.0689
attracted,-0.278852499839,-56112422.3213
description,-0.278688076712,-84879104.8173
hesitation,-0.277857814349,-132620115.188
characters,-0.27701053837,-54415773.288
whenever,-0.276988310417,-82516116.2745
embrace,-0.275985714779,-97408241.7179
ball,-0.275837597562,-15680847.6381
intimate,-0.275088488901,-154962499.717
yes,-0.274678389852,-3194023.21027
envy,-0.273905286497,-76697545.4793
honest,-0.273847978148,-44705114.8533
beauties,-0.272959250366,-33503913.0497
hat,-0.272199103634,-42357146.8699
church,-0.272157955593,-11002947.6469
daily,-0.272134268487,-75314277.2147
impossible,-0.271008485265,-22892878.4166
glad,-0.268831261239,-19591483.8455
affect,-0.268129047658,-310654630.53
passing,-0.267219690327,-52408596.473
domestic,-0.26679936302,-39858686.6191
proper,-0.2660432014,-30458799.7924
usual,-0.265557200188,-21749224.7271
mother,-0.265128115359,-584997.426279
#punct_>,-0.263945988031,-494992.027502
gained,-0.263351750135,-84858271.6226
think,-0.263160347952,-1376582.69341
important,-0.262839357039,-29455264.3403
comfortable,-0.262374334969,-160307790.449
seated,-0.262237740876,-23060615.9315
simplicity,-0.261908110894,-160579780.075
living,-0.261111166427,-27574874.7462
bell,-0.260968501616,-66695204.2526
opened,-0.259502503127,-20782398.0856
possible,-0.259351157843,-13802339.3259
wicked,-0.25850429381,-138865420.733
wide,-0.258381076726,-211654043.665
friends,-0.258222111842,-6972660.6884
interested,-0.257932368425,-77769376.3698
warmth,-0.257884248711,-92507626.1463
god,-0.255991152243,-4984824.80332
absent,-0.255881158516,-67041621.975
spite,-0.25584575278,-70678925.5443
front,-0.255724769118,-75659935.8359
most,-0.255612547969,-615200.456862
can,-0.254316367616,-909644.98709
nay,-0.253677547257,-11231110.2084
people,-0.251733849195,-6124909.77248
introduce,-0.250735632122,-126856632.517
lived,-0.250435058103,-33920078.123
period,-0.250376908183,-19810710.8312
infinitely,-0.25015771612,-93889630.0868
many,-0.24906511142,-5189483.51375
across,-0.24876794707,-24263476.8967
utmost,-0.24856906713,-37485104.8333
religion,-0.248368212345,-4575651.57515
smiles,-0.247831374839,-76566804.8521
declining,-0.247657098054,-329721395.39
do,-0.247576389617,-407076.844299
suspected,-0.247345993758,-86055714.2344
on,-0.246637913705,-78418.7621514
book,-0.245285441998,-26675371.617
warm,-0.243845312499,-27263502.3662
field,-0.243630041367,-71411666.7035
daring,-0.243092669815,-222107088.695
conclusion,-0.242745000449,-96985813.3463
loss,-0.240817198116,-28534341.7114
seized,-0.240744945266,-53208394.898
more,-0.239499509865,-596133.117657
letters,-0.238798615286,-9852416.55109
pressed,-0.238375637875,-49646279.6906
memory,-0.238003001202,-25055549.7075
#punct_.,-0.236056740722,-92.6736049344
related,-0.234752464075,-57366860.5275
full,-0.23326466686,-20487191.1135
art,-0.232231447228,-43997589.5802
politeness,-0.231058054498,-101056654.209
our,-0.230187589285,-278597.733458
recover,-0.229087368255,-82557876.1062
wisdom,-0.228786117857,-97297984.4864
lively,-0.22845269273,-55561514.256
forms,-0.227403826326,-153920352.248
owed,-0.226196626921,-580600126.322
laws,-0.225488914266,-126182136.195
affairs,-0.224830939357,-53960121.396
considered,-0.22386960398,-31990252.9415
ties,-0.222843050945,-86342639.8262
have,-0.220969289434,-87761.5649225
principles,-0.220471546286,-21590829.946
expressing,-0.217765736434,-292464149.12
face,-0.216161365529,-1441601.82161
flew,-0.215647169519,-36437977.7979
inferior,-0.214767237228,-211524396.522
apparent,-0.214648532095,-48927471.2759
procured,-0.214595457368,-186872024.936
extremely,-0.214389881787,-7977261.81592
mankind,-0.213969536372,-65572604.2813
child,-0.213896119451,-1077771.74228
luxury,-0.213426019192,-58387182.6091
tells,-0.213285072169,-84212109.6159
pains,-0.213275025822,-123111303.624
playing,-0.212383701776,-118520057.334
style,-0.210028771158,-58157388.2469
expected,-0.208772529145,-17907713.0553
knowing,-0.208410230454,-30805315.5417
quick,-0.207975601735,-51812776.2284
chose,-0.205948320548,-51814873.6842
witnessed,-0.205770654836,-188198674.894
spoken,-0.205357964507,-74059225.722
argument,-0.204702910158,-93465078.1187
repeat,-0.203376861544,-109926201.88
fully,-0.20288867163,-47608672.0907
w,-0.202836490383,-17773279.337
no,-0.202687352114,-246403.501935
imagine,-0.202071558851,-29799947.2849
way,-0.201929373769,-2292809.97652
engaged,-0.201606353693,-24047942.3007
requires,-0.200254974137,-137173883.817
chair,-0.200169788562,-18332178.2177
j,-0.200009875367,-401928.856789
went,-0.199781896763,-2449733.40635
easy,-0.199001596829,-18831807.3621
mark,-0.19843987239,-27192443.9409
perfectly,-0.198044897013,-24171709.3175
reached,-0.197986865348,-12579197.8427
making,-0.196887350971,-10285179.9246
down,-0.195613743783,-2458203.96623
indulgence,-0.195288122821,-92085297.2082
law,-0.195006977735,-53206273.2937
fortune,-0.194208122269,-3179027.16745
earnestly,-0.193984284529,-48715350.2409
result,-0.193507781609,-51922559.0942
hair,-0.191464621767,-31477389.8714
consideration,-0.191371821714,-43070065.9851
filled,-0.190965193268,-21585737.3357
gift,-0.190963629876,-108685527.21
instead,-0.189534214446,-39488299.3755
assured,-0.189187515159,-17967492.9959
passed,-0.188845184328,-4966702.36334
sweet,-0.188517749145,-8737717.5384
who,-0.188084766202,-190023.985325
tender,-0.187918407966,-11227611.9649
even,-0.18730346658,-1233985.2265
unfortunately,-0.187267759722,-151721431.257
detained,-0.18694114237,-123265356.271
state,-0.186304165937,-9374711.69312
blind,-0.186182794964,-162245828.024
assure,-0.184092921072,-51596336.5225
acknowledge,-0.184082208204,-65155043.0937
universal,-0.183814947782,-355521182.886
lying,-0.183811625199,-38959915.9586
set,-0.183476815259,-5467739.43585
ladies,-0.182811445741,-4811222.16623
reserve,-0.182658300144,-86818531.2003
learning,-0.182636513413,-38489530.5164
expect,-0.182428099635,-26252562.3611
happiness,-0.18223590195,-2327985.43608
cross,-0.181412470876,-112250659.24
fond,-0.181184213772,-29887337.6507
comprehend,-0.180910941002,-136898392.973
#monthoftheyear,-0.180879782393,-432923.32928
higher,-0.179213002771,-65163509.8519
objects,-0.178799157496,-39677834.6148
slowly,-0.177859249123,-11805765.0738
head,-0.177663328838,-2078824.52384
rather,-0.177593893583,-4737259.20836
generous,-0.177330125743,-13960683.4501
#capsprob,-0.177306324304,-535.961443307
obeyed,-0.17680272524,-79960613.5892
modesty,-0.176674768861,-177355240.04
one,-0.176572901527,-333786.614248
admit,-0.176478101148,-28377068.5979
would,-0.176405171297,-125376.91646
strong,-0.175416638897,-27065196.5095
treat,-0.175118724902,-118669878.191
foot,-0.173658344454,-56244081.6579
letter,-0.17343833986,-1881552.72937
hearing,-0.172143245498,-21974001.1781
brilliant,-0.170314897793,-89030820.6932
arrival,-0.170285142044,-21370522.1079
generosity,-0.169779564763,-128422289.632
help,-0.169753966174,-18694851.474
resumed,-0.16950561347,-4430726.02842
#arabicnumeral,-0.169185956093,-30432.4050804
extreme,-0.168659153985,-25788327.2603
impatience,-0.168332008329,-75483010.5321
sun,-0.1681911773,-5470670.10909
elegant,-0.167886816239,-16084550.0295
lady,-0.167160222635,-94669.0767736
be,-0.1668431191,-48245.6943387
parent,-0.165413364024,-7803741.98308
engagement,-0.165005235214,-66537176.1498
considering,-0.163949485158,-238799491.069
train,-0.163576646582,-149104397.026
course,-0.16342770828,-4700640.70255
attributed,-0.162865846384,-130464701.204
dear,-0.162545366859,-1048284.97149
crowd,-0.162289223098,-52714412.3613
doors,-0.161680526014,-48858701.741
leaves,-0.161283696132,-41928205.6265
kindly,-0.16107990259,-54964344.1936
per,-0.161041834835,-89993076.0197
perceive,-0.16077632793,-13604729.7676
deemed,-0.160504462239,-63833588.3725
agreeable,-0.160075940539,-10494569.9293
skill,-0.159836923506,-73081320.6155
splendid,-0.159424369608,-63632816.7398
precious,-0.158032118273,-52369629.9261
but,-0.157362192189,-43264.4234074
occasions,-0.156633372964,-58705409.402
virtues,-0.156414567708,-23277304.7596
returning,-0.155913161872,-35476177.3062
mouth,-0.155800488767,-21313350.4381
music,-0.155514752895,-7527979.52679
temper,-0.154004579817,-16596605.5945
acknowledged,-0.152957003913,-75599837.49
admire,-0.152749844703,-92436020.878
remember,-0.152020972024,-12201521.1501
which,-0.150470453228,-24857.9049597
imagination,-0.150298307962,-10486893.808
purity,-0.150005876584,-74737141.3688
if,-0.149864846342,-182650.726504
completely,-0.149620087305,-20835302.9348
christian,-0.14871736679,-7741882.86453
orders,-0.147123078525,-42914327.3971
observed,-0.14593289789,-8625681.71785
himself,-0.145093647921,-402441.606387
bold,-0.143922221961,-119348876.434
solitary,-0.143836025665,-21943702.5893
remaining,-0.143045885733,-74057698.158
source,-0.142958211971,-67364258.3629
hundred,-0.14095556701,-38578058.9325
human,-0.140119296172,-5450198.94221
relations,-0.139902004562,-32812348.7786
contrary,-0.139631946,-37005851.5071
aloud,-0.139085258882,-97454693.9852
thought,-0.138748842915,-1612770.72662
whether,-0.13859332032,-5850220.2464
painful,-0.137616719656,-6707610.6332
evidently,-0.137468308235,-36059742.3794
h,-0.137335777094,-8377260.43541
come,-0.13726708918,-954949.931135
maid,-0.136561404593,-30158436.1995
approbation,-0.135903870064,-52268598.7222
interesting,-0.135619972663,-16440692.5001
house,-0.135284714551,-1237332.5686
what,-0.134565596997,-204035.940081
severity,-0.134225920548,-100405861.404
behaviour,-0.134141745354,-4832195.13891
delighted,-0.13413148171,-11815568.3126
hitherto,-0.132381199472,-57680498.4929
thee,-0.132196580061,-2530897.29593
presence,-0.131489712557,-11549816.6236
saw,-0.131117474606,-1427871.93615
travelling,-0.130556785432,-139153354.602
enjoying,-0.130231977457,-135393239.008
principal,-0.129924845771,-37929603.1182
news,-0.129889724404,-49716996.5733
concern,-0.129872122833,-26913241.6515
justly,-0.129809904313,-51460844.1018
th,-0.12980732454,-18195077.0321
faded,-0.128972880106,-212221366.428
cheek,-0.128667645397,-6237123.89493
days,-0.128198270975,-4472688.3194
#punct_\,-0.128082102262,-34965.2709817
passion,-0.12724091467,-6076968.2722
confess,-0.127075372039,-27385025.0041
accepted,-0.126963499425,-84188103.8423
wine,-0.126529496717,-18651541.4859
ex,-0.126469438715,-22587470.69
infant,-0.124250761086,-16798630.856
whom,-0.123265474561,-846574.147428
turned,-0.122784106047,-2183674.08698
smile,-0.122657794209,-3873080.16134
suffering,-0.122139294586,-23703708.4993
sacrifice,-0.120297311529,-33910936.5573
rich,-0.120146764913,-13454671.3883
necessity,-0.119817641594,-21392544.3294
entertain,-0.119618378391,-50921763.2936
ones,-0.118633542686,-38187111.4266
weakness,-0.118540085821,-18957744.608
drawing,-0.1183890903,-16066795.7831
colours,-0.117623779907,-199888321.97
lot,-0.117421968986,-86973617.6226
short,-0.116981602671,-5193100.76293
remote,-0.116752639286,-62283707.9609
heart,-0.116497913861,-144379.55412
succeeding,-0.116002942148,-42527642.0375
perceiving,-0.115400090907,-23760831.0334
displeasure,-0.11513225276,-74951146.8598
glory,-0.115020034934,-67773048.379
distinguished,-0.114825059317,-29011603.7238
forlorn,-0.11476089485,-81415929.4525
frequent,-0.114565807144,-111174170.999
highly,-0.114175662772,-11614857.3175
infancy,-0.113812442997,-79842147.0187
performed,-0.11336073209,-67999680.2028
owe,-0.113275782877,-104895019.692
woe,-0.112829265277,-44207904.5368
able,-0.111393056532,-3406128.07942
beg,-0.110721573793,-17694718.272
accident,-0.109705629292,-18830237.9266
#punct_—,-0.109153253393,-168.620726398
embarrassment,-0.108763817294,-55753714.6428
entertained,-0.108342216165,-34335007.5014
all,-0.108274272846,-109828.168778
#punct_',-0.108180655023,-63.5325009956
surely,-0.107836313118,-11041919.229
effect,-0.10771723077,-4027214.51162
engaging,-0.10760916217,-82730255.5599
subject,-0.10756415941,-2417845.91435
elapsed,-0.107304651125,-60468641.3737
claim,-0.106025453319,-18246449.9695
relieve,-0.104990181703,-64939330.7405
remembered,-0.103539865042,-29525298.8643
consequently,-0.103432412419,-20462468.0009
day,-0.103085801755,-1187087.71465
motives,-0.102888143359,-55405228.4489
benevolence,-0.102642684143,-35511186.5485
unconscious,-0.102369402012,-27192897.5802
humour,-0.101669857915,-27836430.6292
afflicted,-0.100253111995,-81148303.9401
relation,-0.100111859388,-33598959.1011
excellent,-0.0999574618748,-17318261.1829
thou,-0.0995325085938,-1201492.24465
particular,-0.0990990176224,-7642793.31793
sighed,-0.0988837202943,-7388902.50521
judged,-0.0988150746014,-49993884.5438
deceived,-0.0972060291346,-38570208.0908
discovery,-0.0967753047928,-16056219.2826
laugh,-0.0961715996945,-14470514.9768
any,-0.0954914846214,-259289.780886
lose,-0.0940044531725,-54527466.3959
felicity,-0.0936902598081,-18949907.3866
large,-0.0935685174601,-5319933.00343
here,-0.092846447677,-590999.468783
re,-0.0926018751956,-2453644.80208
step,-0.0924562022108,-9909747.01292
influence,-0.0921651774695,-4715038.46825
pain,-0.0918659945371,-9999265.12127
curiosity,-0.0913471925882,-10286661.4062
#punct_»,-0.0911607458806,-281056.177158
right,-0.0902703645775,-3094293.18327
excellence,-0.0900760984387,-77870906.9807
she,-0.0900657937119,-3536.41362009
duties,-0.0898917768664,-24395922.9828
suit,-0.0897455719587,-33999579.4225
increase,-0.0882874753903,-42938335.6363
liberal,-0.0881814889263,-50320894.2372
particularly,-0.0881152105055,-17636734.1046
induced,-0.0875173292244,-19932863.737
marked,-0.0874401474456,-13636829.8532
calls,-0.0871585492293,-49104621.9624
absolutely,-0.0867479466917,-52898564.4751
charm,-0.0865476518461,-39372894.005
rejected,-0.0862509989605,-47759864.6985
doubt,-0.0856587113622,-5519762.26236
convince,-0.0847470923585,-40856861.0666
introduced,-0.0846002436555,-27481584.5808
reception,-0.0838287750784,-37294439.3426
bestowed,-0.083679761263,-55913247.4082
gratify,-0.082965951328,-92429843.2651
order,-0.0828190627692,-3511899.7588
write,-0.0826056549549,-5947084.88478
drawn,-0.0823184040111,-22665313.1475
eyes,-0.0821877067888,-266187.061251
contempt,-0.0820397566161,-41072134.941
youthful,-0.0817786166576,-19189010.6985
restrain,-0.0816943747474,-111665490.006
employed,-0.0813343499123,-11824176.6095
offering,-0.0801414633896,-58134498.2677
make,-0.0792426180946,-697789.21057
sum,-0.0790915100784,-14304223.1113
self,-0.0778165600545,-6907686.08475
immediate,-0.0775431253241,-8145955.03643
interrupted,-0.0765585430859,-4378185.18511
tonight,-0.0757954518174,-11652522.2324
eager,-0.0749479538232,-19388350.4582
arms,-0.0744556933587,-1927300.60959
admitted,-0.0741045181221,-26845944.7515
#punct_*,-0.0734877699384,-87.5623978878
person,-0.0712307969496,-1767497.48688
youth,-0.0706756251739,-919059.36661
s,-0.0689001475728,-20721.1257391
o'clock,-0.0682355701985,-17206901.9808
weep,-0.0679710469066,-43135909.1209
wonder,-0.0678979940767,-6984406.43879
time,-0.0670894424453,-240634.208201
labour,-0.0661623469756,-16557459.8244
total,-0.0660441343191,-24240557.5227
appear,-0.0660014763688,-7301620.77402
fortunate,-0.0647343450771,-27192112.9914
forming,-0.0644815979243,-33499136.4555
momentary,-0.0642544339074,-22973449.4996
held,-0.0627953328827,-7265096.98752
sat,-0.0618698778457,-3039052.22623
wherever,-0.0617376832997,-71694010.0463
task,-0.0614158431075,-11260816.5994
distressed,-0.0597450355852,-36519827.1935
uncertain,-0.059606852728,-103975524.426
high,-0.0590166250726,-8659095.05355
ing,-0.0589615259367,-2227495.12266
fancy,-0.0588951919324,-4555140.73032
misfortune,-0.0588254582129,-14998869.9726
manner,-0.0587910253064,-917066.436326
possession,-0.0583428112488,-10974088.8471
promises,-0.0576087271377,-59086409.7376
station,-0.0557719796818,-19189506.535
minds,-0.0552673527129,-17689195.8876
regard,-0.0549575603643,-2038566.38748
confession,-0.054085129533,-35311592.1187
indulge,-0.0537610938224,-13537087.8574
same,-0.0533853187447,-742619.297359
business,-0.0531728924144,-2355668.34231
boy,-0.0527243749744,-865774.778139
success,-0.0526780786228,-6311091.94835
religious,-0.0517915809051,-3300586.6765
walked,-0.0514123548608,-4678763.99207
modest,-0.0505833026474,-20537982.5452
besides,-0.0489807304812,-7844263.81407
loved,-0.0488174714751,-2015494.6829
contrast,-0.048600678947,-36636758.6087
delicate,-0.0484484911935,-8506990.41682
nature,-0.0483467419964,-331484.395086
war,-0.0458417084305,-10349715.7816
alive,-0.0454973386167,-23491115.4314
waiting,-0.0452725300948,-12129759.2269
contrived,-0.0445721172829,-14140671.6083
lie,-0.0439397760128,-1369459.01383
encouraged,-0.0435145910554,-30682924.3216
authority,-0.0422720595107,-15909169.7697
greatest,-0.0422440392928,-7803399.66597
we,-0.0417314319775,-36128.5626445
unhappy,-0.0417303627515,-3629662.96467
intention,-0.0411339909416,-5567651.16094
appearing,-0.0401343991172,-27417934.7193
felt,-0.0398570482648,-728957.575123
exalted,-0.0393259679993,-20020259.2739
close,-0.0387476580402,-5715312.63304
dearest,-0.0376180089963,-9388959.55454
con,-0.0355625912488,-1884749.36323
increased,-0.0350296931168,-7321680.26504
ease,-0.0336921598217,-9952856.86788
alas,-0.033556293765,-1531414.59469
flowers,-0.0333086506258,-2401506.21234
wanted,-0.032243093907,-3808884.17648
fatigued,-0.0312649757966,-13032228.8321
moved,-0.0299248098826,-6735631.08608
its,-0.0293274123753,-84507.5106804
mild,-0.0292040785472,-26996188.633
victim,-0.0286202798878,-6076644.24657
scenes,-0.0279469932882,-2852660.6169
trace,-0.0274136790189,-10370520.3277
disturbed,-0.0265539596132,-12575835.7453
creature,-0.0257476948697,-1949640.14622
word,-0.0254022684955,-941723.396403
comes,-0.0252618502858,-8569062.12826
without,-0.0245869475996,-145810.77681
became,-0.0244907231157,-589192.347238
tie,-0.0233434185438,-20028105.6723
gate,-0.0228124549807,-4498387.87799
try,-0.0225735276296,-8003262.60059
parents,-0.0223723936937,-1503972.12434
remorse,-0.0214919157491,-6624233.67631
gaiety,-0.0214895854249,-11362275.1662
under,-0.0213715134675,-516523.128891
observation,-0.0210173883613,-3004260.9173
#bigramcommon,-0.0206617733907,-5.87191488193
over,-0.0199798681354,-123923.801128
speak,-0.0192953087578,-839056.434658
consent,-0.0190741458587,-4095035.88575
observing,-0.0188580200336,-7422255.7895
driven,-0.0187125413335,-11733749.8384
reduced,-0.0186244794849,-15418988.75
harm,-0.0183061030177,-12558736.888
courage,-0.018298322675,-2011156.20725
farther,-0.0160613680755,-2727630.91971
neck,-0.0158878157853,-3562841.60735
fatigue,-0.015363418417,-4912350.23032
looked,-0.015152980189,-225291.783791
carry,-0.0149574067275,-3428437.85932
ill,-0.0135013675413,-715054.01192
deserve,-0.0134690597844,-3619719.48153
obliged,-0.0134422686023,-809904.319071
ardour,-0.0128421486225,-3278400.33561
turning,-0.012838656686,-2136055.42536
e,-0.0122579371265,-534449.783027
waited,-0.0120356114449,-2152174.60288
lately,-0.0110963997392,-2854385.08122
divine,-0.0105964644797,-2681540.6297
fame,-0.00961569665398,-1421779.88405
sorry,-0.00870423147137,-1124055.05882
repentance,-0.00845721336719,-5495054.81786
lips,-0.0083425383364,-315940.706899
second,-0.00821049013941,-1003248.62551
thrown,-0.00800828235514,-2595126.34656
made,-0.00797005969365,-51290.7820635
left,-0.0073987766604,-98709.3906943
guests,-0.00714413637737,-3212339.83122
considerable,-0.00501616526345,-276855.030855
illness,-0.00475426496535,-1345994.93261
others,-0.00439658243832,-255713.503125
possibly,-0.00393290139863,-815265.531252
burden,-0.00386230498444,-4840523.63291
succeeded,-0.00332350660324,-415864.740296
innocence,-0.00270839081647,-256384.914223
met,-0.00154432605812,-137829.190882
language,0.00112797937637,198087.142192
insensible,0.00142406649223,548459.2937
or,0.0019451772723,4953.00783308
smiled,0.00292181444423,284766.497005
experience,0.00294293699322,1272043.33849
thy,0.00445382495391,33771.1960271
condition,0.00446555783607,845661.085175
certainty,0.00508068424579,3847834.95603
abroad,0.0062082211622,3209404.75318
trouble,0.00634521579964,1330495.55635
fault,0.00640474565679,2357285.99809
injustice,0.00665552221865,4730767.65416
taking,0.00730982969873,427572.520442
sentence,0.007411548926,4199734.76811
them,0.00764841658618,9635.40998997
sympathy,0.00833663970169,1091855.46672
scarcely,0.00854243659143,377889.636103
expression,0.00896530281312,302338.706825
terrors,0.00908602921733,6403609.36711
each,0.00934012267267,207952.806036
chap,0.00954339968455,153340.644223
nearer,0.00986785528307,5472245.22633
ceremony,0.00999727069285,5323408.60122
escaped,0.0101791773504,3533487.9377
scheme,0.0113943639464,4225175.41703
prayers,0.0116393471064,7250346.36353
promote,0.0123836015817,17732857.6737
impressed,0.012965520581,4359940.64543
village,0.0131196832123,592668.958963
communicated,0.0132085857458,11998268.8259
awaited,0.0139264585601,6023997.41668
thanks,0.0149768276064,5251673.6361
remark,0.0156869396396,2461931.89128
strongly,0.0157112422212,3896090.13808
attentive,0.0158940107586,5113769.46346
mistaken,0.01601038629,4030039.48812
real,0.0161291108873,2065804.04365
buried,0.0169717528618,6284297.16339
teach,0.0171816908994,11216627.3207
account,0.0175099125424,799629.152197
deceive,0.0175626872819,11904823.8904
might,0.0187103449178,54437.7994149
past,0.0187949143178,2153685.05292
merit,0.0201076113646,4271584.68768
colour,0.0205260064582,4085253.5717
reach,0.0206607714974,3103579.00706
inhabitants,0.0211807042032,4939654.20674
expose,0.0212067163674,19110089.8091
pursued,0.0217734491357,3357001.9357
inquire,0.0222326559021,7040358.22295
mortification,0.022344244321,14926022.193
motion,0.0258157719571,14958352.2793
guest,0.0258643723269,7633715.99717
willingly,0.0266578246079,22019916.1693
expressions,0.0268168036428,10334942.4812
serious,0.0269961057798,7295168.76567
content,0.027580454702,7886609.36348
in,0.0299508159259,4063.72428529
goodness,0.0299945587365,8108385.82112
months,0.0300047895894,2848123.46643
complain,0.0305514632767,10321997.4047
rays,0.0314108623093,10899802.0213
merits,0.0317749499196,11597735.6981
fool,0.0321520645054,11280334.6847
still,0.0332530228881,321027.709066
probable,0.0342467664728,13585052.5967
satisfy,0.0348975081178,28893567.8507
ia,0.0356313230897,31654357.501
motive,0.0361347041872,4609545.82707
decided,0.0369558030996,14450001.8896
during,0.0370307253888,1142899.45419
go,0.0370836935252,198996.46346
tenderly,0.0371751193263,5029059.74196
case,0.0376410639942,2169638.18372
amused,0.0382290204982,26879020.5375
disappointed,0.0400053408489,16480285.1423
trust,0.0402800042687,2777583.1769
giving,0.0409056843101,5178315.54711
farewell,0.0415046316522,16373900.9285
dignity,0.0416952144568,19238099.4391
united,0.0430738621391,14777337.3052
consolation,0.0433820705688,8814250.12557
affection,0.0434153227235,727906.410788
replied,0.0450484763357,170788.575901
gratified,0.0454475283975,28528799.2792
garden,0.045553186252,2575320.58031
sake,0.0455902715026,5667537.34064
born,0.0464958115725,10846067.34
own,0.0467715066264,234927.524538
act,0.0467997758193,6060511.01597
life,0.0475672130602,411519.688873
scene,0.0476161694929,2052228.54658
court,0.0478082256182,9284613.28513
faculties,0.0481521956501,14426559.7264
habit,0.0491799999879,16155247.2907
readily,0.0493491186158,13056078.3423
played,0.0497522617895,17807172.287
sentiments,0.0513791606319,2671497.51126
moment,0.0516951248882,225498.022464
door,0.0523778335106,937096.369421
dared,0.0525855133715,16801235.4528
strangers,0.0530224715939,22157232.5584
won,0.0538989378377,45832510.2246
discover,0.0540876528819,12343146.072
losing,0.0543251861246,139663478.363
hasten,0.0544126792998,23346605.8593
blessings,0.0548930365233,15288482.9751
secretly,0.0555036593506,58078318.5369
horse,0.056747047861,1940026.84369
called,0.0572219571553,3238244.4618
sick,0.0586718246064,49187224.7749
careful,0.0590611328709,84061967.1284
express,0.0592618896582,26278807.151
delight,0.0601701000383,5486338.65012
pensive,0.0604501251211,93021445.819
happily,0.0605582261661,42904714.1141
broad,0.0614763653213,16722809.9518
respect,0.0614868966414,5494753.57903
ignorant,0.0616698431911,32299657.1874
error,0.0630479228014,17677963.9473
dangers,0.0632955326135,46652969.343
reality,0.0638914892501,41704973.9365
family,0.0652782270501,1273795.14101
elegance,0.0668680075938,31516490.1171
remained,0.0671991641655,3804983.08707
tomorrow,0.0674401225955,9525692.52839
bid,0.0681286537501,50780673.9776
shame,0.0683221522193,15975040.3458
concealment,0.0685822522595,31851946.8655
degree,0.0692242412823,2427876.39364
#punct_/,0.0702968620836,25315.0940026
utter,0.0707309972246,40301910.8523
road,0.0707475109597,4304724.16387
form,0.0712676158551,4215756.50809
freedom,0.0714035111001,36455416.3246
when,0.0714949804347,125604.494155
narrow,0.0729197647546,25879362.9335
attachment,0.0730268663469,4269593.54594
shake,0.0740324755153,102310056.698
choice,0.0744551801485,28775722.4725
k,0.074560223567,12149088.4823
conduct,0.0747540931015,707139.256701
pace,0.0751400225531,77091057.174
open,0.0756206698259,6443110.44089
voices,0.0757919160065,19043491.541
resolution,0.0758110046133,15009211.3624
office,0.0759124438202,36265123.6403
silver,0.0760620301656,86654677.4412
directions,0.0779036832393,110075049.065
pre,0.0786137772998,20169415.6865
something,0.0792145166703,2680110.77687
confidence,0.0798921631718,7280315.12517
silent,0.0799092649086,5999732.25559
occurred,0.0799450415605,12177512.011
overcome,0.0800078358372,19823674.7365
recognised,0.0811444981067,49529129.4329
ta,0.0814698031358,82459435.7689
ground,0.0816280012433,6047183.48417
chance,0.0820782397784,10407845.3004
yielded,0.0823098670915,14709364.3761
hers,0.0823506465356,19543917.1998
listened,0.0823892065993,10778888.8579
died,0.0823948436543,14138170.9597
golden,0.0826101820768,61307507.6556
partiality,0.0827177104225,32766276.5936
season,0.0831034956683,35788800.3173
burning,0.0832184743586,32376607.3964
sorrows,0.0854715524219,13385543.1807
cold,0.0855215459123,6770369.82798
sigh,0.0861798521891,4211494.31517
nearly,0.0865629690586,4514459.7379
perceived,0.0877822697422,2152282.71907
incapable,0.0880185871295,24117781.0476
attention,0.0883856729364,2115903.59181
feeble,0.0888725744671,34075472.7317
obedience,0.0890040689585,37073308.4176
deserted,0.089323286213,28666168.517
use,0.089575974511,11706755.3045
year,0.0896201067507,7160751.39889
security,0.0897641843133,36456216.4957
minutes,0.09065786529,5256510.8498
equal,0.0910953016451,16890299.4194
everything,0.0916374614951,4597479.45571
cheerful,0.0929589730399,28474419.3299
having,0.0931830311025,617096.970729
glowing,0.0942700628874,13090942.3488
pleased,0.0947423832906,6642872.3026
prevailed,0.094941187911,35498897.2364
explained,0.0958204889273,104396633.896
emotion,0.0962328818667,5552912.72506
dressed,0.0976651918585,32276431.2616
maternal,0.0989864020536,24226511.1996
arrested,0.0991845070771,54417610.5402
become,0.0993761157875,3806425.50323
ideas,0.0994110572753,7591080.05229
instantly,0.0997673027797,1477579.10299
inquiry,0.0998777883109,38081709.4289
calamity,0.100097963823,50207852.1271
taken,0.100373451876,5132137.44034
severe,0.1004079127,40581595.2246
assumed,0.10044931105,41664331.8783
writing,0.101456795707,24411218.4789
once,0.101466925833,1004737.88144
beautiful,0.102608868145,5065771.01952
rapidly,0.102659570629,26847314.4401
knees,0.102819809714,10102368.0814
arm,0.103021370931,4836438.33078
#punct_?,0.104801402477,3233.37711409
cheeks,0.105149977533,13347222.2879
desire,0.105337663537,9362549.63691
solitude,0.105525144974,17625304.8634
service,0.105740940142,16359111.1022
blessed,0.106750112156,12907422.5991
ingratitude,0.107746431546,82734369.4147
early,0.108510440471,9027943.61562
consented,0.109396126281,76689284.829
dress,0.1101787152,17191256.5984
weak,0.110415581357,63973007.2079
some,0.111631288977,259021.082526
plain,0.112438717596,14053553.6719
wealth,0.112500130737,20611536.3522
part,0.112500715223,1423670.80915
attitude,0.112812538451,152209601.19
fail,0.113113938112,35408815.1342
came,0.113198900983,956050.82644
leaving,0.113303015769,23549193.2811
notice,0.113493319431,14325573.8329
excuse,0.113592633782,18457816.9471
guard,0.113688348375,38921558.1779
blush,0.113806155203,32946435.8449
throwing,0.114696360709,91310090.0039
asked,0.115414882376,1270363.88424
ray,0.115633719407,19746961.9858
prove,0.117458144391,11029412.2481
appeared,0.118190852812,2426672.7541
question,0.118565011311,8686666.39772
fa,0.119415535293,58482258.2609
till,0.119539819087,1019539.54237
calling,0.119686967982,81126969.569
lower,0.119753242141,62799589.7677
could,0.119776992649,215620.915162
communicate,0.120844373393,129807100.657
touch,0.122405785273,40611510.5843
concluded,0.123046352262,16520019.3626
distant,0.123447569667,20015229.2931
image,0.123854840197,36071676.8449
sometimes,0.123875275668,7204910.29866
disgrace,0.123962131296,37950062.3619
#unigramcommon,0.12401906092,12.3008032451
prepared,0.124197448695,20312335.4936
pressing,0.125011914275,92494146.4049
sad,0.125465214154,12264992.3861
due,0.126125911995,40953422.8293
enjoy,0.127003062822,32936849.8989
inclination,0.127019450397,34422323.9313
arrive,0.127292870361,101137453.239
like,0.127872535792,647114.925474
fondly,0.128357874237,30525681.9973
neither,0.128409460325,8251199.15753
opportunity,0.128735972732,7714164.68605
require,0.128931277341,83535416.3025
ears,0.128983861847,25220481.9732
violent,0.128998162862,11890381.9395
invited,0.129000188192,28775181.2561
suppose,0.12907806282,16467096.6416
regretted,0.129239188895,61944943.7135
entirely,0.129309713614,3998808.90405
feet,0.129916154392,9052207.30356
complexion,0.130186795949,130586365.622
shook,0.1308633633,53282826.9481
indebted,0.13133079834,72146953.562
placed,0.132407596184,10251171.2161
window,0.132874980686,11460120.2063
upper,0.132962365566,105392113.386
suffered,0.133087603916,16637216.2339
attending,0.133772153824,139019819.808
employment,0.134192054914,69108460.4733
action,0.134225425967,9855254.2072
number,0.134277193628,55538544.1676
gold,0.134463111757,37888551.8439
play,0.134680947197,8944003.83972
union,0.136818407388,14645227.2564
future,0.136860963634,12269538.4917
confessed,0.137102278965,64331005.9112
lord,0.137904365406,100585.502415
amuse,0.13946033822,59598614.1811
share,0.140055379787,30613396.8234
dispatched,0.140836728339,47835312.7619
comfort,0.14096754733,9416675.58712
calculated,0.141058451831,22178014.6167
quitting,0.142415137161,62059203.2695
guilty,0.14276342588,35542367.79
despise,0.142817068285,175686089.744
suffer,0.143475068792,17271616.2206
tears,0.144359796574,1818079.93685
immense,0.144651191992,84954755.6262
stone,0.145064520757,19896644.1689
favour,0.145506008754,11318949.9058
obtained,0.145665345553,48933520.3422
ed,0.145806068607,6230513.0284
let,0.145931678377,1862532.4297
leaning,0.146687824104,113424819.852
fire,0.149133840705,11967287.5748
powerful,0.149174767519,38994935.3815
disposition,0.149474480902,32836074.2364
beyond,0.149539848376,11414540.0611
clear,0.150890743845,37819379.2142
bring,0.151098799544,17204724.8549
listening,0.151954354121,110422637.08
silence,0.152650982723,6653388.2532
duty,0.153216145258,6357122.35732
benevolent,0.153319635564,42355527.2514
thinking,0.153511115081,25449690.5659
her,0.153630921107,2507.23655162
bosom,0.154282300731,1706486.69532
commanded,0.155560234214,62589988.1547
devoted,0.155568107352,29171372.8047
refusal,0.155757075268,292436356.243
doing,0.155780655783,20488479.9141
into,0.156054792115,451425.532494
increasing,0.156257690213,97860289.9266
subjects,0.156509431586,68223213.5273
carefully,0.156549357069,43295560.6132
grateful,0.156585690735,11977422.8025
pause,0.157019859345,32252293.6122
words,0.158006456375,4176875.91573
papers,0.158372696512,15459830.3777
eye,0.158783132531,5989248.5427
parlour,0.159467962039,7566463.56215
singular,0.159500548614,23492601.0894
lost,0.159849854939,9218904.89876
hid,0.159971386055,73724958.2926
took,0.161139814518,4638763.81985
laughed,0.161471759763,66433643.8587
noise,0.16193975626,29764286.007
while,0.162611569263,564043.103713
these,0.165449745154,1022698.30027
earnest,0.165651163788,39735023.4584
completed,0.16650810079,179260469.157
gone,0.167331355273,10801210.4941
herself,0.168791335288,570375.59797
tremble,0.169041403965,81737893.5065
bis,0.169324772184,56750146.7728
place,0.169387244037,3408235.54987
offspring,0.170449225303,150344083.784
knows,0.170777231645,32460201.8955
patient,0.17093530885,123921241.071
was,0.171184521715,18610.6807824
excited,0.172551531789,16056055.3019
explanation,0.172786964246,64556492.5775
deprived,0.173334280213,45178866.871
forgive,0.174215390506,21506871.9094
greater,0.174364048714,31162515.653
alone,0.17445274468,6821464.60669
falling,0.174930454984,144769942.72
midst,0.175178595257,170198651.238
viewed,0.175351949545,219735155.619
proud,0.175578555605,22869399.8941
continue,0.175816370686,59285774.9921
unfortunate,0.178349069956,9781317.65785
hold,0.178896805943,12935981.8004
troubled,0.179259109924,151943632.414
sooner,0.179647235194,21779659.4191
carried,0.180068840352,41997165.4001
reminded,0.180579608828,208134416.392
kindness,0.180657277893,17171477.5487
unnecessary,0.181438841903,135286143.787
told,0.181837441857,1850444.3836
grew,0.182124389053,33489552.2583
providence,0.182143480725,22068939.8262
stairs,0.182190234904,122480298.697
companion,0.182310794071,8007874.82821
reflection,0.18260572568,38588386.2035
prospect,0.184055553999,60116309.0638
saved,0.18436447756,82966762.7897
times,0.184677431835,5862528.90041
company,0.184763421424,4603481.91421
recall,0.18485799479,104463139.128
cast,0.184902837131,12205879.515
arise,0.185162407245,237546611.894
involved,0.185544785853,87446879.9924
fever,0.185647530713,94619620.1472
exhausted,0.185981189482,83196278.9359
seemed,0.186277643181,1105191.16236
delicacy,0.186418350875,21943672.278
glass,0.188013059165,31328922.9838
narrative,0.188818191532,114732694.359
com,0.188952723157,35517590.993
raised,0.189850132582,16336228.9773
respects,0.190646294737,303579801.185
live,0.190739299336,9920741.50238
doubted,0.192420539021,27539340.8907
sensibility,0.192876378174,22039082.4433
myself,0.193488967274,1197154.91596
submit,0.193771300319,113467339.676
recovering,0.194152887071,153084930.609
persuade,0.194304828557,89747049.2119
therefore,0.194718198442,2108890.86199
breath,0.196187115101,48690971.6483
feelings,0.196260019917,2485638.84787
enjoyed,0.196895207958,64825177.2401
concerning,0.198197471642,20933385.0903
water,0.198699664651,24121274.7528
unworthy,0.19951925478,89786214.8758
alteration,0.200630959036,72884172.8118
seldom,0.200795201729,62303717.8986
believed,0.202350598729,13281926.9935
withdrew,0.202893560992,29373671.1508
miseries,0.203479332488,149732138.763
minute,0.203584225091,34962586.4076
speech,0.20443230872,10313853.0925
connected,0.205252809053,126589497.683
means,0.205898504501,5082343.46696
speed,0.207114758442,137323361.103
tale,0.207132735625,25157440.996
mad,0.207848272365,100985770.647
brought,0.208329820273,13320706.8042
am,0.208480808281,507860.652862
along,0.208562640214,12484747.8903
appointed,0.208693120674,61831986.8574
fallen,0.208880211438,46382945.7558
conscience,0.210613419767,97614878.0155
wonderful,0.212626594242,114164463.873
estate,0.212827297201,34284161.7295
closed,0.213050261035,17168267.6279
alike,0.213429810208,12675263.7326
poured,0.213565531263,238860738.753
prepare,0.214081487706,75578548.0152
allowed,0.214618284313,24898849.7425
humanity,0.215034788141,21273167.7474
wrapped,0.215060716588,163712676.381
broken,0.21528547965,45555497.7633
assistance,0.215409359728,26300063.3349
food,0.215414792976,48396041.521
design,0.216035020544,28354394.144
brow,0.216202206041,81989405.3524
ever,0.217409772413,3111845.04172
repair,0.218504655983,195351323.256
remainder,0.219384584773,131710331.333
discovered,0.220017448885,16975684.553
stole,0.220225791192,135672516.377
requested,0.220389923978,16686711.9882
hurt,0.220439720878,102678384.62
preserve,0.22094184623,110281366.717
his,0.220986578171,10737.9984841
at,0.221164259027,107409.140472
entreaties,0.221204933571,71318148.3383
mind,0.2213493045,1586519.11858
confinement,0.223019231984,93228587.2294
recovered,0.223296537989,20514822.0086
pronounced,0.223946449444,116290010.778
impatient,0.224761156292,83682382.8086
forward,0.225066506274,21926508.7516
bore,0.226339158672,41412692.7021
peace,0.226388018663,9206003.27709
keeping,0.226963140133,170402017.452
rival,0.227161462406,77548436.5378
endeavour,0.22720521579,22618277.3664
hut,0.227605311603,31558604.876
situation,0.227986869417,3738604.28247
neighbouring,0.228122363277,105083312.661
anxiety,0.228279568857,16418251.739
yet,0.229163183823,623441.951553
forgot,0.229276108722,55347392.3037
laid,0.230052998272,22134741.123
join,0.230107700667,99316915.1437
resolved,0.230691308566,7819302.77353
moments,0.230955057188,14861609.2707
dare,0.231172580908,33277812.4526
watching,0.232107161998,90721974.9958
convey,0.232511410113,77941041.1513
firm,0.23272991005,41703632.627
low,0.23319663182,27820782.0422
miserable,0.233353656754,11075047.8231
gradually,0.233410291532,57707976.8085
father,0.233555799473,296091.41609
fellow,0.233951184839,13392056.5998
ihe,0.234415643046,3315235.98858
he,0.234561555188,10146.017858
artless,0.234747125204,74084818.4994
former,0.234855332516,8763584.51411
safely,0.235118161141,173872493.294
joy,0.235447804072,7422883.04763
spot,0.235907488199,16567647.458
dangerous,0.237400923763,63111627.5559
animation,0.238252635233,210075043.982
perform,0.23902874562,54702067.7441
restored,0.239064337096,51251653.072
visit,0.239432968018,10463048.2031
misery,0.240796257962,7946444.07166
except,0.241076635652,35382932.0906
welcome,0.241515941628,80838202.2819
powers,0.241763056368,32496017.9663
plans,0.242342295092,95870592.6538
white,0.242405872703,7929748.32123
encouragement,0.242821279049,977722352.851
signal,0.242827548358,133674819.492
witness,0.24317709634,84279498.3376
exertion,0.243198944964,48267141.1366
bliss,0.243482337495,23755507.4447
insult,0.243516371851,170290516.878
blue,0.243698614821,89888003.6566
pointed,0.244104899985,77929686.6476
apply,0.244129847296,375606642.988
starting,0.24426251734,60085720.0425
opposite,0.244268347771,69765474.8967
lay,0.245147862638,16646574.8694
bright,0.245218357339,59219912.9795
affliction,0.245705940187,93602671.1391
tone,0.24586593668,13411375.5574
branches,0.245890067114,95016254.0949
contained,0.246991565424,59545827.5424
cannot,0.247628859545,3042469.76565
cause,0.248560884813,8074523.39636
following,0.248950421756,25919156.1071
aid,0.249257965862,34869370.8736
not,0.24976664312,51144.2249262
pursuit,0.249850727674,66861592.4887
doomed,0.252167073745,70233630.6433
shall,0.252359655765,915232.423286
visible,0.252612561656,109296091.167
slight,0.253513071042,39368202.547
length,0.255544094394,1941094.0011
mean,0.256179942614,15019881.3958
enemy,0.256369303709,31572555.9651
forbid,0.256855398956,438615084.494
bent,0.257069521038,34792735.9112
taught,0.257726319668,31762965.4458
rest,0.25772917936,16941817.3451
inquiring,0.257745004642,130542304.495
actions,0.257765295231,44700439.2326
events,0.258073123548,32321066.8421
softened,0.259049001919,128006753.043
throw,0.260218076612,161415269.617
stranger,0.260245828636,2526609.12454
private,0.260296508449,36770155.1451
widow,0.260297690094,10276767.5207
supper,0.26042975415,37865591.9032
advanced,0.261447296536,26280030.377
secure,0.26202125676,46298665.2403
struggle,0.262041442884,260117177.602
proved,0.262222494831,36544241.8075
arrived,0.26296144103,11487167.1618
compliment,0.263353160961,112926937.119
name,0.263905893255,9841177.66193
forcibly,0.26452774151,161718091.474
against,0.264878870305,8197560.66805
spirit,0.265178838072,12547050.9755
spring,0.265436761967,69338415.3736
formerly,0.266002003556,95647640.2281
wishes,0.266358627294,17141129.3661
grant,0.266621435602,241820812.123
being,0.266715732507,771670.961196
arranged,0.26703932837,369509017.213
amiable,0.2677260711,2911651.36071
neighbourhood,0.267881689247,45258886.9802
cut,0.268027922709,114439879.039
method,0.268776943903,71607086.1638
offer,0.27113085111,51577058.7221
affectionate,0.271639812833,26737873.1691
sister,0.272159313376,4408555.19397
quitted,0.272345317428,25378972.4142
#seqpredictable,0.272801232681,67.0777816648
view,0.272801760397,16646966.2643
liberty,0.273839914301,45209935.785
compassion,0.274031682395,80534122.2384
below,0.274121636652,58260315.0381
assume,0.275308861022,367779547.32
raise,0.275409877413,191698119.55
yourself,0.275812609837,10336740.7863
offered,0.276015412825,49370323.0306
above,0.276518778534,22129020.6036
us,0.276664742179,851274.1857
of,0.276776477515,3999.95918322
mention,0.277657699951,117306765.373
retire,0.277851524452,67419357.6155
draw,0.277943820539,92129924.7799
likely,0.278393497448,38561604.2016
companions,0.278496428609,68828364.9459
rising,0.278498366619,56549831.3738
hear,0.278634970369,8835458.84856
find,0.279141986308,7698617.48418
f,0.280764241592,7894047.68238
altered,0.280885503895,132301927.799
breathed,0.280894603021,99868009.64
affected,0.281886629047,22751078.0778
overwhelmed,0.283106571461,257022680.913
rapture,0.283777439409,55137026.7045
answer,0.28442172408,12302370.0789
portion,0.284860661124,96145685.6823
extent,0.285520338264,184683674.296
keep,0.28569295709,17880224.4836
condemn,0.285985715066,206004379.331
tried,0.28676383249,27196562.59
existence,0.287843250648,20281092.7672
ended,0.289196998388,232993827.987
paid,0.289285425558,54748119.4564
esteem,0.28953223725,34187463.594
confirmed,0.289721516069,108786661.143
mental,0.29024328376,25743271.2148
until,0.291635895433,1669703.49341
protection,0.291987673941,16475897.7454
shade,0.292352204381,74209463.0637
dying,0.293206017702,82333239.7644
also,0.293307838237,5823512.34236
spread,0.293479049558,46604599.477
satisfied,0.293825627801,72749189.0194
return,0.29481816055,6981289.41642
sacred,0.295295049236,18934055.3438
compose,0.296016411824,338237904.999
demand,0.296348855322,136327152.841
hand,0.296647782513,1601763.12249
betray,0.297258822666,111967956.882
absorbed,0.297887467304,208458239.184
longer,0.297957135415,11640777.2593
prudent,0.298074938196,175482792.0
i,0.298322058556,4551.56310142
resist,0.298513857209,162328974.227
joined,0.29852655609,44342738.294
promised,0.299448478752,43104036.4267
#punct_{,0.299900750814,1673830.25876
relieved,0.300549036463,123641832.401
flattering,0.301764066481,90195852.6671
answered,0.301976999761,5203425.08739
st,0.302054070134,1926828.28114
greatly,0.302905973092,4011259.79994
asylum,0.303178569964,164301761.064
capable,0.303856533457,106329873.626
take,0.304889393777,4062315.5896
yield,0.305383938815,133083892.753
wish,0.305551626366,5644417.01296
back,0.305671954279,7107719.78047
rendered,0.305858474474,32445464.2309
drink,0.306083072357,162307514.039
whisper,0.306210396034,149117990.236
unable,0.306844212666,22564901.392
spent,0.30714749326,31990321.8242
resentment,0.307163607495,71930735.6533
tranquillity,0.307386455211,112178695.231
advancing,0.30779502078,135461881.476
#punct_},0.308112907461,1853240.23989
attended,0.308630598166,16440861.1054
master,0.309797733036,4678417.25131
intentions,0.310877035612,105028240.359
preferred,0.311486670211,191463459.403
assurance,0.311947751689,189965276.081
soft,0.312060659572,25814370.0911
catch,0.312067852094,356221251.237
offended,0.31228069478,157823617.77
shock,0.312308408137,134447427.16
slave,0.312571340755,32978206.925
extended,0.31267817329,136673384.576
hopes,0.312942313929,19187985.8643
broke,0.31309273883,41847858.1053
charmed,0.314512806937,227339663.935
deny,0.314956675952,165120329.462
animated,0.315266194386,45586150.4017
spared,0.315744930813,181658294.43
grasped,0.315965013973,37646642.2095
request,0.316069881987,27182378.4196
tongue,0.31738650405,268893744.774
breathe,0.317689712512,119608173.586
followed,0.318008685205,27878494.2513
floor,0.318621305034,116110529.18
elevated,0.319492908488,348792357.375
moon,0.320711092542,40721738.1531
away,0.321237866915,5272638.30422
now,0.321293542764,362277.909902
for,0.321489799739,100469.100182
endeavoured,0.321571368519,16951883.3984
sufficient,0.321798628541,36550136.7811
reply,0.32274014229,28105390.0657
small,0.325141337551,16353821.8537
dine,0.326171292905,79516140.28
ourselves,0.3284052271,113540643.55
call,0.328607382552,21607584.9091
cruel,0.328681725026,21727462.6445
sincerely,0.329890333837,340278391.579
severely,0.330544616818,185668466.517
deeply,0.330744565832,46735467.8865
sensations,0.331045196673,50665734.6195
stay,0.331712850339,23458667.0297
wrote,0.331716649687,43307266.3393
mystery,0.332610072882,70865691.7964
report,0.332946447914,135294365.7
although,0.332995641055,4878717.15158
proceeded,0.333178580103,13970301.001
rolled,0.333800918903,194679885.417
fancied,0.33495081098,106974840.889
fixed,0.33526379092,28945905.6248
#punct_^,0.335494868107,1816.16246548
cry,0.335606857472,97366837.6535
suspended,0.335618985235,137258753.458
knew,0.335619680728,8723214.25253
ear,0.336016205525,47922518.0231
secured,0.33611306484,127984992.579
supporting,0.33649976785,556483385.874
belonging,0.338134732855,157551346.778
acquainted,0.338301155632,26303747.0309
shocked,0.338357613674,75247467.2307
threw,0.33850904971,43144751.1719
library,0.338863272147,47251338.4952
given,0.33910060926,37831651.8298
fall,0.339215435282,57936453.2744
paused,0.339447361517,10890766.2169
sent,0.339909881277,11920595.7284
follow,0.340358920467,46733210.5413
then,0.340813232852,1141857.56556
affecting,0.341429737053,127200263.733
native,0.341571653508,65554014.237
occasioned,0.342772102783,36477681.6376
give,0.342815934023,4438602.99393
anxious,0.344629710133,15176003.4085
reflections,0.344807417099,55539059.796
entreated,0.345177618842,71348968.1011
raising,0.34591764997,267975819.684
probability,0.346070787791,111140799.872
shoulder,0.346154588022,158989904.16
selfish,0.346235043272,95612000.38
fresh,0.346536876246,39310627.6502
upon,0.348490684356,158921.165966
were,0.348952555236,499642.830493
latter,0.349397168563,18946424.2337
truly,0.349562304298,41246696.1812
faintly,0.350075097051,144639348.115
conveyed,0.350155483079,37025748.5326
attendance,0.350360363618,259417494.578
dwell,0.350987395398,248060827.039
surrounded,0.351120228987,52289634.9812
since,0.351437098,3678003.67392
start,0.352169155821,185414879.736
title,0.353062644789,195504688.223
bounds,0.354908519983,546628127.318
hastily,0.355100928632,23194514.7954
recommended,0.355778853554,265781536.517
behind,0.356295479669,21760666.9196
astonishment,0.356672901398,80555429.957
prospects,0.35678478185,158702680.809
angry,0.356854319285,146025404.974
cried,0.358390370162,831698.264827
pale,0.358878561125,21776799.5927
known,0.360402166595,22294200.2523
pass,0.360789072949,27620732.9224
talked,0.363901774408,126221073.577
retired,0.364258455393,11256002.0039
afterwards,0.364875344675,75593251.3906
gaze,0.365061566881,185135978.707
fix,0.365932197805,467637350.977
hands,0.366065045351,7528908.03685
should,0.366455935057,928830.613491
adieu,0.367368241063,88210643.8284
too,0.368289974161,1837036.86142
conviction,0.369393330789,33057384.0892
hi,0.370295702701,204298148.684
#punct_«,0.370375481491,189919.895222
looks,0.370667774392,19280762.9358
avail,0.370678835222,291130300.221
utterance,0.370811967785,416414567.076
anxiously,0.370859901482,43542112.9009
force,0.371033070327,45336012.1088
resigned,0.371651084051,303838835.45
appearance,0.372095662807,16362502.9111
found,0.372234036404,3246122.98693
attentions,0.372965446053,40208892.7573
repeated,0.373396565961,35698101.5537
watch,0.37439813404,107156407.127
shortly,0.374742322064,106660900.469
tree,0.374851118667,105061608.956
gallant,0.375099492723,219455504.852
#punct_<,0.375726070031,348311.338176
disappointment,0.375873963546,85224496.4244
render,0.376737134582,25690923.6942
strength,0.37706498668,48065404.4043
accompanied,0.381223972597,63633275.8825
compelled,0.382315811801,45354949.82
composure,0.383183470871,151618704.968
attempt,0.38332846489,36850165.4368
visited,0.383449076506,104956247.756
astonished,0.383827246375,93147023.9025
ceased,0.385396701157,91237230.9269
plainly,0.389424071921,157899753.973
b,0.389635819017,36376056.1872
finding,0.390552389252,42319180.2939
avoid,0.390733779155,51618949.562
fatal,0.391074534091,45325920.2123
whispered,0.391531623001,86000752.1159
shelter,0.391604602327,106563539.344
convenient,0.391792605541,703394018.823
cease,0.391961219195,232034236.358
look,0.392165783428,6139035.10332
hard,0.392457150618,117487563.758
directly,0.392913485832,64165375.1169
approach,0.392940692246,44993119.653
chosen,0.394233274287,496929521.502
grace,0.395166044472,1806269.0491
conversed,0.395329596496,396884897.407
to,0.395747915129,8471.62580954
resign,0.395749668231,524385774.576
soon,0.395925987592,3479880.10918
visits,0.396897025129,69903094.7628
almost,0.397987664639,3735392.24345
proceed,0.39881130833,52896638.5075
respecting,0.399160607738,29000523.0608
guilt,0.399162680025,57024649.1491
servant,0.399303663797,11728997.619
study,0.399392553125,140635713.915
exert,0.400006987141,233589596.567
cousin,0.400052182217,24017584.4424
sinking,0.402219343477,575332163.285
ventured,0.403042513895,174929805.061
sight,0.404738134993,18989429.2709
#personalname,0.405256483473,12456.6661334
ordered,0.405982530227,49936686.3967
mine,0.406509096383,22723112.8023
caught,0.406767885129,83580589.6943
charge,0.409417140194,72130019.7144
proof,0.409538131325,103924751.992
eagerness,0.409779371609,342381735.811
useless,0.410254753666,512903207.597
condemned,0.41028617761,339969385.432
ardent,0.410983501387,50956966.4002
sorrow,0.412291141351,17718699.3859
rested,0.41288303815,157176941.249
unpleasant,0.413530853447,173733097.896
tis,0.414020219116,5046951.42386
undertake,0.415102843224,404793576.911
fears,0.415350995372,28156035.393
departure,0.415826157242,35867471.8768
safe,0.417386979594,97089668.1417
disagreeable,0.417650851003,66334183.0339
birth,0.417989557097,44679388.4037
confused,0.418126798606,157140353.646
excite,0.418317094044,154487072.689
assembled,0.418723927362,409611286.231
poverty,0.419333033262,74612633.9916
guide,0.419728372428,45891310.0439
contents,0.419918584658,166849634.142
space,0.420547467059,189691726.055
protect,0.420839016789,177253792.76
hue,0.421840765238,327521254.183
instant,0.422360235311,25299989.0023
innocent,0.424441829331,38303478.6224
awoke,0.425480130587,127197803.087
countenance,0.425862800384,11001588.4128
will,0.426663320047,218303.154148
leave,0.426758180223,6063526.08313
attempted,0.426957426245,95033372.2388
sought,0.42703390917,38770083.0342
vas,0.427192793072,135600093.49
remembrance,0.428085019057,185051050.571
disgust,0.428316105,389604369.577
every,0.428567526745,891682.970399
recovery,0.428715249253,59675490.2808
drops,0.429332947962,542318705.415
receive,0.429555002621,53771288.5946
glow,0.430763473482,212772556.282
provided,0.431541132713,354901759.756
accomplished,0.432808627032,193512979.611
summoned,0.43283227467,107249172.713
exertions,0.433491069236,188308233.411
refuse,0.433853881267,166800830.741
the,0.434022303609,2220.35932404
bitter,0.434270377161,147062760.789
forced,0.434317255999,97907850.3804
those,0.435926431759,2719537.52147
health,0.436095375198,29499202.5345
trembling,0.436391305708,19043245.6883
bestow,0.436591034219,161761526.001
land,0.436726665801,84553281.583
expectation,0.437496677593,266670124.644
thus,0.439359643117,6065345.06782
descended,0.440099294794,127995190.53
breast,0.440501086835,35259674.5614
places,0.440526655187,178514319.473
reasons,0.440621879608,245923849.251
few,0.440725011143,7839935.49195
inquired,0.441037396988,34638697.4586
directed,0.441053960798,84666726.4454
displayed,0.442510030145,458589598.797
terms,0.443113462064,138541523.168
knowledge,0.443439121071,35907195.8741
showed,0.444790019304,57805261.8567
earth,0.444824234988,26096538.1443
compared,0.445123295737,774071695.382
depend,0.445175548173,263651591.333
delivered,0.445476538109,128979650.257
composed,0.446058985199,92320363.732
crimes,0.447246678189,61148938.8946
imagined,0.448039618105,54095391.2057
emotions,0.448458293898,24935322.2897
evident,0.44846578373,66768343.7198
exclamation,0.448479841161,612281569.942
whither,0.449751131122,76729693.6215
oath,0.450146803787,28659442.9567
choose,0.450414073772,437584624.598
pride,0.450752263643,30792839.7496
lamented,0.451091403661,159170222.623
hate,0.452295045963,103934871.223
deeper,0.452687298244,557407751.599
rushed,0.453301383224,60207747.3888
#wordlength,0.454132540558,18.4853940503
possessed,0.454797768191,43103221.5666
checked,0.455094141108,242860946.132
check,0.455678138202,126124447.358
timid,0.455963938038,233910597.61
honour,0.458858708489,9669782.37868
light,0.459257869442,5757515.88771
paying,0.459521401591,231670636.365
prey,0.459718176332,285887829.932
lovely,0.459823135889,5338922.08946
sincere,0.460052884846,159662362.337
melancholy,0.460510753563,16616593.7889
eternal,0.460548764052,113236205.65
incident,0.461147545395,297259612.753
permit,0.461517637457,28680403.649
sufferings,0.461736772956,139957374.154
wishing,0.463268216997,141887334.346
intelligence,0.463467148689,34726513.4721
heavens,0.464504943003,66306260.9421
firmly,0.464895794312,84866056.1371
distracted,0.465315296566,275669023.32
regarded,0.465432259782,111169783.776
flood,0.465542713508,39812751.0024
towards,0.466405678646,5362063.84308
true,0.467217463296,21524638.263
where,0.467929005155,2094649.99555
brother,0.468143665996,4344705.27145
brave,0.468419029528,176383585.781
engage,0.469152914759,349947532.306
trial,0.469501555528,201743551.353
recalled,0.470138385552,189173906.394
conceal,0.470283632509,48200912.318
ere,0.471093049939,7661141.80653
faith,0.472798742966,48147249.4041
dwelling,0.473286794375,173666761.715
heavy,0.473318159864,30414878.8752
gentle,0.473511546876,58077019.1775
exposed,0.473767665534,152853289.181
soul,0.474363092487,5064441.84126
creatures,0.474525091178,119738650.372
becoming,0.474601324091,176360648.681
awe,0.474900635945,413586481.91
surprised,0.475093062626,57627451.4097
jealousy,0.475405959365,242626629.22
evil,0.475876085439,122116333.315
encounter,0.476638814391,224392201.423
sunk,0.477462995134,25314807.7586
danger,0.478923337716,27722693.3437
seat,0.4796939487,25997388.5115
wretch,0.47974830022,53592197.7211
frame,0.479976552533,31710232.7843
weeping,0.481252484787,340100198.631
wretched,0.481364662926,46771101.34
prevent,0.482442933833,32601174.6705
lives,0.482569105964,261847581.991
touched,0.483555576056,242506509.053
prayer,0.484129612122,88923055.2821
and,0.484607313088,9372.76133043
hesitated,0.484745856731,186197832.246
"#punct_,",0.484915161381,120.726811184
#fogindex,0.485180496032,0.032472394066
apprehension,0.485949527111,60193517.8301
mercy,0.487691807055,32045653.7449
shrink,0.488259919682,270297131.198
awakened,0.488264368385,27734852.8508
spare,0.489572069131,165615327.758
nor,0.490259634397,8445414.50257
suspense,0.490273731726,404997092.71
beneath,0.491404982176,11725556.8859
pardon,0.491819291632,71857078.7414
gently,0.492818411542,123513170.931
intended,0.49298044759,71563419.5219
green,0.493295186355,98901667.4682
friend,0.493553656312,2221870.47349
comply,0.493559389632,272991368.851
experienced,0.493733066174,51599754.3212
drew,0.494129264073,56700696.2292
spirits,0.494506418596,31445503.2369
obligation,0.49514802463,238772754.422
impatiently,0.495275667055,464858617.334
required,0.496391196203,168631817.21
seeking,0.498148701818,444310402.773
chief,0.500059206665,111725160.558
breakfast,0.501116656656,63793006.5933
accompany,0.501907000226,96616850.1169
ruined,0.503224457254,563123815.277
amidst,0.503736653984,187457675.411
residence,0.504907209044,57260237.1047
cruelty,0.505658678373,70125432.9425
idea,0.506306682522,8215188.16394
indignation,0.506516463946,149161530.667
tear,0.506937208105,65259027.6911
save,0.50780573615,31217345.6977
calm,0.508539229295,28288580.068
cares,0.509188153079,485680909.864
converse,0.509393282399,450188719.06
fate,0.509793987039,14242451.4819
supported,0.510334300766,128856475.636
bearing,0.511101661633,454761926.847
difficulties,0.511994420187,262074152.248
hung,0.512492920016,48075932.0778
determined,0.512636913055,15077082.7718
interview,0.51268952868,73104814.6739
mortal,0.513382227393,203327711.075
solicitude,0.513433741419,119724971.6
informed,0.513533612511,16617176.5761
darkness,0.513624422157,31866532.0407
difficulty,0.513916260919,78418317.1885
friendship,0.514913030841,17109983.2729
violence,0.515495390482,100855193.437
you,0.516008162029,34213.1279832
fearing,0.517354545496,196248169.419
restore,0.517786789809,190044266.899
remind,0.517989746946,1517125440.42
struck,0.518383292717,31870841.0872
interruption,0.519798053047,450533857.214
impulse,0.520187652445,67101792.3067
alarming,0.521369353789,346392709.518
occupied,0.522308987952,69714314.964
snatched,0.522589994077,421946478.822
angel,0.522841665101,122149711.649
rise,0.522880954249,233622791.252
senses,0.527419878834,78733289.3097
rage,0.527554957056,100516861.348
consequence,0.528020468652,28016484.2769
abode,0.528704089521,93863413.4634
permitted,0.529795668094,95423558.7205
pretended,0.529923418383,276763392.694
received,0.530191302241,12853064.1801
destruction,0.530386495576,22379125.1685
apparently,0.530482150848,143565411.295
suddenly,0.5310136602,21279367.8881
mansion,0.532091475573,123417780.734
several,0.532283012746,11316633.5202
distress,0.532493455485,46298307.2606
believing,0.532715814213,166170835.812
remain,0.532746462731,23291836.5659
gratitude,0.533250699624,19441661.8026
bade,0.534953973359,85820854.7877
accents,0.535606282454,100257090.59
late,0.536213010393,39843770.8469
degrees,0.536288986429,312854477.229
dreadful,0.537872271568,4396732.97377
destroyed,0.53789976169,161273562.413
confined,0.538656165399,132230066.312
destined,0.539010811882,293695358.684
wandering,0.539379917407,418987135.382
flying,0.540517970007,377610438.9
deed,0.540536550122,174237542.682
base,0.541406837613,40600513.8092
learn,0.541582737291,61807683.8774
horrid,0.544739224356,35873960.234
fearful,0.545017012406,84239434.2677
veil,0.545639782026,255644722.51
apartments,0.54574180457,25430008.4986
approached,0.546146842029,50496334.3097
terror,0.546572228929,33524085.4816
removed,0.547245159798,123043684.882
oh,0.548052954903,3564901.04538
services,0.549514553269,227032787.733
bowed,0.550464436492,113758025.167
started,0.551467534866,45450346.0797
crime,0.55366077715,124998520.626
wandered,0.554156465383,172062235.744
feared,0.554383824407,47742134.4831
failed,0.55465888547,219199296.541
vile,0.557903424072,164438362.841
approaching,0.558793205366,62677919.0655
arose,0.559077043785,35209168.7623
after,0.559188641901,2311256.90571
inclined,0.559644006211,132031328.298
conducted,0.560968798821,41298687.2548
shadow,0.56174708921,125455759.411
send,0.561877756357,47586663.8807
wished,0.563019312087,12636173.3558
near,0.563104224317,24106908.099
distance,0.563500229126,53434280.0726
rejoiced,0.564460868587,327509020.125
another,0.565627329418,19279986.72
need,0.565893144821,107947443.883
attendant,0.56591108445,113342983.405
punishment,0.566340125934,111943332.343
fell,0.567508577657,23357359.1919
hours,0.56754207258,34434526.83
safety,0.568532769734,26917088.8955
reason,0.569071501354,31535438.5982
depart,0.569175550454,151825101.785
eagerly,0.570035714707,41861462.3719
wept,0.570484792757,90753471.27
repose,0.571154182186,44673014.2947
urged,0.571305968218,149027497.129
preceding,0.571801644979,147289476.477
support,0.575360690401,76572320.4466
clouds,0.576880669294,91596453.9743
hazard,0.577417299515,455938034.269
ready,0.577521773443,60912427.0236
conceive,0.577698376333,327696959.9
hence,0.57816339836,296662499.092
subdued,0.579005982464,82410766.7482
immediately,0.579484354585,6306347.64935
walls,0.580615583326,29047908.1746
entreat,0.583588694352,258583567.232
death,0.583926108801,8652791.95612
surprise,0.584603687023,39065002.1505
none,0.584822778007,76808533.6947
pursue,0.585134255075,153841319.011
wound,0.585158312433,32644377.2223
misfortunes,0.586416561573,88692942.6774
villain,0.587931241757,151940131.938
defend,0.588653805269,400655043.554
spoke,0.588977030132,30377665.9308
expectations,0.590202850174,314554945.942
pleasing,0.590528181002,62249077.5186
wounded,0.590827669656,65638214.4675
passage,0.591407036983,45787193.8613
kind,0.596434289648,15080268.4114
entered,0.596888701198,12518386.3215
air,0.596989699459,16901605.5013
features,0.597393218554,34394442.7472
reflect,0.597449348148,270766571.06
blow,0.599845793571,197187390.214
inquiries,0.59994916521,114170752.026
sincerity,0.601395009267,287298207.638
romantic,0.603536143527,160521132.263
opening,0.6036411721,225100138.787
begged,0.6038729382,25717968.0387
secret,0.606144983888,22457938.8438
fast,0.606615096848,118680493.03
yon,0.607054352261,123936136.613
faithful,0.607207186283,48457082.9041
anguish,0.608488045228,26855550.9611
dread,0.608824675397,120546667.484
around,0.610283304119,43912421.514
pay,0.610690671816,86657883.4622
false,0.611062679464,177445840.571
compliance,0.611510813859,384848627.244
lead,0.612889330759,52334680.1302
delay,0.614462099242,122315945.351
preparing,0.614954227214,376626048.045
voice,0.615525515424,10171343.869
reproach,0.617235165505,211566212.85
reflected,0.617393312477,191030702.082
thoughts,0.617519488332,26109999.2849
leading,0.617982264552,212365890.106
alarm,0.620315251387,38958366.6868
particulars,0.620683594004,425309807.894
bed,0.622393601341,26872491.2202
present,0.622601619573,10923483.9768
him,0.623425558934,187499.689156
unwilling,0.62345864797,891950846.728
happier,0.624039875701,873936994.066
sound,0.62430718464,27477790.483
lo,0.62434166802,332409395.81
roused,0.624845949006,138162258.063
renewed,0.62568592809,752101791.607
prevented,0.626425330394,95419259.8181
humble,0.628844218188,62003865.7547
mentioned,0.629289356973,87871268.5561
hastened,0.630043999632,64363919.2995
declined,0.63045703733,366403563.59
lest,0.630983824737,73899919.7991
kept,0.631010082183,65318030.1001
stream,0.632248362502,126282519.701
watched,0.63257731607,221047510.973
assist,0.634310605825,230698702.042
procure,0.634510781952,262987889.695
proceeding,0.635217388959,567847513.368
measure,0.63538094585,142308335.499
led,0.635409878474,14986246.9534
winding,0.635777279283,535249497.332
reverence,0.636139417856,764275366.979
agony,0.636338233904,62297288.8075
noble,0.637311917167,34378587.1785
holy,0.641098685688,19537244.5515
dissipated,0.642495051408,770295988.125
thank,0.643446458987,96270119.0457
treatment,0.643538064916,516904059.241
entrance,0.644848408625,76235172.0504
value,0.645075420707,118685776.315
entering,0.645153875569,121408368.74
this,0.645378136907,427814.077567
beloved,0.652574671289,6713971.22004
reward,0.653464482504,172124024.274
by,0.654780152568,302463.840548
realised,0.656641575557,759121416.944
agitated,0.657091945907,14416977.1626
banished,0.657112742407,270627536.629
desperate,0.657733619948,357945384.378
restless,0.657776764819,633658098.106
glance,0.657779017501,61003921.2328
permission,0.658449772558,221209812.064
assisted,0.660408218645,752304677.575
gloom,0.661169163253,138368941.694
refused,0.661933136752,197134127.817
body,0.663304644971,53849628.0764
exclaimed,0.663639090432,5604969.20851
covered,0.66373049079,201005268.012
roof,0.664329135876,144012923.173
sleep,0.664541363812,91168086.3486
convinced,0.665198824971,47376681.6401
changed,0.66531759328,177610752.758
gloomy,0.666484447628,39182504.1769
exerted,0.667457709718,546806576.839
further,0.669031622862,35094500.3062
amongst,0.669765921845,70982504.9654
inspired,0.670486141061,51097366.5643
through,0.671927606139,6137104.33524
concealed,0.673045167104,77447659.332
oppressed,0.67771997811,347208990.445
profound,0.678709277206,229659379.095
uneasiness,0.680153763694,262324101.049
madam,0.680208421205,6551178.94492
my,0.682290346688,34391.2304167
appearances,0.685871616241,1431547831.27
apartment,0.687572719542,10860508.6818
trees,0.68823713463,83604460.5191
within,0.690756655271,19227492.6992
confusion,0.691956542937,158065203.846
me,0.693452991857,90041.193331
supposed,0.693855480579,61133226.9557
flame,0.694529609895,620248062.178
hereafter,0.695681110065,566703579.864
sudden,0.697787526459,36519042.7259
with,0.697867443553,217097.083809
horrible,0.698668158314,189547293.689
secrecy,0.699332130726,264125425.049
discourse,0.700103268708,92837674.1258
loud,0.701097758979,202093355.418
lies,0.703142762467,843145867.071
move,0.703236600177,252490905.999
g,0.703260998851,62369004.2032
determination,0.703582787595,413320300.765
faint,0.704774200587,160474519.368
height,0.706278862801,365926079.918
tenderness,0.706560088061,48729984.0158
wind,0.710564258459,113098493.473
retreat,0.711815640095,107704672.954
fear,0.712720562812,29974842.837
allow,0.712830680366,53877011.3878
obtain,0.712915064336,134214823.083
dressing,0.714425920342,222917511.661
direct,0.715000665784,250705484.096
blessing,0.716383547937,258302880.348
#punct_:,0.717469628406,7442.50969657
hope,0.719471712122,7681054.92679
fled,0.722501942856,58458418.9574
inform,0.722721607174,76403109.9943
quit,0.723646338492,168258195.349
seek,0.724469534057,77029995.6638
remains,0.727940834166,270219837.508
partial,0.728675027751,983723446.304
die,0.728826567099,59674601.806
whence,0.730667442972,251267383.183
vows,0.733461514785,582429861.984
formed,0.736080470889,66408121.4813
treasure,0.736496150073,229115619.936
softly,0.738125993431,638291539.263
injured,0.739954004315,326620287.958
hither,0.742351571652,121502256.4
execution,0.742696768068,825494413.209
agitation,0.743855030184,36088099.0536
di,0.7439462665,1881424.83907
cottage,0.744498825673,9607196.07842
heaven,0.744611268019,5238976.71896
striking,0.745093842653,629359760.259
unexpected,0.745326872379,194566793.337
enter,0.74668727634,120999262.962
awake,0.746695283384,787475457.395
accordingly,0.747267742698,27633237.3604
behold,0.750928729506,85057197.2245
conceived,0.751290411129,77243081.1905
figure,0.752657485769,63339299.108
escape,0.753471176186,42346326.4779
chamber,0.753910206918,5666500.02659
serve,0.755586053234,247524602.886
wait,0.755634220581,171172413.294
wear,0.756809031883,471042613.474
hour,0.759759934956,16093279.8359
ruin,0.761915594289,261435224.577
tranquil,0.762165761963,487671997.68
search,0.763150933354,229263165.764
dreaded,0.763294838557,232187418.529
gave,0.76343273256,20583077.9952
firmness,0.767763333639,83177833.9258
vain,0.770472941423,42777915.116
yours,0.771117749304,138315658.962
thick,0.771555417264,276377044.259
sea,0.772046718722,62398026.0787
discovering,0.772948507454,825104025.817
torture,0.773209375862,235204398.463
madness,0.773552220939,502001427.28
awful,0.774647248025,129688291.15
delightful,0.775866606134,94925078.9827
torn,0.777090762158,536862720.099
involuntarily,0.778736829589,99822165.1392
burst,0.778971297203,80370099.1289
clasped,0.780078506389,283528267.262
free,0.781334452957,96450156.8317
alarmed,0.782020493874,50090020.0454
aside,0.785926594516,242280576.003
solemn,0.786339127315,54895276.541
castle,0.786466812767,1481261.96144
unknown,0.787288184736,112951450.703
idle,0.788474684098,435409404.597
suspicions,0.789999384562,247565400.924
induce,0.790182550816,167773969.41
trembled,0.795595861968,92373559.9367
mysterious,0.797327331943,71629305.418
returned,0.801068690627,9490517.54137
summons,0.801736618765,383689546.089
examined,0.801890302341,1055962944.44
caused,0.803879166067,116578721.13
clothes,0.808554051538,215511193.114
shed,0.809218263668,379734705.799
departed,0.811405763151,102723186.562
relative,0.811713643932,44378128.9473
bear,0.812222400977,89015763.6474
gazed,0.812570851265,88701482.0629
indifference,0.814485989033,223650276.427
gain,0.816360946835,254089557.445
night,0.817780044237,6610487.28963
cheerfulness,0.818961702213,694667802.025
heard,0.820693298607,11707119.6872
soothing,0.822644332075,399916724.164
committed,0.827324366039,514846039.545
blood,0.831248099768,36710233.2679
fly,0.831408519059,16293594.3403
promise,0.832000901984,101616136.005
accept,0.832613555245,87718825.9746
forth,0.833044006935,80244846.3182
deep,0.835704053845,23146358.9693
despair,0.83691694562,35296763.3694
destroy,0.838026925766,304182028.705
break,0.838209414497,330440256.918
circumstance,0.846707661197,20998539.881
dark,0.847263042928,36299428.9617
power,0.847647074318,15069103.6879
purpose,0.851309678943,24777464.8349
advice,0.852789670488,95906641.5162
deliver,0.853828509119,852607208.987
horror,0.861351460925,17333199.5951
steps,0.862138010916,40953887.0459
remove,0.864291501059,678585742.093
information,0.867241618798,102038213.746
habitation,0.86833930656,371604507.072
artful,0.86987467261,589194628.695
uttered,0.869965105716,184809372.598
hoped,0.870386866502,87237314.3787
terrified,0.872402453838,297707355.811
preserved,0.873401437633,450433401.526
ho,0.887289960987,462448584.064
revenge,0.887589864813,204996733.5
strange,0.887879827835,92697777.6943
threatened,0.887941982393,309891397.434
caution,0.888999408355,414253440.769
expressive,0.892922998891,234220452.722
hall,0.896479089937,16427134.726
suspicion,0.897877494732,70104939.4637
bound,0.904373892941,185609513.782
from,0.905439566042,352112.755639
care,0.908002401206,56116932.0157
mingled,0.909737358433,168727646.449
decline,0.910173168778,527465369.052
board,0.912875580785,376981500.66
obey,0.912938940496,574843892.224
beheld,0.91369124179,15615255.2721
effort,0.919011703862,131012842.516
wild,0.919585489007,55197068.3314
your,0.931777668313,384105.089675
midnight,0.933618563878,204951653.13
gazing,0.938706251989,451188660.133
enemies,0.945237720538,358028080.703
wood,0.947591536311,120895038.852
furnished,0.95007081422,599124676.562
advised,0.951300247799,521972587.386
ha,0.966789827028,30413571.8058
notwithstanding,0.967072180221,122791067.603
grief,0.971467098597,37823324.3221
advance,0.97164730059,899784268.241
advise,0.975793380758,1958101634.35
dead,0.989717609966,51707966.6507
flight,0.991062694438,160791543.815
uneasy,1.00294831689,243951538.627
triumph,1.00518381023,479296528.537
command,1.00643138668,277093050.283
endure,1.00728464967,364798995.416
beholding,1.01301646003,247973030.942
quickly,1.01405444993,97987245.6764
efforts,1.02126860621,364558477.044
honoured,1.02199742113,807791982.327
concerned,1.02332370516,696301490.828
hurried,1.02600819839,242974449.585
wanting,1.02706928934,906337274.81
anger,1.02794073986,484811230.917
terrible,1.03031687154,186761369.995
pity,1.03788614682,99071999.2672
beside,1.04075597745,295083973.328
fury,1.04183915235,721925491.819
direction,1.04970995484,511222225.338
desired,1.05425472258,57103751.2023
attend,1.05615498251,133205342.57
#punct_;,1.06317573233,2313.56618457
thence,1.07374456418,938619939.888
inspire,1.07831187992,764080282.396
thither,1.14411494617,484645981.802
endeavouring,1.17524338212,460387147.422
demanded,1.17863564775,140663436.167
path,1.20194115131,103198828.023
black,1.20256412485,65848861.3425
storm,1.24614123109,266010053.517
