|arabic3digit|,-4.01806712805,-893.850371355
later,-3.65802592259,-11675.8033574
in,-3.37861314264,-770.282821272
for,-3.37634169524,-2150.08989528
|arabic2digit|,-3.28272007776,-593.776655951
|arabic4digit|,-3.25725880388,-870.191222825
new,-3.25094375842,-3181.49185733
wrote,-3.2381087054,-7302.83863771
became,-3.15599597952,-15487.3401667
written,-3.11551975288,-17789.6712405
many,-3.10616751886,-9226.33093148
of,-3.08385077194,-328.389478653
also,-3.06519398191,-6386.99747851
described,-2.95874409066,-31954.8854382
years,-2.91250858052,-6439.63947946
permission,-2.82642652167,-39468.23074
press,-2.80307156085,-16171.6189061
first,-2.80023473356,-5765.81896869
were,-2.76666938645,-2224.14063226
worked,-2.76606361559,-25956.1433864
early,-2.76338110181,-11998.9689522
throughout,-2.74638183448,-43143.0477646
leading,-2.73688111783,-45979.635524
work,-2.70687843926,-5477.68383889
months,-2.70424954606,-22085.614026
women,-2.62192745152,-6900.80542209
accepted,-2.62159978292,-33174.4704623
year,-2.61390107201,-10372.0470928
letters,-2.612712029,-10824.6287738
working,-2.57349333579,-22305.9927304
particularly,-2.55352374186,-26255.8596094
sent,-2.54537024055,-14668.5959879
although,-2.5356676342,-9575.77698064
charge,-2.52919687638,-37740.8759563
was,-2.52878701477,-587.062104037
most,-2.52621737417,-6300.88628409
experience,-2.52155262482,-24826.3816612
writing,-2.50131533247,-8408.17919393
direct,-2.48523702307,-51249.5501124
public,-2.4768509041,-9375.09543658
won,-2.47215080518,-42033.3787172
special,-2.43656581951,-26954.6408118
by,-2.43642643104,-1439.66380182
during,-2.42829628243,-8706.5708349
called,-2.42664986129,-10347.4690508
following,-2.40485330391,-18947.9594883
york,-2.40106053914,-3572.47995693
original,-2.38683648829,-22789.8328053
notes,-2.38192924565,-29687.5922427
needed,-2.37234900243,-29169.9495843
to,-2.3588966245,-482.228724764
seems,-2.3568705098,-14133.955254
book,-2.29326445825,-5728.1290783
arrived,-2.29010377954,-22561.211861
visit,-2.28867785695,-20982.6894013
refused,-2.28574635197,-30966.5635471
considered,-2.26906040131,-27985.4162998
final,-2.26829471247,-31640.9182086
result,-2.25421966037,-21689.1254119
own,-2.23790502105,-5947.51424755
states,-2.23786737039,-10542.5991094
part,-2.22118078575,-9820.50508767
ways,-2.21857143541,-43828.2149038
received,-2.21355405938,-16671.1080305
city,-2.21196679276,-5467.11413633
using,-2.20386315451,-45888.4638278
greatest,-2.19887110562,-29813.3900438
complete,-2.19838048758,-27876.8249662
age,-2.19542067738,-16660.4803786
the,-2.16651137346,-169.123501194
stayed,-2.15446391035,-35793.0675369
daughter,-2.14329435989,-15147.9169557
state,-2.13649019957,-6757.61632784
among,-2.12074428495,-10391.3062839
story,-2.11598880366,-10017.3644303
others,-2.11584238799,-13371.6424927
court,-2.09005083865,-9346.01453829
their,-2.07467615362,-1947.64425602
material,-2.05987752781,-22379.6625626
people,-2.05813095338,-3124.82233894
deal,-2.05580425387,-19770.8317679
books,-2.0204674336,-7812.85752045
been,-2.01778152951,-2281.2731139
stage,-1.9964655876,-17728.3848451
difficult,-1.9775983817,-22675.5958881
including,-1.95842314193,-22846.4093074
allowed,-1.94463689219,-24592.5577859
view,-1.93926355279,-12826.4497523
group,-1.93276551553,-17165.9720343
concerned,-1.92898381106,-27957.5772425
usually,-1.91681017126,-27587.8248604
rich,-1.91584137657,-33284.680309
an,-1.91428000467,-2534.56017025
named,-1.91243876595,-18650.2160134
personal,-1.90647826993,-11397.5420538
united,-1.90639548829,-7356.77295046
accept,-1.90394487803,-28079.6513322
great,-1.90030761517,-3900.3358891
becoming,-1.89495454245,-39914.834818
war,-1.88644062754,-2661.43404559
french,-1.88602507434,-7214.09317198
helped,-1.88560281477,-35331.9492902
as,-1.87797138897,-1200.06195219
greater,-1.87709206809,-26977.8586832
shown,-1.87690675731,-22897.0883203
strong,-1.87204038694,-19046.8568388
days,-1.86818237337,-7332.49966321
second,-1.86189080007,-12645.248491
battle,-1.86156638608,-14404.9128887
carry,-1.85184586745,-25036.425461
given,-1.85136563667,-11106.53974
both,-1.8449510619,-8401.17512258
earlier,-1.84131914837,-14367.5331197
has,-1.83494877392,-2805.90142325
children,-1.83268182264,-6923.47985124
weeks,-1.81422347812,-20364.7187949
younger,-1.8120943699,-25714.0413392
support,-1.79383664676,-13232.6844351
believed,-1.78711914064,-18585.3737971
when,-1.78465098924,-2035.9650683
school,-1.78463331811,-2501.1560292
lines,-1.78398551712,-16351.5194753
who,-1.76859346038,-2201.90761324
showing,-1.76753238421,-51345.9952257
mentioned,-1.76612122457,-27824.5266043
write,-1.76241813534,-6625.53618039
died,-1.74523784615,-8497.72079426
movement,-1.7401292006,-8727.4970686
known,-1.72501463576,-10329.0392544
attitude,-1.72303671998,-21347.6725002
published,-1.71235696135,-5601.83356073
university,-1.70303370466,-2643.1919716
example,-1.70024369185,-13163.0356939
themselves,-1.69595639443,-12689.3663899
different,-1.69595097829,-11785.7916164
english,-1.68393865416,-3918.47845967
determined,-1.66716030309,-26466.6061948
talked,-1.66585948854,-18822.6648907
affairs,-1.66552698747,-15038.6120628
houses,-1.66508945909,-22562.0231724
date,-1.66217046691,-21886.1452279
ideas,-1.66038017332,-15335.3322959
local,-1.65558619716,-15282.8347165
america,-1.65280061996,-9851.46885628
however,-1.65268543774,-5228.81271268
discovered,-1.65071888041,-24520.5480371
attempt,-1.64867480141,-22575.7030702
idea,-1.64691560026,-11968.7863431
style,-1.64319214424,-10416.7830335
remains,-1.63967687339,-24654.1975496
whom,-1.63776037639,-10091.3618684
page,-1.63454405179,-10325.3163334
suggested,-1.62128634097,-20472.8145841
young,-1.62041336804,-5020.48250912
amount,-1.61373718391,-36062.6181472
society,-1.61244808948,-4444.21882768
law,-1.6063513509,-6210.19323905
particular,-1.6048721042,-17063.6030347
cause,-1.6000313066,-10810.6898717
future,-1.59810967188,-10565.0404368
seriously,-1.59382017327,-37823.9933845
proved,-1.59326615406,-20007.8328412
deeply,-1.59232284139,-34021.4501152
famous,-1.59078760245,-15697.5423139
success,-1.58912390743,-15279.2638526
ones,-1.58680922867,-20613.0834781
ill,-1.57832235325,-18809.4575347
information,-1.57738597745,-19599.7779282
modern,-1.57386743358,-7738.56416887
further,-1.57255133387,-11050.8029055
fact,-1.57217459403,-7208.61086505
letter,-1.57130032623,-3635.39364484
returned,-1.57112440422,-14836.7678593
money,-1.55894886819,-5624.9516359
problems,-1.55401485018,-11120.530949
between,-1.5526169233,-5799.93558443
papers,-1.55226671503,-12333.2456935
news,-1.55067997233,-10698.1646843
paid,-1.53752098242,-19819.5316998
appeared,-1.53720707399,-13735.8025502
decided,-1.53442561666,-13332.5885903
|romannumeral|,-1.5328570126,-1195.6349021
spirit,-1.53074515454,-15209.5677693
works,-1.52938240495,-7995.54038041
twelve,-1.52737630967,-28436.6630783
joined,-1.52297803464,-30428.0849404
effect,-1.52045835942,-13751.3850968
and,-1.51671432755,-276.200703149
evidence,-1.51033516174,-12487.5534094
on,-1.50676760125,-960.475724782
brought,-1.50666028608,-11371.2367248
h,-1.50008733852,-8210.12778121
showed,-1.48235257026,-23525.5700421
condition,-1.47940882722,-33865.8069731
problem,-1.47095849938,-16800.8642659
realise,-1.46856557284,-32786.0736494
break,-1.46568458749,-26472.7387914
prepared,-1.46469468793,-16703.2532961
life,-1.45933277514,-2850.72539861
friends,-1.4528334733,-6449.44673867
end,-1.43797332041,-7265.55550909
period,-1.43657658126,-4601.53944096
men,-1.43170987533,-3076.66251722
library,-1.42978347115,-5835.9920961
family,-1.42193050954,-4389.13461501
important,-1.42059917837,-10100.4170573
taken,-1.4177988647,-10555.4552488
form,-1.41637079854,-7188.94488984
action,-1.4160512627,-9824.33246412
faith,-1.41416883394,-14424.5993515
points,-1.41379167216,-22059.1047001
occasion,-1.40855679573,-14400.1239799
names,-1.40735113133,-17697.2303209
relief,-1.40105080902,-33759.2863425
while,-1.39929136805,-4654.61788209
arranged,-1.39156308591,-31817.6447237
likely,-1.39044460289,-19153.049832
introduced,-1.38612525053,-31395.3770941
south,-1.37932143279,-5677.11465535
force,-1.37901706394,-10692.8010224
five,-1.37249707649,-8131.65208769
six,-1.36885383837,-10238.8530354
return,-1.3612357864,-10229.3091283
set,-1.35688816993,-7190.95485069
which,-1.34630228982,-728.024181656
served,-1.34244719189,-21784.3096636
interest,-1.339160912,-10329.9867657
daily,-1.33915239895,-13572.1532146
lady,-1.3355728918,-3147.12683865
few,-1.33386974753,-5764.10358939
strength,-1.33325322995,-16058.841895
fair,-1.32736828934,-11225.8863127
able,-1.326780088,-9735.18703388
husband,-1.3177820853,-7437.82296947
made,-1.31462007774,-3623.35659305
seem,-1.31243520588,-12842.4278432
service,-1.304479355,-6867.16707447
such,-1.30004877247,-3706.49400232
thus,-1.29633489839,-7670.78123648
than,-1.27448755679,-2900.02782585
record,-1.2537854709,-13861.5244504
wife,-1.25234425551,-6037.48701857
much,-1.2485556492,-3549.53293927
born,-1.23840739125,-865.738489263
probably,-1.21788044843,-8044.44485023
east,-1.2132343,-9850.5406673
printed,-1.20856296467,-15245.9903045
twenty,-1.20264845796,-9773.18114031
is,-1.1988291658,-487.675388735
offer,-1.19774695494,-22791.4669968
whose,-1.19554683544,-8257.53427239
become,-1.19332765982,-7440.88743846
these,-1.19036177053,-2430.41753048
due,-1.18774671657,-14350.0012382
picture,-1.18413419657,-3006.1099605
firm,-1.17765915547,-15698.1649922
beginning,-1.16918112897,-15568.6378656
art,-1.15353685785,-544.259276426
lives,-1.15098537369,-13807.0832391
best,-1.14626352114,-7451.84114501
read,-1.1451434797,-5118.49647422
making,-1.14380175156,-9080.10092287
one,-1.13667874504,-1282.35704049
reading,-1.13548289479,-11139.6606799
:,-1.13488708885,-231.220397358
b,-1.1324513829,-5394.97190085
marriage,-1.13178463843,-6616.17457636
other,-1.12448724718,-3273.94538655
actually,-1.12196824198,-13617.7969149
wanted,-1.12121195752,-4529.90328894
decision,-1.11980524318,-12741.2389974
son,-1.11845389497,-3172.18185403
there,-1.11500986886,-1124.56923316
be,-1.1097764185,-895.390535177
practice,-1.10831805958,-12674.08017
|arabic1digit|,-1.10483430801,-365.757847196
eight,-1.10233571181,-11223.0950353
until,-1.09929356456,-4952.11753578
respect,-1.09510232248,-15079.1269083
country,-1.09320937429,-2905.3557773
they,-1.08185497155,-674.798150354
month,-1.07067169757,-8435.13287749
according,-1.06606483368,-9465.57730693
finished,-1.06605393506,-14918.5108991
purpose,-1.06537609146,-13482.3666335
peace,-1.06158074269,-6357.33961224
played,-1.0560057386,-8723.87169287
takes,-1.05519415252,-16066.1400351
language,-1.05490565437,-4674.563633
times,-1.05119428163,-7830.14381975
recognised,-1.04806011526,-21869.6139628
history,-1.04555453829,-3217.69557574
rather,-1.04468617355,-5281.72195833
at,-1.03715286183,-844.218370812
subject,-1.03057139799,-6089.34588796
events,-1.03002439275,-11398.2502065
account,-1.02724923572,-8836.13283562
remain,-1.02082528841,-18334.9564775
case,-1.01968033787,-5341.43284734
move,-1.01835342156,-12053.1672226
scene,-1.01507037675,-12474.5557634
send,-1.01421155993,-14427.472548
knowledge,-1.01096280957,-7065.29410034
agreed,-1.01041957937,-10738.3869442
several,-1.00847863216,-5982.29051217
drawn,-1.00529356006,-17540.5942034
met,-1.00343539624,-8226.8465707
draw,-0.996282282116,-29767.6744816
number,-0.995457546131,-6408.09008296
may,-0.992049052132,-2034.4238519
after,-0.98634423152,-2455.52148468
two,-0.978462189815,-2460.05693968
main,-0.970511037276,-6243.10635992
impossible,-0.966915678718,-15000.4515848
",",-0.964050624007,-68.5197350946
favour,-0.963220652081,-12736.6972282
whether,-0.955443255333,-7800.16363805
seven,-0.952747802139,-12572.7337162
food,-0.95263317158,-6932.23449641
north,-0.949646756832,-5077.65332244
built,-0.947170604119,-10825.1236878
fifteen,-0.942326898439,-18267.554659
another,-0.937368985116,-3876.54321418
doing,-0.92641546076,-6579.86163498
control,-0.923937219084,-7739.70305948
character,-0.914671278978,-6404.17428897
rights,-0.913108211052,-11018.4602458
company,-0.902524253534,-1920.1966887
some,-0.901748704175,-1799.32794708
opinion,-0.901357179005,-7826.49165054
situation,-0.894163213253,-8799.98115487
house,-0.892301377039,-1831.51903822
fine,-0.883745725682,-1515.35736883
post,-0.882272556108,-8297.00234236
would,-0.877264693205,-825.048302406
study,-0.876802514209,-5690.10369532
gold,-0.873000014399,-1845.2164481
show,-0.871787392469,-6000.83645778
power,-0.868727618496,-3994.1096176
explained,-0.853120499014,-13572.3319829
serious,-0.853091575834,-11704.4585829
week,-0.85221666546,-6796.47483049
with,-0.851177797401,-584.008512236
produced,-0.845917105652,-10309.2235386
fifty,-0.843066577604,-11311.8940882
worth,-0.841577854326,-13765.524648
common,-0.839074809003,-7033.75496296
being,-0.837858621197,-2808.91058101
rate,-0.829439238252,-14092.9632875
sometimes,-0.828753851212,-4424.86219454
four,-0.826977220841,-5641.75830338
had,-0.825351001009,-280.428025785
sense,-0.824991458661,-4226.94815516
parts,-0.815872946397,-11272.8037664
time,-0.814737706622,-1566.02657307
gives,-0.808912385744,-10042.4702768
used,-0.807165980472,-4149.71871825
party,-0.805819616942,-1061.01414015
act,-0.805542532625,-6237.51296988
learned,-0.805119486648,-8145.88447729
rose,-0.804818406947,-4337.99343787
regular,-0.80007980263,-15180.4421028
j,-0.792668305048,-2597.73750193
matters,-0.792383742179,-9938.65489046
play,-0.788529591058,-2911.58355988
miles,-0.787447795503,-2047.69173011
hoped,-0.78695924279,-15785.7120131
cannot,-0.775648861018,-5366.7166194
|arabic5+digit|,-0.774543567883,-2845.75413091
thirty,-0.773634408095,-8741.95834894
often,-0.772452808264,-3814.25222235
near,-0.768821818976,-5948.4301291
next,-0.768274491352,-3804.56325375
pieces,-0.763026501089,-10195.8468925
effort,-0.760793850078,-12208.8922961
lead,-0.749704114205,-13609.8865531
hall,-0.749381140843,-4401.29934019
especially,-0.743937616691,-6818.93965851
note,-0.742538418139,-5180.22824723
apart,-0.741283965359,-12481.7126888
curious,-0.727502956768,-11782.34119
led,-0.721239057088,-6959.80285956
needs,-0.716112404457,-13400.6883399
town,-0.712465582547,-3969.4692984
begin,-0.711403492902,-11503.415553
bought,-0.710014500072,-9093.04183773
army,-0.707192080733,-2060.71340466
taught,-0.705920635239,-13084.4253783
failed,-0.704203272975,-12294.0499468
help,-0.70283285601,-3613.90054731
lack,-0.701350602526,-12077.434342
closely,-0.698885479447,-9421.96597056
placed,-0.697050313746,-10330.0971426
meeting,-0.689051310228,-4320.34754349
yet,-0.688415459265,-2246.4300706
growing,-0.686303239563,-14808.1373829
nature,-0.683139178424,-2973.14411845
completely,-0.677264130966,-8800.6906345
various,-0.673996593612,-7089.28829932
woman,-0.668398084895,-2090.50067019
liked,-0.666789977674,-6373.28478642
nine,-0.665909868066,-11846.5783531
its,-0.665427247411,-1022.84809569
learn,-0.659413114043,-9155.88607971
join,-0.658150295143,-13123.3727102
building,-0.654432195422,-4723.57237734
a,-0.640314344142,-170.224050697
giving,-0.638668614828,-10680.1127878
certainly,-0.633474815653,-5215.94782239
possibly,-0.631208540634,-8200.55553814
told,-0.627660569237,-1215.82199355
point,-0.624377492925,-4262.90390957
itself,-0.622119056761,-4683.48186448
;,-0.620009988754,-120.527111414
centre,-0.616653516533,-5270.11677403
from,-0.614134735609,-628.804215117
report,-0.613299367705,-4913.38241769
apparently,-0.608969050624,-7718.27565234
de,-0.608860521407,-444.966424025
boys,-0.607141551917,-3018.38594298
remained,-0.605815492578,-5197.72770868
touch,-0.603890841511,-8843.53034069
master,-0.599134421229,-4148.979452
nor,-0.590423642967,-3326.93626708
start,-0.590068423097,-5866.002446
choice,-0.589991033888,-11933.9586784
bringing,-0.587175490803,-20781.710075
author,-0.586833024792,-4934.55706975
office,-0.581132024896,-1671.36739883
settled,-0.577709854358,-12889.8842836
nearly,-0.575021838468,-6728.92341537
because,-0.574290010398,-1166.4288742
forty,-0.567613058531,-2765.65622431
clearly,-0.567346501668,-6614.73398369
started,-0.563880832923,-2673.61536415
doubt,-0.562040428563,-4860.72233769
worst,-0.560518979078,-13611.6113918
living,-0.550960002422,-4426.58763282
series,-0.542025377324,-4864.51684314
self,-0.533075404869,-2628.50009631
spend,-0.526673058681,-10818.0422418
west,-0.526639057137,-2017.98487768
desire,-0.520931233348,-6133.84761482
use,-0.518109567147,-3601.42294083
keeping,-0.51808011163,-11328.7059534
interested,-0.517051057775,-8894.95808105
mark,-0.516815246651,-4031.90709128
position,-0.513889298875,-3120.24672126
pride,-0.509809277019,-8829.10309947
line,-0.505572071151,-1876.39901596
board,-0.49942796446,-3268.36015168
formed,-0.493905314335,-8260.61410234
this,-0.485555430808,-363.472328554
home,-0.484270679692,-1513.49275575
day,-0.482830699584,-1397.15102572
spent,-0.478600847811,-4628.22186015
big,-0.478125364904,-1555.26620451
less,-0.475443589171,-2997.06638129
three,-0.474927173788,-1802.44934854
says,-0.473352313837,-1468.92256581
world,-0.469649400934,-1039.96162547
not,-0.468499725728,-284.217880287
appear,-0.466971993567,-6100.71057832
today,-0.465108004228,-3955.7114216
',-0.462439432336,-49.0764315845
colour,-0.461398964105,-937.817663373
difference,-0.460375632024,-9496.39197391
his,-0.456245519475,-127.389959771
taste,-0.449760526393,-9778.07518631
bitter,-0.446169218943,-9909.63689606
thousand,-0.436765266978,-3546.70199274
heads,-0.434064428576,-7717.40817279
offered,-0.431885742594,-6020.98640734
more,-0.426609489031,-787.228627083
asking,-0.419003229792,-8707.6758138
within,-0.418958395567,-2872.29303865
finally,-0.414039711622,-2403.54004503
ended,-0.411170986845,-8566.52698478
(,-0.408548204997,-173.091527382
whole,-0.407267094363,-1821.65894756
added,-0.406920485598,-3136.28548202
capable,-0.406000206603,-11689.2766852
forced,-0.403496204536,-6513.26656277
promised,-0.397693805279,-7487.35793411
terrible,-0.392550421918,-4552.65713374
fit,-0.392160796605,-10352.7430939
places,-0.390456794427,-5474.89699303
found,-0.389469262807,-1749.77068287
change,-0.388380891061,-4008.30062798
class,-0.387341169616,-2908.80128269
land,-0.385458649994,-1263.8750885
held,-0.382239310018,-2856.19437633
loved,-0.380921348178,-3424.36294112
small,-0.380455504543,-1682.38853216
gathered,-0.377418940107,-8661.38091615
question,-0.377151358024,-2717.71083457
third,-0.376132003145,-4647.82949791
them,-0.371230474284,-455.073510149
moved,-0.368089689766,-2348.01497766
married,-0.358433490734,-2693.97082565
ordered,-0.349022148322,-2964.05344175
realised,-0.340188533291,-3916.8860255
friend,-0.340013859711,-1816.88727097
possible,-0.339291182818,-2813.46561606
things,-0.338078468641,-1017.01300316
lot,-0.335868685013,-1570.61960952
white,-0.33545184122,-581.902241222
followed,-0.333235400262,-3531.15365638
reason,-0.330756404272,-1832.0065543
single,-0.323090163654,-4079.99869298
system,-0.322219681415,-1523.35091819
order,-0.313872030194,-2065.40630999
general,-0.305899501649,-638.06903367
those,-0.305176751929,-1041.372269
unless,-0.299272269123,-5376.6425235
rise,-0.296154170185,-7391.18261722
close,-0.287650748827,-2390.87886139
unable,-0.28712158794,-5357.17638891
type,-0.285864987904,-2858.61771272
finding,-0.282775077491,-7545.40987206
late,-0.282578789471,-3307.43205356
means,-0.278595364174,-2380.85941613
beautiful,-0.278324009796,-2173.27699089
high,-0.271292078982,-1767.41754517
ever,-0.26849877,-1332.15814731
certain,-0.262830042476,-1821.66542469
fresh,-0.260210114943,-4192.5294261
free,-0.260040531159,-1745.79260917
loss,-0.250595784932,-4008.06676779
s,-0.247363039294,-95.8324700819
about,-0.243901065684,-276.684591787
hardly,-0.242316402092,-2263.50833551
tried,-0.219368545489,-1591.91821827
real,-0.217971939714,-1501.80341934
brief,-0.214879548745,-3961.55910939
reasons,-0.211139869662,-3710.06194578
natural,-0.201672978583,-1687.05141723
carried,-0.20063364447,-1943.12596212
older,-0.19621202506,-2797.37433075
nobody,-0.193015052825,-1696.97537331
drive,-0.188982245106,-3452.67419825
fire,-0.183750874755,-1056.76833415
that,-0.180180908885,-69.7520101549
or,-0.180159512242,-167.888522658
forgotten,-0.177023549878,-3238.16194552
supposed,-0.176988183489,-2247.5657035
n,-0.17527960065,-895.501078981
killed,-0.174760100193,-1668.41093828
honour,-0.17436282485,-1904.76134824
hundred,-0.169604035343,-961.766968038
otherwise,-0.156297164591,-3401.84733445
follow,-0.154126081656,-2457.80044265
simply,-0.145709044053,-1415.97678103
meet,-0.14148974606,-1815.74890622
grey,-0.136504270671,-157.020485883
name,-0.129038419729,-700.774784091
wearing,-0.129008824511,-1637.95192442
mother,-0.1268317354,-330.348908782
private,-0.124757628521,-573.230582988
cross,-0.122702246312,-2174.05582569
simple,-0.122612803384,-1653.10289515
Â©,-0.118132008196,-2171.23767408
managed,-0.116561055882,-2113.58826636
leaving,-0.116236336474,-1663.91141601
same,-0.113030046013,-398.88476252
circle,-0.111742960714,-1656.13819743
love,-0.108246497343,-189.9584539
lived,-0.10640474862,-786.318262336
stay,-0.105465828657,-1097.52608595
done,-0.100941533057,-680.62102106
true,-0.0972171485004,-730.617586016
under,-0.0896717268655,-382.387926732
father,-0.0889836904411,-88.5675328
sir,-0.087018236972,-113.281051745
doctor,-0.0843111721277,-311.412568502
since,-0.0823476205759,-438.142124249
find,-0.0731101881189,-481.934211308
large,-0.0721134586743,-340.678031861
somewhat,-0.069178244904,-1014.2244935
make,-0.0563272360894,-205.242695773
street,-0.0492419764007,-181.980942926
human,-0.0448925853589,-245.077209442
goes,-0.0432587252438,-732.00135649
pleased,-0.0387407641256,-608.231513603
feeling,-0.0299117653878,-193.501220601
might,-0.0264619233198,-84.3591781743
almost,-0.0107615434216,-50.012260316
child,-0.00773180016244,-27.0776486931
ahead,-0.00297160800688,-40.4130556844
sign,-0.00213298105647,-33.68923742
busy,-0.00171932741337,-25.3354510061
through,0.00575601170844,18.1617118621
ordinary,0.00889868600751,146.601810612
makes,0.00890496305931,102.839242305
only,0.0189297273585,36.8145317274
hard,0.019202933206,108.217988981
raise,0.0264562658181,864.350463683
full,0.0298728515728,252.476434916
where,0.0313532761308,73.1216185147
meant,0.0323387279252,367.592359285
plan,0.0391329899972,356.203311608
bring,0.0438003153983,578.586000967
expected,0.0472587800744,705.157753745
shape,0.0477306812048,782.02639864
place,0.0479237969949,196.044526429
person,0.0509840904184,433.501107795
took,0.0640310464374,202.688763546
present,0.064594988662,442.95705485
lies,0.0734455430737,1093.86243998
above,0.0786312379827,609.053098422
neither,0.0820437959718,1076.9874088
dream,0.0824807639221,1150.50857792
figure,0.0830992335218,513.689038218
continued,0.084743371599,701.010860383
give,0.0850909936119,517.310694351
escape,0.0912723367551,1624.93466143
listened,0.0918754710818,1770.6309943
t,0.105929803778,244.409786688
gave,0.115477822623,644.893539055
pay,0.115604297082,1340.24958284
moving,0.127929871569,1468.59591736
short,0.128674892892,1022.23060642
),0.13282439507,50.7245150429
entirely,0.133128349068,2082.63125118
piece,0.135345610837,1337.87696572
higher,0.140628848564,3172.2368858
imagine,0.15310819935,3145.22362795
words,0.160784870924,947.177027803
least,0.164845888298,1070.42598169
have,0.176289963244,149.973198583
good,0.178455016338,410.497790085
willing,0.17865112365,5839.30692475
exactly,0.179333594307,2127.36947663
carrying,0.18168549253,4394.61671334
paper,0.183977624119,2132.86939838
word,0.188910090771,1756.05520192
death,0.190284572388,957.377525076
reached,0.191681709664,1415.72208842
job,0.199271321837,1266.31708553
try,0.2039992434,1627.15890144
fight,0.204005897145,1597.52837723
telling,0.208254851545,2745.29087504
morning,0.209900414036,1194.21400894
space,0.218468982559,1251.07724974
comes,0.232459655039,2903.90757857
opening,0.239180304962,4525.02256137
speaking,0.241781979011,4572.58661347
begun,0.243892145231,4206.72722299
bad,0.244270111326,1733.28840667
whatever,0.247216927789,2763.93620992
put,0.25745517168,787.4431434
easily,0.259991859315,5065.6148126
are,0.264237408818,288.692006495
should,0.264875742163,638.577292306
see,0.268136940348,449.546072001
could,0.270673648126,326.394900953
playing,0.274137908899,2379.37879133
box,0.28211384522,4097.84036302
mention,0.282624088292,6920.09781348
together,0.282710765464,2020.62473053
remembered,0.283627442882,3708.7067935
necessary,0.28691413888,3255.36274878
indeed,0.291197394958,1834.20424012
she,0.303068506461,69.6507259963
perfect,0.305557327218,5416.56471295
die,0.307230887258,3175.34538116
any,0.312996630284,763.739899262
weight,0.313336629072,4429.24817987
went,0.317608552969,668.669874433
girl,0.323045129517,1088.28125927
top,0.323453193969,2369.92903621
double,0.3290418726,5069.92195512
lower,0.32929473794,5795.7824092
stand,0.330617261294,4072.86769429
slow,0.338502123112,6854.43278202
broken,0.339027980332,3419.09845762
cut,0.339120287347,3536.67598655
presence,0.340112208978,5339.23290971
stone,0.350003305811,3377.72106665
he,0.352272540781,66.3370257998
sea,0.353062367862,1201.13554361
old,0.371847626657,727.750851178
handed,0.376455727821,5774.4330815
rest,0.377070962396,2729.65115931
boy,0.378797507972,485.285005087
low,0.392281067549,4455.91547644
clear,0.393590814623,3069.4622872
brother,0.396817704246,1615.98790524
shot,0.400731706303,3171.28341458
search,0.412001691648,9413.51801184
buy,0.413408692781,4592.67562172
chance,0.423420882247,4327.20217206
take,0.427561283877,1541.85837502
am,0.42985972429,888.56932461
bit,0.437938100922,2338.63785022
anything,0.452634878487,1771.89323089
forward,0.459629348401,4056.9510994
having,0.465370893989,2373.57409747
each,0.473110366802,1935.6988235
very,0.478178336549,759.336976602
ten,0.481299007853,4318.55499223
getting,0.481819441734,2715.92233121
middle,0.489371168377,3247.41905446
wonder,0.492219383191,8853.13130872
ground,0.49260472508,4185.92662814
understood,0.493003145808,7796.54825447
worse,0.506604821547,9126.69628409
attention,0.511149528989,5658.01008995
began,0.514112347612,2357.50740723
happen,0.519789745412,5505.17799901
easy,0.528133482536,7366.33339402
questions,0.550408213181,7909.06279302
live,0.552716194169,4453.13427071
round,0.55877243293,2408.9579373
dressed,0.56067283729,7773.43087484
object,0.561032448616,7813.53824951
throw,0.565157503367,8900.52963523
warm,0.567978500497,3513.94983437
instead,0.569237516879,6383.04079944
besides,0.572551190778,8119.05181309
hours,0.575436448324,4658.6805945
sort,0.576221213787,3021.23574056
kept,0.576611893849,4719.0208114
fast,0.579125251975,6842.63448049
get,0.581545848265,848.917041828
against,0.583161129201,2287.94766205
flat,0.583583255611,7579.52700208
chair,0.600390013218,2898.76789481
reach,0.602174290675,8670.82835757
always,0.60429403593,1896.28927995
promise,0.604325717021,9987.24118189
miss,0.606646473516,1994.80193254
either,0.607835549274,4321.20919128
once,0.609370442154,2576.43689141
quite,0.614814250467,2799.30409187
perhaps,0.614964560411,2064.07886897
himself,0.623035427952,1580.28316591
light,0.623120951468,2032.58585895
quiet,0.623741606712,7109.96264257
aside,0.627765934025,14215.037931
field,0.630778485621,4240.43254961
bright,0.632185389552,4645.93727972
water,0.633776064388,1984.11621382
afternoon,0.637155557172,6412.14889704
fall,0.639973608826,9559.93158699
outside,0.642323574649,5434.58821171
her,0.647429640611,169.825190572
bottom,0.655179716126,7460.05864002
before,0.657219549714,1950.29087703
trying,0.658720661272,4619.19938159
how,0.663761942892,1335.68422221
sick,0.669683570147,7721.39346989
shall,0.675759991436,2882.52346675
running,0.687323583272,5056.50721003
alive,0.695620418626,10199.4438296
foot,0.707330436726,6335.29761021
none,0.723103775556,10184.583832
far,0.725429374013,3721.40189087
ran,0.731338941946,3822.41635027
black,0.735241237139,1374.06073433
keep,0.737647071276,4566.95580365
herself,0.738782454579,2863.15718787
meaning,0.739590161671,15848.1357845
but,0.74110280064,493.674480835
hearing,0.741887847649,11310.226994
pass,0.742326710971,5965.30123884
pull,0.743965991598,17002.4249307
well,0.751903222777,1757.23669084
business,0.766377042761,4228.78083018
green,0.768212867526,5323.95380329
pretty,0.768407320147,6170.51839733
way,0.76868604112,1316.93518293
did,0.770813413941,752.770237859
across,0.772564377183,3759.56569979
honest,0.77900941172,17079.5964307
surprise,0.780793366666,10757.6815302
blow,0.790210531082,19477.9415079
lost,0.794200316114,7193.41305036
summer,0.801377957552,6455.7816231
putting,0.803469236219,18416.9995397
memory,0.807203197801,10193.0647819
must,0.809622413528,2104.57670885
matter,0.810243041527,4892.41322456
key,0.811864941662,17260.814097
thanks,0.814959040519,15800.5213141
careful,0.819670649504,22395.2039522
talk,0.823287837594,4197.42976996
dropped,0.824759727238,13276.7577692
prove,0.832221473075,18441.7981332
quickly,0.833013993023,7991.26668658
evening,0.835240126744,4926.53512154
going,0.842558323322,1747.88262444
filled,0.844027454908,10849.7707293
quick,0.848647772268,11904.7316704
better,0.850263317271,4801.19813172
truth,0.850491864764,8832.15067524
run,0.8522137978,5990.29956897
over,0.853673412727,1502.79707841
below,0.853892350669,8432.0165066
need,0.862217905417,6378.60656804
really,0.868708759681,2519.02514023
trouble,0.870527991893,9454.15682546
still,0.870882643851,2236.8420197
taking,0.872678561116,11621.3786436
step,0.877621692774,8788.5108311
believe,0.878399442694,6706.6847305
couple,0.882125193022,7627.16657993
came,0.882926114868,2034.61895035
never,0.891883334458,2121.57228511
broke,0.897793442927,15525.4611417
lose,0.911580947107,20826.7353213
whenever,0.91197652639,16575.4860444
care,0.913276835689,10393.0779117
thing,0.913539320097,3079.66521557
even,0.921470872879,1671.62878283
laid,0.922641559818,15625.408086
front,0.926629162851,4467.33701112
something,0.943365342303,2307.57069099
expect,0.949812179913,21391.1494541
call,0.952073427854,7043.52079818
caught,0.953208199361,8841.26887996
glad,0.955437185852,14643.1485385
spoke,0.955658027782,8604.94853053
out,0.959726373541,815.551114412
coming,0.964365054188,7681.71726755
happened,0.967011359785,5477.47240209
left,0.967197414645,3437.24193847
floor,0.971344192477,5119.8018135
heavy,0.974753739453,12093.7143952
except,0.974818921795,9738.38158973
go,0.986287713549,1769.30697206
dress,0.991531245527,11621.2792087
air,0.992970082401,4326.35782639
cover,0.997845511957,20924.2127444
fellow,1.00386100839,11976.6471278
else,1.02275860013,6793.96177312
already,1.02956431757,4708.54612405
got,1.03949320176,1417.19709049
think,1.04017226656,1931.00932588
course,1.04565150372,4083.13180597
dear,1.04882688697,5612.9627075
tired,1.05317481648,12337.7054755
wide,1.06081187434,8163.71688566
god,1.06191479647,3210.28561112
seeing,1.06421696886,15386.7435696
oh,1.06452575249,2710.14409343
talking,1.06878836381,8613.13561955
say,1.07032728751,3070.83029573
threw,1.07419600864,7789.88474636
asked,1.07480549516,2343.94046626
looks,1.07966763979,12880.2951311
soon,1.08082297681,5863.67733906
off,1.08192002218,2268.46659143
drew,1.08379204821,10002.8800418
sharp,1.0845109172,21253.8225003
blood,1.08482855893,9119.78765283
seen,1.08601213629,5660.88872248
twice,1.09116054477,23566.6038779
everything,1.09240087069,6163.94240425
everyone,1.09592985984,7387.0849932
can,1.09628983934,2151.78603059
strange,1.0994362639,9791.64628307
sit,1.10150682493,12371.3385119
man,1.10985230268,1485.66688276
walk,1.11624156159,9269.73125697
saying,1.11686039929,9345.07181855
around,1.11695916261,2131.50510828
holding,1.12379661392,11623.4966911
knew,1.12455456925,3241.98303199
manner,1.14120927489,13258.0494558
hot,1.15218322692,9185.13970384
back,1.1603816246,1400.852669
cold,1.16197118236,5354.68055353
it,1.16256460501,363.648805775
raised,1.17069929543,14550.0951157
pleasure,1.17163310264,14791.4545995
so,1.17254084243,1340.95192265
then,1.17323364279,1174.21927572
remember,1.17475802221,7894.12779017
feel,1.18122123358,4866.52404778
just,1.1813214091,1327.02108507
fixed,1.18855966251,19819.2645419
leaves,1.20053742953,19043.4626725
secret,1.20420285014,15080.5203904
thoughts,1.20502462174,14094.7420009
felt,1.2073183814,3828.49918991
will,1.21206202334,1691.41965544
deep,1.21406754637,10723.3276182
eye,1.21590428495,9983.89987367
wrong,1.2240751955,10819.1381995
table,1.22419189037,6615.44827699
direction,1.22647000047,19429.262282
wall,1.22690557003,6442.40254451
walked,1.2271773472,4641.33504743
notice,1.23183475915,22585.4382007
road,1.23301117017,7103.66993856
forget,1.23605501027,17785.4564436
sight,1.23627116691,15685.4094918
feet,1.24063144378,6429.3296764
long,1.2438211187,4160.26556912
struck,1.24482646764,21257.6531996
sun,1.24861998376,7452.57849501
expression,1.25110966962,12319.0118917
night,1.27104915825,4113.70530111
ought,1.27165440919,16857.8698011
closed,1.28254608231,10450.5172236
last,1.28376043823,5428.97349947
no,1.28717600258,1808.48368561
answer,1.28906543617,10572.7866169
wants,1.29207290578,18466.0182601
anyone,1.2927841823,11399.0194393
we,1.29695705214,688.027400307
up,1.30239744874,982.164306433
blue,1.30574535399,4887.8061874
too,1.30780204282,2486.9002926
longer,1.31216374415,13001.4923219
bear,1.31574109838,29175.470535
distance,1.31699035195,18689.0680082
side,1.32281332541,5849.95059041
ago,1.32334765315,13208.6160271
sitting,1.32343658571,11351.7396244
passing,1.33070968018,31546.0958219
speak,1.3366861855,14443.736816
passed,1.34741709017,12258.4436213
minute,1.34840808787,11050.1880577
hold,1.34927458271,15959.5231878
mine,1.35837333232,14078.2589572
card,1.36105189402,22234.8702527
answered,1.371131755,12436.0071151
thinking,1.3737450712,9846.92397381
fear,1.37451982204,14889.076772
o,1.3804573917,6268.13447858
turn,1.38235174258,16038.539458
lie,1.38272716873,13376.4327449
again,1.38762071129,2773.25911922
saw,1.38973111021,5386.87696683
every,1.39722542783,6342.19030567
forth,1.41108709883,23635.7411394
pointed,1.41248299409,21696.8204548
thought,1.41433663321,2988.04706592
leave,1.41850877685,10630.2562203
hope,1.42067957052,10991.203362
my,1.42284326067,488.402351383
want,1.43463501267,3161.48893748
sides,1.43583678125,34407.2799697
heart,1.44074917572,8301.06461376
conversation,1.44583867413,16694.4052751
opposite,1.45136417149,26126.7535471
hair,1.4563632561,7838.05496592
wind,1.45653445971,9295.66841328
walls,1.46181232898,16707.5270058
entered,1.48484385321,21527.9646349
covered,1.48702594092,26635.875205
changed,1.49256207932,26987.8647232
into,1.49675945065,2201.09138127
now,1.49976438879,2185.00092643
open,1.50328942783,9093.36894178
seemed,1.5245343139,5111.48968554
beside,1.52634936964,14770.7504814
dead,1.53453495868,7302.06090447
does,1.53613530409,5704.0882837
sound,1.53919799723,10546.7726813
standing,1.54079717476,12692.3143946
lying,1.54545141972,16188.9576222
suit,1.54760343451,29275.3773882
window,1.55957427162,8330.52045882
plain,1.56755665735,25028.9053175
hear,1.57109480728,6737.17626617
myself,1.58603394235,5371.97440169
stopped,1.58767181356,10604.3375545
dark,1.58900552081,4455.23108603
empty,1.59541069826,15894.4256802
fallen,1.60128466516,39601.7723996
m,1.60630364804,2278.64533697
wish,1.60772738695,19658.8651799
thrown,1.61706864762,43378.6006872
sure,1.6198553226,6723.02864218
right,1.62440039399,2667.80330731
look,1.62522048935,3844.0611778
immediately,1.63776952789,16104.6502315
ready,1.64044880377,17367.1599125
hand,1.65412989456,3466.52352051
afraid,1.65579706186,15242.9231766
mr,1.66309389658,1557.228091
heard,1.66815550971,7110.66253585
turned,1.67475154134,5708.12675526
explain,1.67483111061,35189.7298585
do,1.67530394386,994.099019968
knows,1.68137058752,20277.5863281
turning,1.68997148259,28159.7207406
poor,1.69368318045,12465.8516415
down,1.69535970571,2111.50681469
looking,1.70112263082,5923.44395396
tears,1.70705856633,19484.0878068
arms,1.70868595272,10527.0684392
our,1.70908471491,2074.52084877
inside,1.70979401906,10802.7658141
i,1.71431746753,169.268083115
length,1.71719913266,25008.9629513
listen,1.71836023641,17077.1924939
someone,1.71907843856,10892.778434
away,1.71926371494,4710.0872613
kind,1.72757457696,9215.79592738
red,1.73157046766,9703.48934216
him,1.73272110493,1095.12581425
e,1.74389922462,1199.44861974
straight,1.74436077739,18369.6207281
what,1.75005526449,1460.85276503
sudden,1.75012270354,29526.9293696
without,1.75392376578,7595.33287938
usual,1.75826700823,23648.2922541
happy,1.77196300413,14803.0946568
nothing,1.77520629011,6292.18720287
me,1.77809406375,701.382326725
waiting,1.78595892079,15397.4688808
little,1.79343477135,3302.29348725
watch,1.80654752102,23008.4140986
familiar,1.81069286417,30457.7437773
room,1.82086973842,4102.47772164
grew,1.83191461691,23363.116833
past,1.83666356063,15382.8791788
steps,1.84740294348,22353.2391041
alone,1.85126626597,13748.8517135
.,1.86167861169,112.982986499
carefully,1.86413160717,26514.2092643
repeated,1.86508973295,34737.0049716
all,1.88194333784,1855.74304333
arm,1.90629413806,11489.6699316
gone,1.9080503628,12049.1886415
bed,1.91524806334,9878.19916175
tell,1.91772357876,5296.07961257
enough,1.91930122143,9745.05963181
stop,1.92132363016,16126.6709967
admit,1.93607714975,46095.3684858
beyond,1.94146825002,16930.626618
us,1.95557603353,3073.16177287
looked,1.96240840678,3322.28213793
knowing,1.97406403773,33434.989627
half,1.97417241068,9879.57824926
though,1.97528143497,4617.54505018
stood,2.04753905322,7082.92543039
opened,2.04958066734,16741.7732761
save,2.05568502508,27100.4428163
lay,2.06488092941,16341.5360724
d,2.08324796677,2137.47786028
bound,2.10576012363,34130.2747798
wait,2.11404951904,18880.8403394
here,2.11852935651,3802.73038486
burst,2.12604607978,42775.369573
ca,2.13213096322,7553.96522377
sat,2.13307135599,8840.9963365
mean,2.1442060208,9202.97518996
mind,2.14656306983,11842.7005148
n't,2.16817757199,664.390941855
behind,2.1737887679,9132.22136487
minutes,2.18642476111,18150.6626193
like,2.1866889227,2106.28348569
suddenly,2.19585762406,12711.0072332
slowly,2.21369877973,15247.0558813
!,2.23481860193,937.130149477
ask,2.23942955661,18708.3793338
re,2.24512103336,4159.96292139
know,2.25474381725,2948.37256487
sleep,2.25559081541,18356.5862194
upon,2.26414379107,4456.72940505
if,2.27328623005,2675.50052817
head,2.27771894156,6176.1205906
hour,2.29263514863,22005.9457262
mouth,2.29279256925,15377.4242197
said,2.33499135908,951.041358379
ll,2.33812314275,3207.1586122
silent,2.35061922775,27274.2605856
spring,2.35504749538,24710.2461573
thick,2.36464999592,32756.1848266
let,2.39789547289,7062.02798006
moment,2.40613371253,9149.90652862
earth,2.42008141139,18501.984058
fell,2.42425561341,26012.7393678
directly,2.42458880667,50925.0047064
hands,2.42925454764,10359.9676801
silence,2.45391151158,20091.9241859
door,2.47948039423,7699.90070263
calling,2.48110432272,53780.9439005
please,2.52402789475,16317.7023401
body,2.54730438549,14686.7183058
understand,2.57893532689,16973.2025873
along,2.59228194272,10941.2801813
yes,2.6470313608,7502.6801861
come,2.69406907592,4808.3360351
corner,2.70600130683,28901.0461987
thank,2.73810046776,32020.7879959
voice,2.79900512435,9958.33376542
"""",2.8331349747,170.880558225
eyes,2.90116567337,6250.4830254
why,2.90863384063,7981.51874841
face,2.9136801008,7239.18074692
?,2.9351618765,914.059021708
you,3.13121330296,639.734600327
yourself,3.21116469033,29544.6171094
your,3.4470000849,3785.06929301
