chapter,-2.34708720439,-111150959.542
claim,-2.00426436081,-1303626341.58
loving,-1.72431790742,-421238919.658
bright,-1.70356686465,-156888768.953
bearing,-1.67982967808,-1476657258.0
happy,-1.67391570948,-58938516.8167
leave,-1.66282068495,-90945379.2824
wicked,-1.58916299623,-591126834.155
faithful,-1.58333506221,-968968917.15
my,-1.57920753801,-243773.827182
uttered,-1.57144625598,-688921325.015
rest,-1.52712264469,-102356114.279
older,-1.51729080485,-680761907.777
kept,-1.51439749147,-142548795.618
quietly,-1.51245751093,-240665760.496
then,-1.50675053848,-4849948.54106
giving,-1.49283518895,-375472990.053
home,-1.48777568532,-11930825.2888
nice,-1.47591935005,-93612304.1907
myself,-1.47456823531,-16377001.3587
intended,-1.45628701535,-527592981.922
morrow,-1.4539157547,-199050692.36
earnest,-1.44731562484,-517198934.75
settled,-1.44105182382,-611072344.068
will,-1.42028376524,-1630412.46458
request,-1.41884112467,-1264589365.22
placed,-1.40961900226,-226161679.246
mark,-1.40864721996,-5348231.97675
lovely,-1.40485573264,-167632125.045
master,-1.40177478471,-8438517.69388
cross,-1.39612611965,-382845622.848
fair,-1.37784879757,-91304875.5773
wound,-1.37487108818,-1091257582.57
heaven,-1.36559959814,-102504307.299
bless,-1.36508304071,-518349941.582
inclined,-1.36508148221,-862485759.645
dear,-1.36188206521,-7394184.75287
yes,-1.35349625671,-9926185.89181
mad,-1.35244941539,-374413379.214
settle,-1.34574752549,-1950163829.21
younger,-1.34492206792,-500093785.702
part,-1.34218603772,-67420864.4723
guests,-1.34101025507,-302457159.79
thanks,-1.34053244091,-715053904.605
unexpected,-1.33443057351,-1444863307.66
fortune,-1.33409586584,-302378712.634
child,-1.33203386287,-6753716.75391
firmly,-1.33062161917,-1353786485.45
wise,-1.32712476601,-241902162.377
firm,-1.32277488349,-723842863.3
control,-1.31506500847,-1097167212.78
act,-1.31082616599,-244550927.821
possession,-1.30421928698,-651182788.036
welcome,-1.30140049029,-463782949.621
fly,-1.29087059724,-437798212.947
caused,-1.28485717901,-399288831.231
how,-1.28410232884,-7575610.09301
true,-1.26649251742,-63248149.1727
both,-1.25139432613,-50958255.6143
so,-1.24980431646,-1448858.15528
us,-1.24922730788,-3510509.47277
determined,-1.24150935677,-249435871.08
hall,-1.23991436209,-27366521.0091
mercy,-1.23974820149,-577572776.122
handsome,-1.23523204122,-141369834.586
amount,-1.23267705525,-550404314.574
disturbed,-1.21355422565,-1558217193.86
concerned,-1.21066896248,-825859816.021
suspicion,-1.2072276847,-541093128.394
give,-1.20526762547,-29561148.0624
we,-1.20140411031,-534707.517378
receive,-1.19776039343,-562357930.249
approach,-1.18933163251,-1129018341.76
ready,-1.18816846791,-110919593.448
kill,-1.18449866134,-243398308.92
returned,-1.18254138094,-28987496.158
affair,-1.17977310881,-344838329.925
right,-1.17525880431,-23878942.8586
fairly,-1.16262970303,-573809902.606
earth,-1.16030726515,-98228602.6013
built,-1.15354686332,-750336949.377
joined,-1.1495101336,-625495432.269
follow,-1.14776644842,-436530525.313
/,-1.14669956638,-28075976.0968
carefully,-1.14669301873,-422487332.078
sir,-1.1414723114,-2735836.33696
age,-1.13120038927,-155830651.12
lose,-1.13104568761,-538863252.949
seat,-1.13074993457,-98860816.0057
resting,-1.12322699946,-1028781925.48
peace,-1.12133664057,-13370688.4737
throw,-1.1161936949,-828837885.877
replied,-1.1122771852,-9330777.30435
storm,-1.11192237661,-220515009.449
our,-1.11045734774,-2033987.66947
for,-1.10978659214,-795004.992668
change,-1.10728181754,-145817675.361
respect,-1.10284293035,-361165340.425
brother,-1.09808224904,-13422516.8142
time,-1.09334089093,-7106902.96115
friend,-1.08825056689,-16896959.8996
win,-1.08652008526,-64382512.3189
are,-1.08637478836,-1248920.89738
spare,-1.08380623316,-944280936.148
notice,-1.08063548796,-353168569.399
different,-1.07859022467,-140847318.652
evidently,-1.07793851539,-177038126.754
soon,-1.07549252602,-22179632.8886
wealth,-1.07200992604,-441450111.815
assured,-1.07155429118,-785322027.931
sweet,-1.06943749036,-38094450.0363
danger,-1.06567601166,-140973548.498
can,-1.0646160806,-7117303.65899
thoroughly,-1.06411426335,-376647409.987
years,-1.05962807408,-16888186.9081
regret,-1.05734978073,-440200082.421
care,-1.0536678238,-54034537.1082
latter,-1.04551220357,-124107654.997
threw,-1.0443926797,-288629913.158
place,-1.04346957282,-21817406.8974
patient,-1.04019696271,-182737479.209
death,-1.03578241381,-32617750.1718
scarcely,-1.03325467375,-64551114.2668
worthy,-1.03268106865,-267296875.815
mysterious,-1.02720595469,-638322873.691
old,-1.01637805815,-1887643.26354
patience,-1.01368700918,-578367376.271
sorrow,-1.01124460081,-140213231.74
sacrifice,-1.00842072655,-558399534.353
gradually,-1.00758202677,-672258421.865
buy,-1.00748909156,-260607522.686
trust,-1.00456988373,-157109844.64
"""",-1.00349139263,-4833.6534948
miss,-1.00215505774,-1014336.8844
devoted,-1.00080700389,-529497326.828
pleasant,-0.998132654761,-79820694.4185
appear,-0.997705884757,-427745530.073
sign,-0.993315802529,-463577739.485
near,-0.991490886109,-52813867.8094
paid,-0.98824826084,-231579091.867
left,-0.982938775814,-28181183.096
join,-0.979979350085,-701852186.177
save,-0.979884688321,-87201140.143
account,-0.977584359557,-133235160.684
seven,-0.974587114794,-336695566.345
departure,-0.967679948332,-579034310.65
me,-0.960366743991,-275499.119473
judge,-0.959630390696,-122128317.558
early,-0.957173426239,-164244015.377
tear,-0.956654589975,-1139400938.23
feel,-0.955644666457,-38614963.4666
entrance,-0.950445553583,-449749353.46
grave,-0.949844291727,-159152282.076
refuse,-0.949598703402,-442527612.09
apart,-0.946278393958,-805696530.353
wine,-0.945117477056,-160973120.398
won,-0.944329952162,-486439187.494
happiness,-0.943370391931,-71101492.953
proceeded,-0.939418775515,-410311081.757
hurt,-0.938800137207,-254421999.523
*,-0.938550044518,-1241420.46341
form,-0.936239008784,-157719358.074
charge,-0.935875355338,-270662864.267
midst,-0.935243793094,-563983522.495
neck,-0.932842260975,-163819359.737
after,-0.930357774914,-8427275.27464
asleep,-0.930064097881,-567640668.685
takes,-0.928156283953,-234347104.846
acted,-0.92790053462,-1455029755.98
servants,-0.921335307216,-172149255.992
absence,-0.921288676835,-396506089.558
eagerly,-0.9184132561,-272285775.546
breakfast,-0.914919712773,-159594584.931
mystery,-0.912840783735,-522457957.827
others,-0.911563428041,-49458679.9914
former,-0.910555581852,-297778038.692
singing,-0.907550417873,-219817491.99
gave,-0.905761136399,-37617723.4554
hundred,-0.904356452499,-61464244.3886
let,-0.903635780654,-17215092.5178
fully,-0.899077764176,-304560749.429
order,-0.895311827666,-64756795.0248
according,-0.895122336802,-424789795.438
game,-0.894639744122,-222688883.528
described,-0.890230127243,-605278738.848
pieces,-0.887992730359,-627552701.032
promised,-0.886884072939,-261621540.277
spot,-0.88668647996,-206270648.827
sufficient,-0.886525195944,-364613180.668
position,-0.883631731369,-80117552.6676
plan,-0.882627379074,-310891018.701
bring,-0.882062439119,-137537662.548
try,-0.879217595635,-100054257.968
shall,-0.878206792029,-6037238.19882
unconscious,-0.877381957461,-738025356.782
south,-0.876922138196,-63863460.7867
send,-0.875432938722,-203419567.794
visit,-0.875240582392,-127973375.599
entered,-0.874884573066,-70541925.4142
grand,-0.872145286715,-187464733.138
heart,-0.870218720256,-5735371.23459
tears,-0.866251219933,-48318572.5165
prepared,-0.865279578813,-423540625.345
false,-0.861664705693,-425426669.043
gold,-0.860088079062,-11356015.3867
manage,-0.858643078866,-567950067.155
previous,-0.852610664172,-424880167.161
grace,-0.851914514687,-15332418.7485
triumph,-0.847221095415,-784640615.671
higher,-0.84538932215,-418107498.157
seek,-0.836899499506,-305623118.705
party,-0.836688410127,-54800145.3992
hands,-0.83650639834,-20743980.8549
stars,-0.834874216566,-272287200.739
safe,-0.833155247467,-175502946.358
trembling,-0.832536485553,-289668471.496
interview,-0.829647551505,-514096261.014
received,-0.827581262371,-94338548.4486
tender,-0.823687295892,-131268655.905
fight,-0.820987891666,-90751034.2339
boys,-0.818956815454,-14071088.5529
tied,-0.816412955824,-771199076.019
willing,-0.816101155243,-82810828.5479
told,-0.812558461077,-14976307.0596
affection,-0.810849707324,-144972912.016
expressed,-0.80886077791,-531828574.77
meet,-0.807572214408,-122703855.857
mistress,-0.803713257677,-18129448.0409
directly,-0.800943130525,-301410378.312
story,-0.800690518,-32177755.529
married,-0.798863713421,-40837826.7113
^,-0.798585363983,-724957.592227
bound,-0.798270903452,-195846014.407
arrived,-0.79481383283,-148327452.59
warm,-0.794554890843,-160498690.71
constant,-0.794474534484,-206817891.556
promise,-0.794038822943,-120245292.568
lover,-0.793932160405,-123949771.638
does,-0.792506746263,-14797832.798
suit,-0.791883564655,-508494336.711
possessed,-0.7914243627,-268547513.025
play,-0.791241815857,-83571258.7942
rushed,-0.790305822641,-420333455.068
get,-0.789341523414,-6419750.15187
ones,-0.788442779023,-108016346.547
mrs.,-0.784727887926,-743682.23129
greatest,-0.781702504037,-436294839.576
task,-0.781032900635,-457684177.404
take,-0.780937629389,-14448788.6735
meanwhile,-0.780598954535,-241784684.11
escaped,-0.780526768005,-649608781.4
service,-0.778654346198,-103213072.493
lot,-0.777618586194,-228800672.966
name,-0.774496691244,-21132949.0704
started,-0.773903911527,-102271296.368
feet,-0.772080030334,-26493955.7752
forgive,-0.770737796794,-168791473.14
husband,-0.770458892885,-7926073.11993
until,-0.765215484267,-10131399.8499
#personalname,-0.763153425755,-28919.2659272
bit,-0.759001906152,-45998598.236
'',-0.757983054712,-1207679.82077
suffered,-0.755253509782,-369445102.061
marked,-0.75328992686,-602561804.983
pray,-0.751041205003,-168232057.611
information,-0.750639319141,-232494240.226
thousand,-0.749032540058,-76493592.1686
otherwise,-0.747931924718,-382366274.266
arranged,-0.746365828662,-494554306.758
proof,-0.745953042846,-621475563.42
to,-0.743995418233,-77794.4002585
attend,-0.736678742606,-766215871.532
drawn,-0.736544386403,-329498966.535
love,-0.733906405384,-2501639.07623
favourite,-0.72771072543,-382775267.115
difference,-0.726778029232,-289813190.621
chosen,-0.725248210599,-542613014.721
fall,-0.724840695069,-153729466.525
heavily,-0.71760821734,-524865408.047
gathering,-0.716873410778,-1023103594.84
search,-0.714264428777,-190443372.18
given,-0.714210073089,-56934220.0085
wear,-0.71409404447,-48600627.0749
while,-0.712104941585,-5606980.16501
fact,-0.711883516385,-26425923.0033
regard,-0.708964672155,-142052883.914
stairs,-0.704553059572,-125197172.075
guard,-0.702046880814,-208080228.678
advantage,-0.699291808733,-441741519.469
your,-0.698261677803,-1090264.57767
loved,-0.693099224744,-22683016.9372
arrival,-0.690907139812,-305217022.953
nonsense,-0.689399371612,-294486004.284
bent,-0.679515759064,-197429398.254
caught,-0.679040257216,-102325249.06
immediately,-0.678917389951,-149635226.737
girls,-0.678503332134,-14956072.4723
fill,-0.677939243943,-788344261.214
brave,-0.677057894774,-115808847.966
mine,-0.67614175257,-74491651.5401
best,-0.674772943644,-30551579.7995
force,-0.674603663163,-103668348.012
comfortable,-0.672616335483,-240775365.139
style,-0.672614965513,-388938077.628
intention,-0.670962066526,-367318003.593
delight,-0.657020438327,-213418465.245
number,-0.65294808563,-71848396.9525
stronger,-0.652457381496,-611874214.779
plans,-0.65193477591,-306601850.244
pointed,-0.650909566179,-395794788.971
various,-0.646194352827,-173118096.292
looks,-0.645955262346,-38220802.0478
flowers,-0.64546620451,-32736188.6837
young,-0.64424431099,-2520903.58539
sister,-0.64125925568,-9216759.47439
lost,-0.641156030125,-51138650.1413
tones,-0.641144317357,-221854484.49
approached,-0.640156623334,-329247608.481
moon,-0.635889259136,-133836487.315
pocket,-0.635874805504,-69350373.1607
simply,-0.63581153049,-105267947.474
forget,-0.635391215949,-116568887.614
decided,-0.635066507815,-140149935.335
court,-0.634846111788,-31556799.6546
lies,-0.632633896706,-359344651.773
accompanied,-0.631414107336,-426806729.088
nearest,-0.630033202181,-749746503.555
burden,-0.629564169324,-501706916.686
children,-0.628791208278,-7226098.77894
have,-0.628687122965,-439213.239625
better,-0.628023032309,-15750542.5374
#arabicnumeral,-0.622683855395,-364412.810023
especially,-0.621013851072,-159125560.18
particular,-0.61968447816,-174278374.835
dared,-0.619141410646,-234602793.233
much,-0.618996413727,-3600585.58925
go,-0.615069033862,-3124087.31637
cause,-0.614571616239,-91672480.4238
needed,-0.612859712131,-246666622.66
parting,-0.611991371373,-885873788.267
cruel,-0.610827166114,-124635198.301
efforts,-0.610126512169,-544768073.993
stick,-0.609200893371,-344223948.021
joy,-0.608324615393,-74762097.2704
terms,-0.606559600354,-407909731.01
throwing,-0.606516726514,-675114561.264
need,-0.60426294088,-56834682.381
duty,-0.602950020008,-58658335.6407
"no,",-0.602666215467,-32647363.8203
used,-0.602618661039,-32847545.3941
mother,-0.602091114,-964034.974768
truly,-0.601896652544,-271055459.896
manner,-0.59906928113,-29530798.341
yesterday,-0.598228761373,-208249263.248
hair,-0.59773106872,-31349268.7746
blood,-0.597227514548,-46483166.0782
arm,-0.596127455531,-45347696.0484
direction,-0.596000249198,-104329661.676
removed,-0.59491664279,-545063473.815
dress,-0.593006147739,-41943000.4408
church,-0.592514161952,-9610057.48997
matters,-0.592175667731,-155603864.693
formed,-0.590857658929,-239640515.303
ourselves,-0.590852238544,-127984907.58
full,-0.583917074055,-30786385.6729
interrupted,-0.583846432734,-220085723.846
softly,-0.583757868826,-140262231.949
pretty,-0.581870771813,-12471413.4044
?,-0.579855306875,-200571.515502
must,-0.579587100303,-3679004.64251
seems,-0.579538149067,-42992657.0925
kindly,-0.578297267939,-138530267.179
clasped,-0.577208065546,-234388781.016
ought,-0.576474447043,-27353506.8385
new,-0.573398030565,-8328106.12066
city,-0.573236318744,-17742790.5845
reach,-0.572126354819,-188532823.11
several,-0.571599577608,-43162301.4949
double,-0.569817280229,-592750309.662
consideration,-0.569356004439,-497143931.507
has,-0.569144838601,-711657.9409
i,-0.567192778309,-12978.9602703
maid,-0.567189095333,-28199552.6853
hearts,-0.566498340878,-199440507.318
thank,-0.565965560331,-80270363.7994
who,-0.565730376998,-1281174.0766
just,-0.565667804076,-4058276.56966
bear,-0.565147262818,-60637398.5136
delighted,-0.564343745996,-246265315.144
completely,-0.563419101796,-318117703.797
dare,-0.562689694114,-2692779.18776
painful,-0.562193634859,-274144625.715
dressed,-0.56180135223,-210688710.651
cover,-0.56155464426,-633983803.304
oh,-0.560820525308,-3345316.71711
busy,-0.560646445048,-119134245.764
here,-0.559455102533,-4515565.79865
rise,-0.558807703376,-400218117.647
large,-0.557636511633,-28788190.5267
lived,-0.556725580075,-49799643.6612
centre,-0.556695450465,-386678370.354
means,-0.555387939081,-71724326.9792
gained,-0.551356127151,-404913156.055
served,-0.551284706965,-309467565.739
particularly,-0.55114454064,-249372644.136
matter,-0.550905968723,-23073410.3076
desire,-0.55048883827,-87339231.844
thirty,-0.547900231898,-179216305.223
answer,-0.547096795236,-36558927.6936
condition,-0.546429650881,-139659635.183
help,-0.54398342115,-22329484.5876
god,-0.543837128663,-5512329.20344
getting,-0.541949076278,-56615786.0432
beautiful,-0.53916534717,-9471777.84326
become,-0.536442360636,-48362294.0029
failed,-0.536032456875,-293370957.409
flashed,-0.534912370206,-462745545.882
am,-0.53297427316,-1418380.63928
believe,-0.532551392002,-17639236.6124
teach,-0.530406219862,-344148702.606
share,-0.528320731059,-281195620.437
seem,-0.528308588827,-58399547.0499
deeply,-0.526339331208,-225339034.153
laughing,-0.525572339759,-71899490.3185
fail,-0.523849632468,-457442061.348
run,-0.523749699734,-45716726.2068
loose,-0.521854584399,-496818661.431
is,-0.520993377819,-77115.702016
real,-0.518219386184,-29821707.5903
understanding,-0.518218844003,-774613658.131
building,-0.517837558229,-198161109.047
next,-0.517589514979,-26443786.9812
delightful,-0.51744108517,-158879249.057
content,-0.517047059225,-187744591.952
enter,-0.515489122129,-262785228.217
little,-0.514233603816,-515911.213535
town,-0.512776241732,-14415101.1182
idea,-0.507849951189,-33334712.2072
nearly,-0.507759825051,-60697934.0059
noble,-0.507701410528,-64156032.0614
future,-0.507429543444,-57307104.3932
race,-0.506942200787,-136340903.758
sent,-0.505649989074,-40732981.8917
evident,-0.502514354614,-249913037.576
credit,-0.501713526379,-434104705.649
succeeded,-0.499383297869,-337448480.563
produced,-0.497549905397,-331147587.44
power,-0.497497154489,-28805698.3839
losing,-0.496818425573,-788203982.697
starting,-0.496290071142,-703389967.91
sake,-0.495009281297,-76568235.918
whispered,-0.493210175494,-43724181.5639
often,-0.492290451171,-25810556.6044
warning,-0.489904737702,-524158709.571
exclaimed,-0.489460764785,-10104435.6703
leaving,-0.489386901361,-112228789.605
ii,-0.488863537043,-52143302.9887
scene,-0.484079822021,-84962845.5441
prove,-0.483100216257,-189331610.388
advice,-0.482034538106,-221315631.975
picture,-0.481474261127,-46057937.2369
progress,-0.478365661743,-464365220.47
!,-0.478200032097,-85130.6165541
school,-0.478168177401,-4900742.68467
named,-0.478100443828,-355214556.754
presented,-0.475538501532,-360284645.823
comfort,-0.475019131833,-479949.074515
soul,-0.473434923515,-15197917.1121
pride,-0.472666585499,-65369338.8532
calls,-0.468608010376,-441753788.473
mr.,-0.467820475676,-269135.630979
plenty,-0.466886220813,-225080195.599
if,-0.461136210999,-757128.431709
following,-0.461083036204,-90530970.978
sick,-0.460478421396,-56359082.4837
be,-0.458013638267,-358729.439227
together,-0.45707979502,-31054653.1296
unable,-0.456856862203,-306507377.641
notes,-0.454531368269,-157976019.47
doctor,-0.454193388746,-4181863.46396
discovery,-0.454132610789,-392085074.557
approaching,-0.452108802,-312638701.212
taken,-0.450919575676,-34793455.5408
ring,-0.450856830768,-2720575.45216
and,-0.450114018546,-16258.445743
waiting,-0.443023411145,-89039550.2747
two,-0.442372461581,-4407781.61404
bed,-0.442171868928,-21924213.7134
side,-0.440025073713,-11929381.8315
kiss,-0.439642913713,-128957348.084
insisted,-0.439029784286,-391210619.245
blessed,-0.437857837103,-155178467.623
wishes,-0.437457051627,-243007092.873
than,-0.437177875995,-2417719.0185
golden,-0.436414235335,-53680093.5675
with,-0.435250871352,-286347.232438
dying,-0.434609216123,-116778175.124
consequence,-0.431612811973,-370385890.603
moved,-0.431211005248,-46360735.8089
stay,-0.431034557238,-45568818.478
tired,-0.430600725184,-75954753.4368
fancy,-0.429666189849,-52531320.484
die,-0.429605890797,-38133377.1812
big,-0.428607039889,-14289289.2487
fashion,-0.427498214893,-105386168.324
besides,-0.426306074558,-49942342.6742
month,-0.425418189876,-127717853.126
satisfied,-0.424130832368,-190717699.371
twelve,-0.423642008173,-316427683.974
blue,-0.423381562667,-3117985.87897
important,-0.422544431833,-164104117.148
weary,-0.42058709841,-99651301.7906
loss,-0.420453801615,-203869444.644
couple,-0.420170761516,-101973257.287
life,-0.417889931669,-2159681.39531
admiration,-0.417754671261,-202618395.354
trouble,-0.416178174481,-39566568.281
forth,-0.414320249894,-48427456.6764
health,-0.412376944954,-155543345.964
object,-0.411919715065,-113263812.951
tree,-0.410790099407,-25742852.7989
shook,-0.410369674595,-57632470.5283
glory,-0.410351862311,-171389761.974
suddenly,-0.407444439578,-16425331.059
reality,-0.406089536508,-424308498.291
belief,-0.40540243647,-220712741.85
distant,-0.405119902651,-170309012.967
recognise,-0.402972679635,-540285663.061
pair,-0.402051055477,-146434097.057
attention,-0.401575966942,-71615084.7822
rule,-0.398667254633,-248623386.995
saved,-0.398524435306,-181773951.794
history,-0.396622967907,-132153411.105
turn,-0.396327441676,-51756223.825
greatly,-0.394810911555,-115703656.046
killed,-0.394402826298,-69888310.7337
terrible,-0.3943743329,-45884669.8162
confusion,-0.393534457305,-369764689.992
meaning,-0.390177757605,-131004087.757
crossed,-0.388707907216,-158316160.348
difficult,-0.387946843178,-144831773.645
wall,-0.38772276333,-18963233.1186
calm,-0.38645757416,-71783696.256
unusual,-0.386159177397,-397782307.219
usually,-0.383830643679,-168100709.277
leading,-0.38141414602,-221423003.971
cannot,-0.380928533344,-7817815.11427
ordinary,-0.380461260051,-176398318.757
from,-0.378778088803,-656487.075438
covered,-0.378436129263,-124215816.843
died,-0.377833359758,-68506828.0126
confidence,-0.375963410092,-128394105.353
question,-0.374009142201,-34758328.6976
sympathy,-0.373761945378,-86493864.1552
afterwards,-0.370906699964,-46094786.727
wife,-0.370262520386,-3431811.4646
law,-0.368253450165,-13023888.6334
disappointed,-0.36704752503,-395767826.481
helped,-0.361678336076,-240694128.718
close,-0.361430693033,-34333103.7505
naturally,-0.361395590212,-162358969.365
strength,-0.360670989306,-53074255.4133
most,-0.358435624722,-3692499.60302
refused,-0.358016587832,-212429867.569
affairs,-0.357525544632,-122706820.154
listen,-0.356998107178,-112570188.565
excitement,-0.35591360967,-128395674.262
offer,-0.355368313094,-126821896.841
fit,-0.354294469268,-147560781.432
necessary,-0.352714351833,-78672463.7043
instance,-0.351711731966,-233667661.732
girl,-0.350515306809,-1825059.55752
explanation,-0.348138050608,-218189330.89
do,-0.346541684192,-240233.36374
between,-0.345192757469,-15361664.7917
desired,-0.34479743032,-168326980.334
song,-0.344692992144,-62605851.1487
miles,-0.344499656713,-34903063.9851
.,-0.343152193178,-6406.48741767
arms,-0.342722998297,-12987627.1101
choice,-0.34209942001,-313868441.235
want,-0.341701788563,-6446997.73159
but,-0.340607594541,-249473.140769
visitor,-0.338952777406,-100572055.23
key,-0.338357282891,-54405626.0603
generous,-0.337053897605,-254230639.639
nine,-0.336740349925,-110917897.25
remain,-0.333295345311,-70717386.6763
happen,-0.333261551791,-107247322.858
mentioned,-0.331509055243,-196619681.785
although,-0.329052523979,-9828711.49128
many,-0.328860127524,-5745125.38602
company,-0.326654091136,-25637022.9069
usual,-0.32646274924,-51088525.3339
hurry,-0.326059558499,-168044869.212
sleep,-0.323490742444,-53861562.8896
thus,-0.322303187452,-12111368.2115
sing,-0.322196048518,-53312694.0314
value,-0.320969889193,-186342584.927
rang,-0.320951031991,-287779482.053
features,-0.320053306565,-146335300.689
pure,-0.31807182071,-89671820.0576
lest,-0.317564330004,-175985763.845
presence,-0.317386140879,-47791916.0565
another,-0.316560924098,-9555503.02793
feelings,-0.316354078016,-51154028.5508
nevertheless,-0.314550551514,-92095369.8053
during,-0.312870204885,-18907069.3841
alive,-0.311940088336,-103605322.96
off,-0.310119158411,-4299460.68106
n't,-0.30972210793,-79278.8864857
accepted,-0.308787991551,-199592823.268
distance,-0.308038975579,-45407849.251
opportunity,-0.307029875687,-75008491.4849
sitting,-0.305403504178,-37909995.2949
suffering,-0.304472122971,-65808269.6965
servant,-0.30406896394,-43315969.5176
honour,-0.303999474027,-35636522.9152
glad,-0.302818780304,-12860555.5708
'll,-0.300073229666,-1204761.44424
ah,-0.297595817943,-8525079.01926
worst,-0.297229739228,-147212989.575
poor,-0.296699380831,-2822987.99707
belonged,-0.295809830838,-299896546.137
sounded,-0.29559555165,-273229796.915
gay,-0.294162875451,-108562044.513
blow,-0.291093359754,-106327007.289
ours,-0.288870812512,-254638767.503
remarked,-0.287984713003,-17161829.9127
asked,-0.287095971871,-2694777.87483
you,-0.287079300388,-20378.1688325
by,-0.285582714963,-360142.738499
wandering,-0.285328152971,-335035400.811
brain,-0.285174764901,-76876853.8612
became,-0.283116546679,-20042882.2251
occurred,-0.282070737856,-98446134.0343
faith,-0.28170398972,-1099447.30123
suffer,-0.281603830107,-179248054.521
appearance,-0.279421116948,-50961928.6323
gentlemen,-0.276363582876,-26625973.2916
parts,-0.274661414473,-227281888.528
guess,-0.274640501872,-55296807.4963
innocent,-0.274022603876,-99059424.2372
cost,-0.271951432583,-199397850.611
quiet,-0.271393796058,-26689350.3628
opposite,-0.270029776985,-110420373.787
despair,-0.268797846403,-111087008.498
wo,-0.267168600133,-10300775.5837
startled,-0.265741007808,-117673305.105
raising,-0.264962420488,-305370115.911
silver,-0.262730185703,-52981524.8822
table,-0.262660587089,-13389044.1869
front,-0.262324618353,-19730647.6339
effort,-0.261730176239,-58843286.7908
almost,-0.261567913927,-5084724.28083
invited,-0.259368794355,-206292060.935
rough,-0.257338101341,-89539903.9491
faced,-0.254282760596,-203546015.443
gazed,-0.25343947632,-102828772.583
parted,-0.252960250043,-221344722.101
strong,-0.251380199507,-16830597.6087
reply,-0.249324536161,-35047795.8712
hour,-0.248794565737,-13465210.6379
wild,-0.248513286055,-15376260.8323
believed,-0.248074825808,-54537513.6355
extreme,-0.247370570892,-202022189.868
each,-0.246030190215,-7119059.64874
fool,-0.24508230765,-58554216.1699
breast,-0.24459672171,-53028195.8432
as,-0.243758596213,-116613.595325
teeth,-0.242227944515,-111400362.696
changed,-0.24174291092,-57875865.8309
learned,-0.240762464396,-39618161.0994
special,-0.239279344199,-107319020.314
good,-0.237416824591,-1354217.48937
moments,-0.235630956599,-59046448.1495
finally,-0.235329229311,-54456331.0848
took,-0.235220081979,-6103531.38543
possibly,-0.234822949843,-75215592.0921
straight,-0.234411227492,-46767384.8083
evil,-0.234070243147,-19810913.796
fate,-0.233028592811,-61850232.2878
watch,-0.232484572969,-28869222.8653
also,-0.232287814568,-6130312.96259
utterly,-0.231624082189,-62527950.049
ten,-0.231546293581,-20106641.2831
o'clock,-0.231086744752,-36363503.0846
floor,-0.230243584302,-26028835.8779
lead,-0.230060150072,-137847321.294
slipped,-0.2289160291,-130290453.132
morning,-0.228701652904,-7557288.13603
likely,-0.228496748507,-31684740.1756
able,-0.226005721542,-13096320.7792
short,-0.224812120075,-23520230.6011
box,-0.224202681995,-24592017.4226
rested,-0.22298918956,-126613463.802
shadow,-0.22263850534,-34404833.0195
bank,-0.22260093987,-36107566.3458
grass,-0.222568739555,-37955947.7025
pay,-0.220889879506,-21487979.8649
wish,-0.220602248431,-8209480.55802
touch,-0.21601013803,-58412078.6908
influence,-0.213510951373,-40760796.2086
struggle,-0.213340695692,-109778439.098
cold,-0.211523444553,-9009962.34843
increased,-0.211523353619,-202189161.282
horse,-0.20830792046,-5778628.0358
satisfaction,-0.204904377152,-98477877.8684
quite,-0.2031894202,-1599190.92923
clouds,-0.202377200179,-60983569.1048
cloud,-0.201727266723,-108079990.115
keep,-0.201627188295,-13408924.0767
gives,-0.20010430474,-99181362.8176
interesting,-0.199389380606,-103138726.107
reached,-0.198748219715,-19801140.1551
kindness,-0.197590068564,-46553621.326
contrary,-0.196437857472,-136369263.731
same,-0.195915778537,-7109937.58667
where,-0.19362560352,-2293017.02729
in,-0.193509079805,-67261.7966354
altogether,-0.192358701911,-34266689.3915
forty,-0.191946632951,-144292749.804
bought,-0.191140957934,-111093811.497
lips,-0.190647305993,-8868504.39383
shoulders,-0.188448792044,-55859232.8433
existence,-0.188346082128,-42048876.1603
handed,-0.188260557507,-152787528.264
unhappy,-0.186547248026,-74617599.1997
accept,-0.185672558398,-78603856.0432
circle,-0.18522014632,-151818698.485
why,-0.184787152414,-2067621.75948
going,-0.184096163253,-2467365.61089
water,-0.183717422702,-2714885.20138
days,-0.182670159477,-7909911.34582
find,-0.18192777962,-8376274.65717
surprise,-0.180053968685,-27776770.155
attempt,-0.179277939596,-66631177.6094
eat,-0.178326032911,-37288849.0392
setting,-0.178135890428,-186371630.592
youth,-0.177976420187,-26520141.941
careful,-0.177206650744,-159643968.203
gift,-0.177014498278,-140182687.122
wants,-0.175569203603,-73101037.5023
tried,-0.17526174928,-21150457.7817
garden,-0.174992281585,-4502376.97208
beyond,-0.174185153408,-19702706.8542
add,-0.174150403958,-170734398.419
calmly,-0.172259523265,-120401305.494
top,-0.170266606273,-33668217.729
therefore,-0.169463908851,-11109052.8413
sight,-0.169321839223,-11411454.467
sides,-0.168007691471,-104510117.545
fear,-0.164417685983,-12279212.0056
treat,-0.163803956092,-61013868.9771
freedom,-0.163008967625,-109668706.366
anything,-0.162565781982,-2995271.04051
finding,-0.161674806548,-95758734.8645
stream,-0.160974011701,-44953307.0637
summer,-0.160930010672,-15322254.1518
look,-0.160236715613,-2161201.46612
dawn,-0.158390879853,-71399228.5542
seeing,-0.157913611142,-22895386.9174
regular,-0.15789876491,-189284839.908
bow,-0.157624571186,-81479538.6675
sad,-0.156094513544,-22779849.9609
duties,-0.155196897582,-113858323.451
effect,-0.154466055061,-22493075.9132
equally,-0.153954405375,-117117580.241
gentleman,-0.153405662786,-5315791.79619
few,-0.153193747996,-3344023.73792
lifted,-0.152588079734,-29563188.5699
either,-0.151813754483,-15202978.549
haste,-0.151656215859,-149321409.391
night,-0.150447488514,-1689011.36602
match,-0.149164124784,-91948525.9653
gratitude,-0.149159960846,-132808067.564
crowd,-0.148176799947,-19536131.8653
way,-0.14709988814,-1578756.72068
aside,-0.146602625463,-51515031.9356
making,-0.146477511052,-18929640.5025
word,-0.146345529969,-6087425.76575
throat,-0.143311295022,-57139637.4376
enjoyed,-0.143003787712,-96899412.0983
finger,-0.142431423844,-25542093.6448
saying,-0.14077245922,-7118080.76861
dinner,-0.140100657235,-8363261.32673
think,-0.137921135296,-477501.594841
heavy,-0.133921050065,-17088546.5728
clean,-0.133099731797,-32034639.2904
secret,-0.132996985807,-20660912.4864
everywhere,-0.132206014644,-84698385.4213
boy,-0.132202017898,-1367907.56425
due,-0.129529002641,-65411399.9432
might,-0.128840377559,-919461.371457
proved,-0.128809008399,-61386998.603
went,-0.128166838199,-710191.286513
spirits,-0.125278385985,-44605259.0721
flower,-0.124419098837,-25345697.7786
half,-0.124412734784,-2515732.80223
admitted,-0.123233239787,-82725366.8818
lightly,-0.122508702361,-90562151.146
or,-0.121932445584,-173094.599805
up,-0.120661483239,-263537.259643
becoming,-0.120333499708,-97558189.4705
return,-0.120301288401,-8794818.40972
missed,-0.119649893127,-133425570.912
fell,-0.1196116284,-6111788.3851
hate,-0.118885757818,-48101028.6229
taught,-0.118375706215,-56348741.7673
continued,-0.117440947277,-4722376.5366
ago,-0.116929158614,-9347509.97945
deep,-0.115662509651,-8997907.5634
reading,-0.113932283678,-27137941.0773
playing,-0.11373269179,-57182087.5836
against,-0.112520082477,-2814237.36346
space,-0.1111580807,-52388400.9884
were,-0.106147999636,-114572.838786
shake,-0.104989069878,-119656406.969
hat,-0.104182535595,-9017613.41139
recognised,-0.103802483921,-50274248.948
falling,-0.103441459087,-50708191.9716
brought,-0.103304221386,-8239395.57522
sudden,-0.102009350547,-10716598.8136
knowledge,-0.101777058301,-20482943.3412
piece,-0.0994114529637,-26235680.3631
iron,-0.0992209151842,-20587996.9946
spend,-0.098062046513,-46487333.3619
express,-0.0970496500072,-54606364.9399
worth,-0.0968244431001,-11468308.2425
work,-0.0968206641751,-938941.983273
opinion,-0.0967852198337,-20745543.1376
four,-0.0953790954331,-7548381.93368
address,-0.0946677229961,-37381565.378
admit,-0.0933003610068,-63420828.8798
broad,-0.0922755370706,-19816872.6892
justice,-0.0920745390047,-15555265.2926
else,-0.0915208788458,-5682807.752
case,-0.0901557807465,-5485332.92382
ceased,-0.090088640388,-44305812.343
enough,-0.0893620318544,-1889633.14358
hopes,-0.087917727298,-43854254.1442
action,-0.0872554669728,-32004634.8575
face,-0.0869942982844,-388474.264543
filled,-0.0856093289515,-16145587.883
some,-0.0846147612745,-410388.155448
everything,-0.0832541719204,-4077668.80631
rate,-0.0830267529866,-21925942.7063
thinks,-0.0827920383095,-19712582.3448
around,-0.0825456883481,-2086556.82537
wait,-0.0821980635954,-11205104.2419
i.,-0.0821153330654,-3814112.12165
learn,-0.0805039446176,-22617360.5263
greater,-0.0783160056408,-28157422.9091
beneath,-0.0759811928547,-8361193.40385
occupied,-0.0752296424361,-36796903.65
strange,-0.0750328316842,-3032517.90023
goes,-0.073855790166,-11024735.1955
gentle,-0.0735305372132,-17075103.9632
lower,-0.0732988043405,-40616536.8588
start,-0.0730321151493,-30202063.743
entirely,-0.0723525418153,-10442204.4175
tone,-0.0710296412715,-2829352.88466
late,-0.0693166185259,-9036278.88602
property,-0.0692794534418,-17351559.3059
later,-0.0680822990606,-7201301.51054
bringing,-0.0675012121203,-52701447.8619
fast,-0.0674027921898,-12794313.268
seriously,-0.0649031287629,-47168250.7682
serious,-0.0646414947158,-20171246.8053
make,-0.0645645607959,-1041770.56639
knows,-0.0645551557087,-8806091.64465
upper,-0.0641038181336,-62217818.3011
anxiety,-0.063842920544,-18411032.3864
spirit,-0.0637744584388,-7326717.04737
longer,-0.0629280693282,-7537503.60694
cheeks,-0.0622251681986,-13698857.3308
silently,-0.0615727417457,-41354710.7245
dark,-0.0605854921296,-2520948.0305
worked,-0.0587327900409,-19220037.5113
ideas,-0.0560659057501,-23876583.5187
show,-0.0557468133679,-4579313.5125
exactly,-0.0540753621245,-9581859.65443
command,-0.0537167914752,-17246537.9202
kind,-0.0527594736508,-1086826.61137
experience,-0.0517855057312,-13763429.9729
gaze,-0.0482269168926,-16743577.3082
over,-0.0481717201026,-338305.199892
escape,-0.0480883496149,-7725768.17822
ca,-0.0478083884539,-1010035.446
afford,-0.0465907276101,-45140075.3254
crying,-0.046500688821,-15225144.024
wide,-0.0454453746281,-9621061.56606
fine,-0.0405974484144,-2588535.4067
daughter,-0.0402230560783,-1095051.0132
closely,-0.0388021021694,-31328932.9845
twenty,-0.0387481689289,-3874762.0237
somewhat,-0.037741845475,-4190390.61553
prospect,-0.0366102934877,-23132628.2328
wanted,-0.0355725253598,-2339129.58894
chair,-0.0339267842519,-1995599.72312
stayed,-0.0337594214536,-25470782.1614
business,-0.0337222845049,-1164148.71093
whenever,-0.033487280472,-13502112.41
journey,-0.0303759189596,-5692622.48828
grief,-0.0291866728407,-8745780.65913
height,-0.0273683090913,-28016707.6838
whom,-0.0253307415543,-664355.274081
listened,-0.0234178801179,-6231155.3784
well,-0.0230948651462,-120765.113733
known,-0.0223098500829,-1769428.46959
grateful,-0.0218402794494,-16421313.6487
lord,-0.0217779275069,-73582.5331609
tea,-0.0213943860386,-1613195.88983
trees,-0.0207323385909,-1534369.96312
re,-0.0199571622127,-6094604.49795
glance,-0.0185842757123,-2357422.34024
#placename,-0.0180728860584,-14547.5016631
shoulder,-0.0176876567678,-4362612.58932
say,-0.0146070989555,-85892.4256236
natural,-0.0134341897129,-2469014.03778
house,-0.0130800096101,-104940.693212
meeting,-0.0120310771245,-2576454.2686
says,-0.0118227671795,-30134.8100817
strangers,-0.0114799718015,-13221178.6231
horses,-0.0103667304717,-575389.29498
hastily,-0.00906711628186,-2600447.54047
bell,-0.00880141789255,-246120.533683
hers,-0.00837815403097,-1727687.60728
upon,-0.00743198402468,-7764.85548035
put,-0.00676286218678,-121664.19287
birds,-0.00331604083172,-727495.95192
set,-0.00293598616572,-130159.493288
carried,-0.00209148228259,-382913.856147
further,-0.00140348751059,-205915.828339
kissed,-0.00103992713772,-232120.702973
ran,-0.000813892944183,-67914.2024912
cared,0.00130458257837,517361.245956
agreed,0.00148967482072,853821.507047
rapidly,0.00212673867798,755476.107669
success,0.00226698673437,803922.444692
written,0.0023245461343,535648.709307
hand,0.00240026210437,25064.4488417
bitterly,0.00298662283917,1734418.70676
this,0.00670497027942,6443.24796273
before,0.0069360091858,80284.2755795
write,0.00739097715613,838893.587895
would,0.0080861093624,8354.65962791
dust,0.0119828584608,5879075.4911
passed,0.0122187316513,535877.676891
addressed,0.0124320182387,9139855.61811
happened,0.0142291993117,2071225.5158
path,0.0144265737534,2896168.71463
leaves,0.0146244996902,3355743.44587
ways,0.014629866572,3795919.47731
horror,0.0157467495577,7042896.07669
cast,0.0186065881178,4554484.74527
disappointment,0.0194837716796,13546517.4776
times,0.0212422255955,2198064.65739
occasionally,0.0220458571914,11797992.7812
fingers,0.0228358707901,3027227.83134
smooth,0.0231259253928,21059294.4196
yet,0.0246856200039,229983.045979
very,0.0248370550369,32299.1502627
sadly,0.0273183642207,15660038.0879
terror,0.0276350879961,7684279.71497
head,0.0276476437737,378285.273723
really,0.0293348025902,603065.317506
gain,0.0297821590383,35988664.6684
folded,0.0301856718657,22010958.5097
bitter,0.0323649013057,5466368.03044
letter,0.0336431824442,776042.046359
lives,0.0349690460702,7666918.36258
season,0.0366820099506,12199610.4267
message,0.0369956481028,17470215.3317
hearted,0.0370134188984,24287495.8183
judgement,0.0370627915668,21467772.9933
considered,0.0393113301648,12572048.432
interested,0.0402960014469,16124625.7267
thoughts,0.040422981525,2883580.34708
quickly,0.0425941886032,3073027.98282
room,0.0428145144715,322730.914621
dread,0.0433516438199,15724767.432
five,0.043737840735,3135296.77566
returning,0.0450212844696,26925727.2341
cry,0.0460254648625,4401507.09553
actually,0.0523768328427,19508331.4469
the,0.0548853096933,538.430736495
fault,0.0549028419025,18175188.8834
preferred,0.0554695595541,75319527.4579
words,0.0555403344472,1198062.92089
entering,0.055839987898,74558512.1818
proposed,0.056709536996,54022054.3233
utter,0.0581851709385,34483621.3337
declared,0.0584952026583,14258182.1647
favour,0.0591453753673,19835958.2699
got,0.0600912290592,307510.552878
humble,0.0608622516193,45321365.5442
remember,0.0614938474845,5115812.07101
know,0.0624485067933,214761.53089
shown,0.0633838516429,36365703.8835
brief,0.063702948775,23153016.1496
comes,0.0656015036241,7768513.06642
raise,0.0660482521882,100023300.582
green,0.0673227322868,1531721.06288
too,0.0679768503902,682404.844423
friendship,0.0686794837453,20067914.6448
under,0.0696126600127,1767194.88793
glass,0.0701527707722,12962767.8338
beauty,0.070706024719,5579087.58671
move,0.0721645464296,39379072.2959
come,0.0735739824916,639589.203291
body,0.0760328078946,4729706.15349
themselves,0.0773239663989,5819272.18966
day,0.0828861315774,676813.493697
wonderful,0.0841754921271,23363881.5609
her,0.0881286832503,3168.54789493
expected,0.0881304805991,20260403.9946
bore,0.0883585930102,60794912.5708
raised,0.0890412926168,11666937.1353
interest,0.0907651408521,8477713.44855
leaning,0.0919445326725,46087791.0984
proper,0.0942475310635,29295931.8063
subject,0.0952294092262,9012578.30536
marry,0.0952966983027,4239941.69957
dreams,0.0953334849133,42315295.0471
played,0.0958230318787,44093322.5171
weak,0.0971423178653,35096627.9669
live,0.0981648765985,5810526.61907
called,0.0992225991237,5923139.52621
beating,0.0995489981979,125728738.005
telling,0.102223225936,37811719.07
voices,0.103238529838,38812439.1258
instead,0.104425935631,18625742.4593
truth,0.10530614512,7309176.68828
nose,0.108211020009,38311530.0045
impression,0.10825702191,54139686.6113
noticed,0.10854476842,26950956.6611
announced,0.108807590886,86832513.837
cut,0.112956208744,20477107.6207
own,0.114353707771,650273.169684
slight,0.114949200489,27368391.0903
pressed,0.115989857915,46925898.9038
degree,0.116751654967,74700735.7637
keeping,0.117183640377,70688975.0644
sooner,0.117430503579,61034865.6782
brow,0.117526483395,36168625.0325
curiosity,0.117772345805,59789057.3825
weeks,0.117883401997,23503154.498
brown,0.119331869936,10050041.5018
worn,0.119590671164,63145733.5038
treated,0.120495986378,78249479.9256
wrote,0.123050634608,30065058.5862
stop,0.125215422818,25873480.5131
chief,0.125890074338,8039060.24238
fellow,0.126297554913,5666838.75606
added,0.126662149015,5189113.41151
ground,0.126721277583,10587260.7465
herself,0.127673152348,748978.658742
mistake,0.129339971913,46128478.0802
stands,0.129894069543,52034598.5391
sank,0.133220650102,48590742.1684
hurried,0.133260585607,54887801.7511
opened,0.134345311031,16739502.1602
knowing,0.134970012297,46427032.5121
drew,0.135442042072,15559544.2461
makes,0.136613072776,17341902.6264
allow,0.13989083951,37654096.2918
reflection,0.140753102245,120852853.636
signs,0.140834184983,195635564.636
enjoy,0.144555666584,62156118.8552
grow,0.144803826306,64173395.8053
study,0.145237150155,23427950.0165
appeal,0.145684545083,124839288.549
did,0.145696040532,334263.315325
visible,0.145746628802,69160562.5874
emotion,0.146263868503,45356723.9471
led,0.14635373217,29034923.8326
into,0.147990811376,863782.303234
living,0.148200378848,22023783.0354
remark,0.14848449226,66683042.9234
sorry,0.150615422037,15230784.0637
growing,0.151231850968,62540015.9187
honest,0.151914315679,32517830.4262
office,0.153250960543,9996976.53081
result,0.153357231945,59641356.8731
their,0.153605893258,212343.885472
risk,0.156941189363,96162165.9693
without,0.158978832717,3482535.14235
portion,0.159012473088,114533938.906
round,0.159865576262,2356895.3678
liberty,0.160327683213,120985708.289
obliged,0.160478243964,35479652.5497
pleasure,0.161196895401,15859989.2708
sought,0.161896917563,53171707.8898
private,0.162355969266,46633111.1492
peculiar,0.163954318553,90203381.0848
dangerous,0.165068623029,107223202.079
minute,0.168247721501,14717548.1682
relieved,0.168711520913,220411852.392
more,0.17018635002,825911.530054
useless,0.171410644178,160976247.412
wretched,0.171674085477,106461026.872
'm,0.171696392005,1205874.2694
music,0.172037130146,16936089.8912
eight,0.172098010261,83412722.7618
money,0.174117028569,2260551.86512
general,0.176530943007,3087662.9404
beg,0.179527234172,81107963.915
first,0.179811912103,4009244.80175
rich,0.182335936396,25098623.4538
use,0.182694249369,26823687.41
convinced,0.182893519403,130272503.102
rolled,0.184960338341,116512028.584
easily,0.185099242395,66335988.6466
human,0.186143607051,12320684.5677
ends,0.188128951925,352670490.554
followed,0.192870994954,21182730.5782
please,0.193443653444,25522630.6149
year,0.194099008018,10417951.9227
pale,0.194322893979,17435133.7909
looked,0.194745948347,1410999.94971
places,0.196697503655,82852866.937
yourself,0.197188310501,14163913.419
vain,0.198107649,81505459.299
foot,0.198368581197,23652946.8933
#monthoftheyear,0.199976277287,1047324.24021
precious,0.200425576983,123245295.847
class,0.200707282007,43079632.5707
french,0.200962429614,3467686.2741
wind,0.201536508774,4686529.35013
wood,0.203281027853,15275167.4565
discovered,0.204260953246,55798942.6553
stranger,0.205538068437,34099230.283
gently,0.205644356653,50208272.1663
bold,0.207258950121,199225683.039
found,0.20734489691,4790423.51602
supper,0.207899534408,42058859.8295
lonely,0.210663025024,71765180.0587
course,0.211309072814,3990635.98419
weakness,0.21161252468,165244491.059
sprang,0.211831158636,73168408.6895
frightened,0.218685510566,80632033.9861
paper,0.21879517807,13664185.6165
held,0.219055087258,16324676.7869
black,0.220211228005,4696028.06813
what,0.221365366074,460035.243674
family,0.224220040617,5754342.09493
free,0.224436371006,32187072.8033
situation,0.224554138684,56299932.3445
appeared,0.22458701448,21193732.4808
when,0.224961132242,514499.111836
spoken,0.225394793388,53172605.6373
exhausted,0.226851004694,321969860.315
sure,0.228374460777,4816471.79859
:,0.229263780021,313860.40715
",",0.2295760095,3484.04685951
forgot,0.230466251989,151383092.488
dozen,0.230532118996,85739962.0143
seldom,0.231202825846,138933828.997
touched,0.233381471459,66790495.7963
closed,0.233468146544,39404295.99
thinking,0.235267840272,19931425.0752
colours,0.236354042554,273135120.004
perfect,0.237350033127,40016650.3829
like,0.240624940584,927140.274277
door,0.24151988966,2754063.97347
though,0.242700715626,1468847.31522
absent,0.242820714879,250564831.169
drink,0.242906803223,44020831.8051
thrust,0.243242781935,135135318.273
idle,0.243536081863,239016256.189
disappeared,0.244261839058,126731315.94
decision,0.244302419921,237469473.593
colour,0.244492622792,60828074.5507
note,0.246307872923,42685035.6861
forgotten,0.248170549102,54850447.9863
faces,0.248619112805,75179231.1617
pardon,0.249311280469,114048625.338
excuse,0.249377586555,98253454.7317
till,0.249659237555,3464570.7308
speech,0.253329290479,58119679.5048
felt,0.254724214582,3078485.90676
see,0.255649629759,1491968.40836
serve,0.257002509968,193622512.409
engaged,0.258272816147,68891243.405
solemn,0.25919116037,196657408.971
running,0.26357924501,61005659.0389
plainly,0.265572396369,187027160.571
bread,0.266138024052,55371162.4308
met,0.267672381753,30061792.4631
companion,0.269412514796,24800242.723
those,0.270705683757,4244206.67753
yours,0.271644799001,96523065.8189
sentence,0.272492780849,162328182.255
feeling,0.27382953675,14760242.9663
forced,0.274131772354,133947656.294
accustomed,0.27457180281,172780376.308
awake,0.275675625981,293646909.593
faded,0.280482589372,230271541.079
rising,0.281728493055,86037140.8767
doing,0.282515857964,41747383.7206
mistaken,0.282842906011,176853111.878
've,0.283153427416,2171350.41259
laughter,0.283854402721,154050805.364
pain,0.283910298881,16156002.5176
roof,0.285580144839,151665691.61
's,0.286494113195,78040.6008182
field,0.286515291462,46826320.5493
already,0.288690932872,18932029.9894
village,0.289704398764,10616899.7929
thrown,0.290034703296,160595428.846
advanced,0.29021896353,140863031.792
-,0.292926671752,6699974.102
#dayoftheweek,0.293886069791,12942220.9844
difficulty,0.294163424699,111076446.729
personal,0.295558488634,71289865.3931
mood,0.296241731083,159913583.367
required,0.296463289129,188967188.572
above,0.297671856079,21993931.9955
last,0.297768715404,4079167.03089
rare,0.298202877721,254425317.73
its,0.298372288791,1396953.85105
grown,0.29893643286,72304746.3563
manners,0.299909361999,213127847.774
made,0.302916356829,3568099.08395
anxious,0.303920590061,41967515.6131
sunshine,0.30483278279,75669579.9876
buried,0.307752110904,164771836.885
friends,0.308180470228,11681975.5344
somebody,0.308482364291,71465130.1859
seated,0.309503962172,74334951.4953
capable,0.310657584006,230125787.992
tell,0.311610935177,3826297.3476
strike,0.313104716802,252887691.165
circumstances,0.313466055545,58708333.5645
walk,0.317458129798,37122485.8564
quarter,0.317778274798,128443338.245
catch,0.318890610297,103540030.46
merely,0.319461720844,55719584.5871
light,0.323535549133,8216636.35716
father,0.324368686633,734275.813605
thin,0.325194202959,89172952.7583
these,0.325704237663,3420448.29533
cheerful,0.328426991669,218935147.214
they,0.330426569489,161061.076622
rooms,0.33097542319,57788403.0111
white,0.331002742571,3777519.56616
far,0.331157335859,10151640.5672
#sentencelength,0.331288438088,0.0215716610651
sharp,0.331596725938,89129811.6086
state,0.332839878316,28207387.866
acquaintance,0.334258883724,100376339.256
recovered,0.338225259559,344629900.989
now,0.33837092349,1344685.15909
ordered,0.339103126634,127041112.598
any,0.340163231849,1355727.33994
prevent,0.344913960798,186815454.758
fifty,0.345221318804,114042481.563
among,0.346675709631,7946806.94482
about,0.351759752626,1059863.90486
nature,0.3521033133,20518827.8809
memory,0.352519816128,70342724.5175
confess,0.352628017023,237469002.988
wrong,0.353387754775,36017525.9006
generally,0.354116200767,91916615.5875
ill,0.355677506399,32561122.4746
excited,0.360895164963,212207556.316
loud,0.361528208267,123194161.755
open,0.363961204125,30091612.8163
sounds,0.364680230201,349282681.818
measure,0.364750151816,375818553.281
on,0.366065999157,211835.882865
lately,0.366938614877,215740850.287
sun,0.369387520178,21881847.2408
holding,0.371170181892,129080143.178
perfectly,0.3720106004,54393297.0473
taking,0.373081924258,41512347.2894
men,0.373483838555,1645228.23503
down,0.374874632119,1941783.49156
past,0.377038125298,27251424.5395
news,0.377629075627,37542946.9337
dog,0.378783192278,6364533.3281
regarded,0.38087727805,123514546.938
self,0.38112657354,29615667.0641
remembered,0.381178615425,78891694.936
surprised,0.381772230473,88389216.2482
swept,0.382215901223,241905357.081
surely,0.387608717979,50058262.2912
rid,0.388616655087,548455431.741
seen,0.389433736229,16188982.648
land,0.38946972322,24997229.8343
secure,0.390136396079,439801114.204
troubled,0.391666036229,252997647.896
household,0.392027893552,217416032.539
liked,0.393378521437,45338035.2655
food,0.394039599185,100911116.577
darkness,0.39689481799,57021833.159
ears,0.397340556739,102941994.766
begged,0.398992749041,275261212.031
countenance,0.400057972456,111131924.504
other,0.401493412141,4838142.934
worse,0.401979466232,105505936.93
orders,0.402380043776,149749826.667
hide,0.402385291188,318626923.528
low,0.402637356087,9047419.10028
coloured,0.402645059693,46369838.5031
daily,0.404101707483,142153687.101
hot,0.405284117009,61130988.8524
'd,0.405465334175,2090463.55099
week,0.405834400583,40087351.6614
showing,0.409721646775,331660344.024
highest,0.410568419333,301587217.864
woman,0.410590718816,1521702.19211
tells,0.412533459804,323180552.27
bowed,0.413498325724,158596068.331
country,0.413844340611,17418165.3844
fire,0.414990665379,14291676.3423
shock,0.415479975501,369073190.537
read,0.416620427055,21588228.2623
eager,0.419478866159,131007150.967
evening,0.420759157658,13910637.8588
assure,0.421011398688,255705308.915
one,0.423771564399,822948.636247
east,0.426264768016,172662676.497
out,0.427732447295,1211837.00085
fond,0.428335926952,91109737.8881
certainly,0.429280645919,22358652.1022
once,0.430079458581,5384927.71782
carriage,0.430221137506,28895641.7182
sit,0.433410840261,67075794.0272
six,0.435821431131,75089365.7813
dream,0.436134798589,61407109.8013
art,0.438656019804,33425296.0123
#typetoken,0.439442918298,1013.0725236
heads,0.441276050329,152659762.165
calling,0.442564655004,199876599.537
nearer,0.442570848875,177951955.308
presently,0.44347220477,19799288.9291
cool,0.446112364193,189284395.338
conversation,0.44668101726,56154370.2065
coat,0.446981625553,68277448.1985
dreadful,0.450512711543,69524660.6085
bird,0.451019811239,103853751.023
nervous,0.452086650699,224916006.323
something,0.457187396377,8283204.28817
stepped,0.457254195079,194439569.014
however,0.458614633024,6883220.05593
broken,0.459762774233,92973828.7528
noise,0.460268943015,197046240.087
lying,0.461538549457,117235183.269
de,0.461972227011,1151940.48736
lay,0.462803606533,14580377.5127
breath,0.463157701336,57112580.7103
choose,0.463215937736,280598455.362
none,0.465226697738,60870091.6645
sigh,0.467517100817,157822610.964
consider,0.469388161913,217522785.063
resolved,0.470060200353,166199926.577
a,0.47135776274,60606.0593586
weight,0.474183542983,386560482.621
expression,0.474809256873,51247227.894
trying,0.475099859841,96755366.9171
wished,0.475204795081,53480374.3488
looking,0.475746534516,8354773.01159
came,0.476086406526,3099965.46424
offered,0.476368872278,184318494.072
smile,0.476369340136,17676937.5164
curious,0.47641785645,111428861.823
river,0.477719396621,18835922.5946
dignity,0.482093353031,319836398.231
been,0.483271229781,858036.086021
train,0.483928215279,61391134.4961
laid,0.484869119039,65489165.6689
talking,0.485708975934,76012763.5106
instant,0.487667482238,57545351.8472
harm,0.489773138831,237631323.443
risen,0.490805153211,660568436.355
knees,0.491369140374,182050211.416
since,0.493832814764,19824867.7414
present,0.494370309999,30646086.0464
itself,0.495275893152,38486654.3144
fresh,0.496223656098,94033946.3278
smiling,0.498404931122,69280983.8794
thought,0.498812294166,3943538.40696
managed,0.500399070483,296694138.632
walls,0.500910455589,96677528.5325
imagine,0.501862780643,185913150.337
purpose,0.504963891705,134471502.531
waste,0.505459977856,639756076.546
hard,0.508369505596,23928743.1874
stopped,0.508397807171,59191744.1981
his,0.508923037342,59878.9731493
eyes,0.510460973723,2324800.78904
again,0.511178922796,4382098.22658
#linelength,0.515853773327,0.24326756929
waited,0.51590687582,119061118.92
ladies,0.517150313263,27810676.7746
equal,0.518825703603,369959162.562
understood,0.5210003058,108463115.668
cried,0.52141281901,4047260.12964
relief,0.521944080639,203329719.291
blind,0.522388888967,99862796.7692
everybody,0.524951381796,60424427.4457
fellows,0.525245424197,187007355.956
pleased,0.526839097193,80886722.387
born,0.530777349273,106603179.813
chance,0.531751184507,44190953.5255
reason,0.532699949968,63278906.6657
,0.532834761986,59134410.0616
having,0.534249699648,14114483.4274
events,0.535133690007,129524151.516
voice,0.536265089469,6168873.76969
speaking,0.536781370406,80103249.9946
being,0.537126370918,7263163.44012
wonder,0.538285578737,60015117.6306
shame,0.542906607035,158539219.716
him,0.542932057746,254333.206452
hold,0.543496025965,72587573.9355
pass,0.544066917996,5975777.14469
vague,0.544083624048,196139694.518
behind,0.545278277149,29574698.79
post,0.548650369007,132715860.457
doors,0.548908659544,214310352.836
avoid,0.550485317875,586355806.462
freely,0.552545963643,792320155.67
movement,0.552627872731,201715799.556
unless,0.553847990876,149719040.302
possible,0.554405105838,39239990.7541
begin,0.555239395247,157431980.762
shut,0.556497684051,156697845.479
board,0.557666545975,27492575.5254
towards,0.559377585249,11178228.3802
ease,0.560593264942,476816715.425
apparently,0.567082826099,98978099.168
authority,0.574945208076,567590732.615
all,0.57784902879,611633.686521
probably,0.579815698568,63203313.5169
of,0.579904638939,25389.6278839
stone,0.580416078887,82738137.265
persons,0.580445924517,129366333.227
slightly,0.580853887261,238608235.72
cup,0.581747625232,120333783.911
letters,0.582411949657,51700278.8023
gone,0.586107684953,31661262.795
(,0.589897852024,3417930.20248
passion,0.589922865395,67654080.825
;,0.592151400639,55762.6642729
hesitated,0.593698443793,408765051.131
seized,0.59562385276,314259479.093
break,0.595960702267,279452215.755
accident,0.597205669185,388929060.74
turning,0.597355686058,94284498.2537
second,0.597458405267,84969618.7507
keen,0.597623116604,382493187.601
not,0.598300539798,170147.142397
impossible,0.598795972002,111728935.905
bottom,0.599227023369,227025213.131
steady,0.599329141429,360170245.947
shone,0.599712772252,280761417.928
easy,0.600078809832,159962845.395
misery,0.601180556377,279898807.558
moving,0.602714446112,350744275.392
north,0.602862817521,19837615.6138
whose,0.603529304171,24577929.048
lights,0.606276626313,333719159.823
opening,0.606459600772,220105975.625
speak,0.607719639552,21250712.9564
proud,0.608011991322,72634122.3738
sat,0.608229900482,13245444.6534
faint,0.608892942225,192639033.163
working,0.609052833883,109054882.55
less,0.612231586243,37875451.8731
somewhere,0.615164608328,331925212.21
wondered,0.61532931247,146740338.44
gate,0.615971173573,48587642.7607
through,0.618858972461,7727676.7982
flash,0.619211933354,572672024.895
beat,0.621803774483,304075423.921
talked,0.623476768569,117316905.034
spite,0.624308967709,127692694.06
edge,0.624843191355,178172395.329
was,0.624933442372,67547.0627576
because,0.625247336945,8522023.1254
never,0.625293294527,2385200.7924
dead,0.628853290107,20606910.0623
occasion,0.629547307314,183399406.43
should,0.630291627391,2879809.54358
inside,0.632091590699,229682013.514
could,0.633285654181,1276452.07533
always,0.635948730456,4913857.48422
along,0.636353059239,21930100.0997
),0.637327959159,3395157.89552
angry,0.639337484097,124121102.588
stand,0.640399078296,95467347.5267
shining,0.643913263734,243575651.675
f,0.644481940467,52461346.2059
delicate,0.644595484811,142032725.048
putting,0.650405540532,236087097.488
silent,0.651254629222,64058282.0093
repeated,0.652079539042,107377635.24
asking,0.654067432668,418255145.46
talk,0.654401874394,28807984.7104
figure,0.655586226442,59596709.0868
soft,0.657342146924,78136533.9213
dropped,0.657870020194,183382634.601
t,0.663032780472,6795529.78939
seemed,0.663805436943,5344330.18
explain,0.666464734411,276946234.524
station,0.666729503861,118013900.743
names,0.669684900846,359424552.723
slept,0.672068140783,293951373.313
son,0.673972918966,11034777.3982
frame,0.674308998075,791850613.788
draw,0.674432458149,464907765.098
yellow,0.674812273959,104027765.533
drove,0.677990197561,259739931.345
complete,0.67880761876,542041182.437
supposed,0.683287276075,249300095.056
shaking,0.683572553988,383343643.083
carry,0.683692999032,41365861.1927
shot,0.685157210152,84380317.5932
ask,0.685631209645,33644442.1521
hanging,0.686232682914,583987186.521
winter,0.686910969417,86445732.0409
an,0.688427806041,2089055.91371
only,0.692066725724,3615776.19442
sometimes,0.695354044374,48482312.8808
wore,0.69687443012,174188462.392
end,0.699179334746,40987711.961
begun,0.701978454681,276701219.938
window,0.702596244882,36440340.9972
sea,0.704146646996,6583033.54808
distress,0.705313738917,500430145.266
taste,0.706739307471,327232620.698
rose,0.707582449676,3918830.35288
spent,0.710708835307,221317443.214
no,0.711824663243,1734458.23597
such,0.712930048804,4462856.90679
there,0.713735722626,1163451.43408
corner,0.715139502506,90772844.7274
below,0.71585132509,91849435.1316
perhaps,0.71961898104,12351690.6543
them,0.720467904403,1310909.65934
gathered,0.721923501537,316908592.549
finished,0.725020753529,274473107.625
carrying,0.725347754889,768002211.233
points,0.726323643575,828537959.146
hidden,0.727100366818,403158020.436
imagined,0.73615431685,810254284.644
leaned,0.736949122011,223447998.103
within,0.73805402534,53988227.7516
hardly,0.740570195166,33880258.6841
clever,0.741781575076,207450355.379
clear,0.742852012634,101282952.588
coming,0.744850726492,47032049.5671
support,0.746460356497,559224384.239
rush,0.746617479112,638503186.659
beginning,0.747587743537,182357304.066
streets,0.747724970478,149790859.86
she,0.748924810907,34001.0450521
feared,0.749152597294,357182472.783
minded,0.74999602921,1012387655.82
attitude,0.750478045022,361115026.679
single,0.750953891938,212076836.724
expect,0.751988558822,204594534.156
ear,0.752495970881,217397154.641
breaking,0.753263770152,657462488.49
bare,0.757543063061,343021659.992
mean,0.758993717299,27259863.8042
thick,0.760369906269,232320792.331
smiled,0.761627298557,68979578.2344
hours,0.765921774544,78435623.0736
knew,0.766607296101,9409563.43538
companions,0.76851425476,414555767.529
watched,0.773860575991,140358104.716
except,0.778632873048,65633214.2183
watching,0.782110182468,216649403.942
dreamed,0.783661308526,682515325.243
back,0.786395769471,6226331.88343
road,0.787383088413,24444962.3839
picked,0.788156381104,765748291.257
tongue,0.788221754679,335011900.03
afraid,0.798582389449,45460323.2356
contempt,0.801500407682,533808783.529
view,0.802089841242,177359290.02
weather,0.803617300697,147244407.756
laugh,0.803759321912,67126275.0087
writing,0.804093757665,219461377.905
done,0.804257136262,20421295.1839
hearing,0.80731102423,381277982.727
wondering,0.807658725483,509033580.069
familiar,0.810258130326,381741700.64
necessity,0.812153195015,733588315.905
pushed,0.812673382173,362198158.306
shade,0.815476173111,610641863.611
months,0.821631036097,114984277.698
tall,0.821868546164,153668462.074
listening,0.823140650813,435573902.791
consciousness,0.825780066585,455911167.382
dim,0.829564559054,503169454.292
marriage,0.830101097104,40927227.3026
chose,0.831420919502,739721392.275
least,0.831696366253,39152406.7695
long,0.832888864211,11469300.034
quick,0.835447478335,133567259.974
s,0.837950201028,2602249.93705
explained,0.841029038527,314412027.502
stood,0.842167861169,13639453.2549
across,0.843551297264,43502371.2284
ignorant,0.844357879741,810344647.707
spring,0.845935372594,33198473.0129
grew,0.846957641499,91743529.7117
narrow,0.850876777659,299728208.551
smoke,0.852103896893,163141110.11
creature,0.853181359123,159470879.764
dull,0.857100746588,218634847.092
're,0.859186255669,13597063.559
bad,0.863910706194,74777323.1131
had,0.864234102022,153697.829423
mention,0.868846612626,730050580.855
aloud,0.869595927622,435666411.186
world,0.870542057522,9724594.77265
aware,0.872465577936,213202466.834
high,0.874402499474,50591102.3468
beside,0.875555929055,43749652.4322
fallen,0.876560397453,258388677.697
people,0.878257056722,7886701.10687
understand,0.880431041713,55497039.2518
lie,0.885468699964,67469983.2247
rain,0.885638609619,52092085.0053
brilliant,0.886079102624,310590847.637
absolutely,0.889071401682,292820579.275
alone,0.890162954438,37844257.8978
rather,0.890387607859,12371989.5088
common,0.891531397651,211444409.833
english,0.891952708008,21932288.4782
laughed,0.895786225856,48873479.4161
away,0.896964523114,9249678.67639
nights,0.89753020956,909780576.505
burning,0.899897321595,496910022.602
it,0.899996041598,179725.510952
whisper,0.900869199295,481383817.608
ended,0.903457356737,577169168.756
friendly,0.910278401371,448563328.406
wandered,0.910732807986,958929761.668
standing,0.914641219929,98936760.6784
call,0.917804957471,78012383.1756
turned,0.919400581094,19178964.2794
dry,0.920861154561,401230833.093
excellent,0.922140788875,361137772.194
burst,0.928164120747,327707006.368
sharply,0.928894924627,457022020.061
spoke,0.929134896447,36891044.5959
conduct,0.930582014852,360427099.824
neither,0.93234805488,109764237.009
nobody,0.934676940998,98699969.328
great,0.935579331665,6418469.56831
forward,0.936527071672,75096132.5384
street,0.937735880665,18084001.8542
at,0.938866942933,1019023.83905
walked,0.941927589509,61151502.2971
ever,0.94230389484,13265249.2585
foolish,0.942882255218,436471024.101
answered,0.944378002507,4835862.95124
,0.951831226555,107557.261934
anger,0.955518328467,295207732.241
whatever,0.956587562672,166145855.427
cheek,0.959282040621,318478557.687
silence,0.960294513218,51074967.4165
simple,0.961936614923,203660769.642
stretched,0.968872566832,629046557.314
point,0.975184335364,98348694.212
which,0.975893422617,465136.002701
sky,0.979435430867,132077317.589
heat,0.979450889228,609295344.291
unknown,0.981742634112,699247038.171
character,0.981958698501,140295485.834
things,0.983887262537,10954388.2302
lady,0.98643862876,2121679.28071
figures,0.987269834927,770402420.876
saw,0.98847998589,12800494.2958
he,0.992603287527,61135.6201198
suppose,0.99394179335,28006961.2886
passing,0.994783231845,347076871.928
papers,0.99507389217,201460349.697
hill,0.999020791026,64001259.057
thing,1.00164618749,9418821.87387
drop,1.0027555683,859574477.544
suggested,1.00322433308,278559597.966
books,1.00460772203,152743141.728
remained,1.00523933201,124523620.668
anywhere,1.0058496693,987762003.251
clothes,1.0133635942,241152724.698
indeed,1.01496975436,19615975.6904
red,1.01660338113,19233300.6259
sound,1.02601237339,100241792.117
o,1.03407747254,2675144.94337
conscience,1.0373550755,391508594.221
troubles,1.03813570366,1179125694.77
drive,1.03949136073,218757860.243
walking,1.04063261962,351370719.672
length,1.04432004943,79482570.392
afternoon,1.04790587268,97556661.1309
houses,1.05046058086,261475159.718
broke,1.05140621425,269002203.926
blame,1.05146330297,591713075.828
war,1.05444039677,13493056.7253
heard,1.05542399908,25085025.5553
temper,1.05835220336,309557016.019
glanced,1.0601067918,220697662.71
said,1.06588289828,320510.346457
line,1.0706636609,162739581.845
hope,1.07594433153,4141638.13105
began,1.08125273757,23748040.0894
whether,1.08740814725,48551287.7961
third,1.08979395345,472895919.478
strangely,1.09408070159,943137009.735
doubt,1.1008978615,82788692.3109
lines,1.10420831372,409237180.384
drawing,1.11261525495,139287095.553
small,1.11273214535,46110954.3176
three,1.11425672148,17952150.4379
that,1.1217351093,190761.261021
west,1.13190572164,46992786.3191
allowed,1.13747893276,284611492.919
conscious,1.14112590712,283334286.322
minutes,1.1579381775,110824858.65
grey,1.1738048145,55494749.1109
language,1.17782301545,564675230.195
habit,1.17860336028,561735907.058
certain,1.18266138588,57282428.6036
somehow,1.18763368869,238864313.28
shape,1.19371361114,794990851.084
nothing,1.19482618224,16735799.1522
puzzled,1.20274920405,698903585.182
whole,1.20476597722,53480330.9835
showed,1.2060440503,207929220.391
deal,1.20700205564,62319386.72
every,1.21896048324,14986025.3494
imagination,1.22943622412,539328551.266
twice,1.23225945278,756134309.545
lighted,1.23932726564,800835766.5
importance,1.24029432444,1081809449.4
mind,1.24872042948,26963612.3423
relations,1.25638888363,843193147.452
slowly,1.27042761277,73507809.37
society,1.27362070446,95975833.6594
hear,1.28003058357,79474539.1384
still,1.28066791192,18883640.3986
mere,1.28921775347,164474479.838
miserable,1.28974785574,419221187.879
book,1.29713141763,96232972.8515
hung,1.30132296767,366847374.515
air,1.30636339036,54830528.5125
meant,1.30826400268,162833634.256
nor,1.3288119371,33521820.8637
step,1.33045537503,178026926.176
hoped,1.3314591556,604363515.285
square,1.33196158291,260138681.545
fixed,1.33368881784,439511151.155
mouth,1.3348699744,184519898.423
eye,1.34203305836,107599403.28
public,1.34992677393,214186281.129
driven,1.3515485043,911780767.165
',1.35649285305,12970.8268717
forehead,1.36144868768,617558508.763
plain,1.36726187853,311152894.997
moment,1.36966594511,17238637.7716
reflected,1.40971182131,1136922949.73
clearly,1.41573421169,762821071.565
man,1.41787690833,2625096.60532
sort,1.43411323363,36036369.8754
pity,1.44062122943,351709798.356
pulled,1.45506731823,772824881.463
wet,1.46502837432,380136015.464
person,1.48856474424,95311020.464
spread,1.49076689977,845375501.87
amusement,1.4917827591,1289247666.32
slow,1.5166586507,903381842.801
women,1.55638145381,38481899.1362
amused,1.56452525193,1042863231.09
pause,1.56586769748,450966979.45
struck,1.57011182962,284258858.38
paused,1.58285113077,277187249.718
driving,1.58317034958,1521997667.69
windows,1.58748950937,436911729.412
reasons,1.60790751508,1389040926.69
middle,1.60972873369,699331796.596
observed,1.6149792677,144378725.291
himself,1.62122282045,9480785.40412
even,1.65353610319,14127773.2439
ashamed,1.65367964827,714848146.751
steps,1.65945746778,328265806.296
outside,1.66448227104,387417819.558
humour,1.71469902716,1059543087.04
sense,1.72687020666,99127021.0816
questions,1.74122343818,656940852.101
courage,1.76791344697,630938878.241
passage,1.9324243615,702758729.803
empty,2.06873698254,872712682.161
