command,-5.83651583034,-591548276.291
maidens,-5.76563203153,-939543120.612
'll,-5.55624488853,-11371180.7434
throng,-5.05347551987,-362914578.449
',-4.90514457017,-431193.036412
wondrous,-4.67609459282,-250566919.386
goal,-4.62302587923,-530418629.917
we,-4.44296867217,-769517.024213
until,-4.18433916553,-63162665.7333
'tis,-3.97578024893,-84147037.8003
veins,-3.89064076032,-724979085.504
tis,-3.87337677163,-19822209.9877
thread,-3.85642484079,-410443721.642
#placename,-3.80130322056,-1564849.69551
remains,-3.77642148806,-953414311.022
sheen,-3.750018215,-1173677167.84
sped,-3.70536621504,-592834896.02
oft,-3.68217215431,-39207648.8565
ills,-3.67259214105,-1051725856.94
anxious,-3.65526565298,-605187102.241
tyrant,-3.62691304965,-319550559.995
wildly,-3.61777151243,-841681970.358
feed,-3.61643199815,-584786055.099
running,-3.57512585152,-674186764.213
chains,-3.50059569925,-476558486.068
earthly,-3.42469085982,-131384469.097
rugged,-3.41687236069,-529422376.293
utter,-3.37950255297,-659049045.699
modern,-3.37646427868,-391203936.244
bend,-3.36751177895,-443662819.926
rainbow,-3.31601252059,-434899023.148
cries,-3.30220038401,-147137052.265
#linelength,-3.30084866692,-0.99106061913
mr.,-3.28576811576,-5725273.46776
brave,-3.2350579934,-36799427.5865
loveliness,-3.22983023581,-320153479.619
lines,-3.20899320389,-78887048.3947
blight,-3.20145807062,-756210288.966
thirst,-3.19592285008,-736549573.642
soon,-3.19403426845,-31196721.0894
this,-3.17416739583,-1512100.15542
fairy,-3.15455446759,-44107169.6879
lap,-3.14708714772,-1199358899.98
seldom,-3.13645035405,-761544881.286
plant,-3.09755180501,-1186447514.76
'er,-3.07506398378,-2624161.11163
steal,-3.06553789613,-531250353.165
yea,-3.02122359713,-78747437.2994
big,-3.01477627435,-162398130.273
wing,-3.01027234968,-111770794.113
sealed,-3.01001954576,-1198451892.92
formed,-3.00965931986,-470754088.714
grasp,-3.00570517509,-624054381.336
meeting,-3.00450059153,-569104186.63
've,-3.0009594123,-13143724.4109
linger,-2.99774845177,-272221528.931
threw,-2.99258853506,-427707469.108
gleaming,-2.991090672,-444814123.866
board,-2.97468937252,-569968172.196
*,-2.95663326796,-7989997.15097
view,-2.95654756779,-62766445.9961
hail,-2.95513588135,-103405851.594
noble,-2.95269826116,-82750061.8107
our,-2.91634984075,-720016.748717
nation,-2.91486988624,-52555615.8286
barren,-2.90512032707,-435001535.912
stricken,-2.89673028743,-579991412.527
danger,-2.88266901712,-457427670.832
nest,-2.87344685538,-186403699.048
parting,-2.86139453897,-357123773.315
dews,-2.86129555687,-509960996.698
moments,-2.84262681514,-276912208.322
united,-2.83327754169,-390365788.622
straight,-2.82175684448,-225677388.215
lack,-2.81518499464,-909646481.544
thus,-2.81426098502,-11073202.5496
top,-2.81357288803,-265333892.328
'm,-2.80248592497,-24690247.3825
thyself,-2.78151424005,-256768891.763
youthful,-2.76960675241,-220606531.998
reign,-2.76123537897,-170122600.508
prize,-2.75464653573,-321069371.266
cradle,-2.75082188485,-391187021.782
sins,-2.75039546038,-469709692.136
friends,-2.7484630502,-35930316.7195
search,-2.74833588632,-402883292.899
husband,-2.74688238072,-119980443.307
ear,-2.74685053066,-90275094.1715
flow,-2.73035923055,-37051941.9919
sacred,-2.72523196559,-55806410.8698
fill,-2.70120332903,-101277342.335
woke,-2.69067714627,-648984426.073
bold,-2.68668958122,-92951848.27
lustre,-2.67409478994,-275302478.316
mad,-2.67349549093,-127868442.949
wand,-2.67275248151,-551453327.675
appeared,-2.64917098775,-160129417.87
rays,-2.61784419068,-202546039.23
northeast,-2.61491295452,-37875421.626
pleasures,-2.60501415906,-402792425.825
sway,-2.59173061796,-242460877.921
shock,-2.59094943639,-644582648.142
;,-2.58856500452,-90273.1955951
maiden,-2.58587921081,-55682839.2669
sin,-2.55493700622,-33484805.1306
fondly,-2.55119590234,-314485485.058
firm,-2.54835037086,-145609167.759
appear,-2.54441122302,-174317018.396
nearer,-2.53988585436,-311088576.733
notes,-2.53743401422,-96420384.2113
daughters,-2.53586783519,-753156045.715
gem,-2.53464480422,-321367133.408
hundred,-2.53240853704,-142638280.28
sunlight,-2.52545694118,-138681907.002
lord,-2.52298621545,-4536044.80394
suddenly,-2.51654526823,-126846109.446
tell,-2.50208333336,-12040684.5686
river,-2.50121779271,-17455538.4234
lowly,-2.49766272761,-349595366.662
true,-2.48179092173,-12450869.8649
fly,-2.47660643064,-46165759.5589
radiant,-2.47651756607,-128839903.983
lyre,-2.47603242286,-260408001.525
bow,-2.47012158447,-31628304.3236
became,-2.46215021161,-211676320.026
learned,-2.45951092568,-218505853.499
christ,-2.45857370971,-11347796.2272
ray,-2.45570494063,-73046933.37
faith,-2.44962377358,-20085912.3971
wrought,-2.44737438303,-96887948.0782
plan,-2.44699834461,-146187093.617
there,-2.44663999367,-1652570.25534
list,-2.44369249929,-326974752.212
cross,-2.44288478836,-36777563.2045
equal,-2.44033450839,-253944780.975
brighter,-2.43585678695,-284041851.423
saviour,-2.43522583915,-35358462.0542
sky,-2.43519731887,-14635580.5018
nought,-2.43240330138,-67680331.294
lovers,-2.4318607899,-171681103.808
virtue,-2.42284376057,-48035631.1645
away,-2.41195124527,-5974274.13403
curious,-2.40454625535,-208952225.553
mingle,-2.39317899774,-960472259.114
meadows,-2.39023997936,-251734973.996
restless,-2.38856750769,-313397272.166
gold,-2.38575564787,-11059827.7474
daughter,-2.36351390375,-97556453.7114
to,-2.36188403432,-70455.2831827
rage,-2.36125620429,-356013749.728
join,-2.3605482985,-188103136.754
deeds,-2.35805997559,-107882419.669
aye,-2.35764757337,-62519976.7139
years,-2.35490334909,-10672199.9663
ever,-2.33861475318,-10330686.0489
courage,-2.33530686416,-197853181.633
purpose,-2.32382484838,-166053736.68
waters,-2.3186895576,-37817834.3223
echo,-2.31535600474,-171239773.745
sing,-2.3153441145,-16588490.4611
glee,-2.30761009181,-341556209.778
timid,-2.30092253433,-808930465.132
loving,-2.30058006567,-45772672.4105
failed,-2.29978419612,-421166647.914
climb,-2.29950991955,-312582636.534
language,-2.29642852633,-164059874.601
ears,-2.28980091413,-199255518.057
early,-2.28395351624,-53671796.6996
as,-2.27726432851,-613856.824219
th,-2.27622479191,-20350284.0473
waves,-2.27162453018,-32402792.6699
struggle,-2.26346333323,-438475189.721
an,-2.26038092038,-4565902.9415
sadness,-2.2582757301,-201551755.217
joyful,-2.25078899324,-436247303.159
has,-2.24990918185,-2987863.6364
walking,-2.23129127605,-407076582.247
l,-2.23120304085,-39898305.4172
greet,-2.23096495172,-71461510.9198
rare,-2.23057031898,-66469096.8197
dwell,-2.23031333362,-92369346.5778
himself,-2.22726434077,-25217119.1725
memories,-2.22357312924,-139473660.085
surprise,-2.22143016943,-236974887.357
bleak,-2.21922841807,-659400298.987
soldier,-2.21146901561,-43645694.2379
revealed,-2.20690873572,-256372009.173
brook,-2.19813115956,-157626887.538
choir,-2.19660571284,-596270973.829
evening,-2.19556720816,-27639696.7125
chair,-2.19353980949,-72996393.4362
chief,-2.18984116225,-80980453.5348
throw,-2.17541270402,-486056474.454
winding,-2.17459055883,-382238156.534
corpse,-2.17142960153,-715014474.204
claims,-2.17076427491,-608823355.436
caress,-2.16712548075,-487775800.826
marks,-2.16342149545,-564002989.68
distance,-2.16286632984,-275988312.151
miles,-2.1605792007,-228672198.954
note,-2.1570456723,-50189360.5186
greater,-2.15147546481,-188870917.219
twas,-2.15052372202,-60108108.7875
miss,-2.14778465506,-26992577.7316
bell,-2.13814877064,-48088733.8154
icy,-2.13106618301,-434761845.339
lesson,-2.12975769501,-341625191.003
little,-2.12493121818,-1755080.71275
believe,-2.10584108428,-34413221.6709
year,-2.10203365969,-5257998.63783
cheer,-2.09968035433,-59533684.7289
could,-2.0953418959,-5748839.71974
gloomy,-2.09156584299,-261051878.978
flight,-2.07826245721,-85616742.218
higher,-2.07380154266,-71974394.9766
guide,-2.07326849867,-141453417.944
whisper,-2.07322358285,-155905772.451
vow,-2.07027918482,-376569809.496
sting,-2.06069048431,-679917457.986
precious,-2.05017985207,-68030092.9735
toss,-2.04517435288,-810785887.465
warrior,-2.04346476404,-171580481.912
onward,-2.03887459561,-127810754.327
tresses,-2.03615701587,-560371549.69
slaves,-2.03536555701,-188231834.473
stray,-2.03326499429,-387947445.579
creep,-2.02593166613,-457987865.207
teeth,-2.02395763362,-412742401.054
covered,-2.02021218735,-358579956.611
common,-2.01705826833,-124384465.441
brand,-2.00754433017,-874498184.46
banks,-2.00181003567,-297807772.298
stop,-1.99588096821,-256776947.266
grace,-1.99269120387,-18383256.7244
beasts,-1.98998225188,-644102578.881
whispers,-1.98614569835,-518185039.385
clasp,-1.98296120426,-279314613.054
scene,-1.98262536396,-39050075.8435
healing,-1.97681897261,-620985214.06
stain,-1.97648502885,-321799305.234
gates,-1.97619388105,-122552710.451
slept,-1.97503562978,-178190756.764
visit,-1.95961165557,-35782390.672
nigh,-1.95882651085,-113009790.933
incense,-1.95658631768,-335922167.423
baby,-1.95586927881,-35046259.6177
wandered,-1.95002981825,-144754200.454
led,-1.94963260742,-66986071.8614
base,-1.94916503168,-288248216.318
shed,-1.94748090284,-91725574.8666
dreary,-1.94589126503,-246838274.709
mysterious,-1.94339610848,-325974713.928
'neath,-1.935757299,-52989124.6443
crew,-1.93442230616,-237760847.909
tried,-1.92851934643,-172948635.185
kiss,-1.92642889243,-22332194.8266
feet,-1.92162178347,-9957536.05206
burns,-1.91807726091,-280130144.316
mysteries,-1.91750407998,-484798688.783
gazing,-1.91682842476,-233558008.345
awoke,-1.91592888835,-821346561.332
glory,-1.91480479135,-13209602.6147
order,-1.91311503837,-97796829.6989
■,-1.90740942538,-24357381.8859
anguish,-1.90648779549,-163802573.361
terror,-1.90540855378,-198658547.944
midst,-1.90428417905,-139311829.914
castle,-1.90131657813,-108992017.476
ecstasy,-1.90116178725,-273503993.918
brilliant,-1.89357039994,-343176937.078
magic,-1.89333973193,-79042042.0167
flee,-1.89189100995,-334675374.259
sweetest,-1.89043054958,-154619200.926
teach,-1.89005316098,-140282419.051
],-1.88964118645,-4427631.11594
former,-1.88868681709,-222630607.656
leads,-1.88765673979,-159691050.296
state,-1.8851796883,-29601326.7523
pours,-1.88490805378,-495925983.251
throne,-1.88423217977,-40423869.5086
breezes,-1.88362943266,-244400600.599
torn,-1.8819662013,-58757002.4021
new,-1.87764481935,-3367577.94632
fairer,-1.87670338761,-342339675.654
laurel,-1.86984418166,-284926316.863
lips,-1.86603812024,-14375260.9071
source,-1.86237853228,-295277560.279
broken,-1.86226217085,-60940791.9378
mothers,-1.86088735596,-517212415.335
dash,-1.85917725851,-526348741.574
roam,-1.85916321207,-179503162.181
general,-1.85761789584,-56300335.2772
busy,-1.85474387598,-288703425.031
purest,-1.85463701231,-142015112.633
either,-1.84921339656,-183019202.289
orb,-1.84074195684,-514830673.601
prey,-1.83950306453,-375504768.391
later,-1.83663814557,-481260069.882
filled,-1.8324262409,-79938886.1359
weeds,-1.83154009948,-402378814.721
begun,-1.82854470701,-325853734.615
mourn,-1.82550652433,-160665384.361
rejoice,-1.82284333383,-192954497.207
gleam,-1.82189405942,-101434523.922
home,-1.81583480443,-3756027.1422
o,-1.81184425507,-817385.035582
anew,-1.81140240606,-310541590.082
style,-1.80413789872,-161256359.801
intent,-1.80255914174,-214664919.95
drank,-1.80081526729,-230746147.304
hymn,-1.79981832205,-117392614.853
banners,-1.79952958565,-197705312.079
times,-1.79390387926,-48476317.3206
fragrance,-1.78961657285,-191098437.997
lane,-1.78864560369,-149348225.398
angels,-1.78810205024,-28837609.5327
sparkling,-1.78628084622,-216979758.686
sweeter,-1.78623151061,-255066626.923
'en,-1.78497215027,-66295059.2901
're,-1.78330161366,-11534747.6436
pray,-1.78053850759,-22554645.2465
humble,-1.77931428046,-144310963.027
remembered,-1.77198372205,-428560241.067
seen,-1.76947764976,-13524413.5175
quiver,-1.76778343476,-55411855.3279
charge,-1.76354509179,-301527937.198
birds,-1.76075060529,-15006084.0642
of,-1.75939535717,-25972.402586
following,-1.7552537548,-35629615.7437
office,-1.75307420604,-290170933.672
chorus,-1.75169886577,-9761125.9652
clime,-1.74827750996,-212548033.371
gems,-1.74787003778,-206039879.21
race,-1.74547958753,-43178926.7088
appears,-1.74083569207,-215738762.364
farewell,-1.73649240867,-57638467.3825
eager,-1.73584026086,-116997161.399
tiny,-1.72403635221,-188976770.997
purity,-1.72304479607,-342777158.869
rules,-1.72292429514,-269880950.542
form,-1.72130871436,-13975518.529
fish,-1.72120273353,-20893055.6336
twelve,-1.72110733428,-133322383.174
often,-1.71807496041,-17629124.2045
blossoms,-1.71017491375,-81966838.3008
rosy,-1.70414502903,-96920104.1938
deeply,-1.70117929282,-373164696.232
thank,-1.68929370179,-113114399.081
balm,-1.68878233616,-277687835.978
wont,-1.68644060272,-476364318.027
become,-1.68409077223,-138250515.755
boon,-1.68349249635,-356999529.809
without,-1.67961023723,-18588549.1776
increase,-1.67625806963,-562402076.284
senses,-1.67366430007,-394574863.697
liberty,-1.67263381376,-43933962.8512
coming,-1.67222476482,-48392292.7765
again,-1.67217272674,-4278748.21102
honest,-1.66741214826,-71413234.8699
hearing,-1.66719744977,-72800331.0485
'',-1.66077223198,-9732411.93983
dusky,-1.66016234973,-205317485.857
wealth,-1.65877057704,-29489207.6881
endless,-1.65571034788,-123469300.598
breaking,-1.65533689037,-273944089.96
strings,-1.65448779995,-49295522.2143
instead,-1.65314030526,-38305978.0679
banner,-1.65048294994,-118937585.663
distant,-1.64792804829,-60739419.3753
christian,-1.64709353078,-55910484.4058
changing,-1.64658415475,-200121796.674
leaving,-1.64542225472,-256358165.863
band,-1.64490261071,-41849785.4828
played,-1.6398770262,-101472685.722
mock,-1.63845770374,-376493543.376
pillow,-1.6383171894,-294308102.455
echoing,-1.63721287816,-392674467.041
upward,-1.63608197808,-149487982.567
sends,-1.63528579595,-425667438.652
brain,-1.63513460716,-74026314.8292
startled,-1.63308255778,-336702982.193
pictures,-1.63265600029,-322959264.965
void,-1.63232405054,-277526621.071
sunbeams,-1.63057836672,-258476592.049
morning,-1.62631535339,-5794262.58736
dome,-1.6253196625,-197836932.268
real,-1.62290407483,-137829098.052
blushing,-1.62116677509,-305273802.636
liquid,-1.61568992335,-396859421.758
bind,-1.60688574618,-262884155.886
comes,-1.59895835289,-20104455.8831
never,-1.5964252772,-2513882.39622
weave,-1.59564941688,-184029291.601
anon,-1.59250628989,-296732936.588
weather,-1.58623593585,-116374432.887
hills,-1.58502618835,-16943310.6001
supreme,-1.58405620642,-248758693.513
weeping,-1.58346591841,-122525380.822
great,-1.58175388275,-3839346.76698
#arabicnumeral,-1.58122503746,-71616.2699019
noise,-1.57984247884,-321216322.04
towards,-1.57717934006,-73762757.0808
live,-1.57618288962,-19685856.0205
lives,-1.57302961428,-48950278.4595
hold,-1.57209067081,-9249601.65756
peace,-1.56910917195,-11110890.4249
friendship,-1.56711477015,-135362820.561
&,-1.56567914668,-39410348.609
its,-1.56514397753,-613871.152394
tomb,-1.56467792456,-31685773.4818
glowing,-1.56392530674,-111871262.338
right,-1.5616413553,-14435639.505
familiar,-1.56058276716,-307415772.956
can,-1.55773707246,-3159692.60549
crystal,-1.54595430895,-174958660.644
cherished,-1.54303712475,-234579757.024
till,-1.52939899299,-6357572.66852
palace,-1.52861527993,-51042405.9647
stroke,-1.52743079707,-281102274.272
mighty,-1.52730420021,-22225730.4321
wonderful,-1.52521799857,-139745732.651
aid,-1.5222401017,-82508463.7905
e'en,-1.52056572355,-142967391.951
along,-1.51781112107,-15610723.0476
realm,-1.51750598487,-178761799.389
vanish,-1.51723213993,-306377690.085
victory,-1.51344714595,-89135990.8745
harp,-1.51341908087,-74544812.7157
showed,-1.51332861492,-185449763.85
will,-1.51296136422,-712794.567944
paid,-1.50826865137,-57988306.5729
gained,-1.50717884306,-283805959.727
fellow,-1.50650118809,-56480414.1408
treasures,-1.50592590357,-74888410.2622
ourselves,-1.50280334006,-256462986.342
almost,-1.5002420079,-54027588.794
nay,-1.49624617636,-32865776.7128
western,-1.49327805409,-216757874.549
kindly,-1.49291617232,-179535978.546
dreamy,-1.4926901936,-312476216.887
empire,-1.48800127381,-252016047.183
#sentencelength,-1.48688575132,-0.0356468723419
vale,-1.48626210571,-64485267.6558
ago,-1.48390325523,-10763918.4137
embrace,-1.48314851609,-117774653.306
run,-1.48005232356,-27841835.8744
passing,-1.4747481988,-77607289.1245
prayer,-1.47248806778,-18274685.352
safe,-1.4723414434,-109910040.844
every,-1.47070249879,-5116759.64579
midnight,-1.47059945693,-61294294.4109
m,-1.46991792198,-16070141.1477
suffer,-1.46708225288,-344752835.432
homes,-1.46532701779,-247042952.979
build,-1.46467134454,-172845944.017
speed,-1.46350432469,-101412170.031
roar,-1.4622577845,-112027125.991
nameless,-1.46157377363,-588498276.771
g,-1.45905686134,-58774217.5945
dost,-1.45842364273,-39612100.915
rent,-1.45818540369,-319698516.143
returning,-1.45722587493,-218664590.262
possessed,-1.45465143589,-749991366.372
ring,-1.4541799223,-16830966.8435
thrills,-1.45172570953,-285364538.581
drowsy,-1.4508529372,-293160626.363
blue,-1.44741624809,-9787480.61992
fires,-1.44421695345,-50274446.7603
shone,-1.44349290791,-79158500.985
grant,-1.44306098586,-85165726.8303
took,-1.44283587929,-16765238.4609
met,-1.43718628877,-24376660.4653
alike,-1.43245888075,-157556302.949
harvest,-1.43032531468,-76703312.5554
greeting,-1.4301472734,-386140233.697
both,-1.42604603985,-20675486.9152
shout,-1.42585103388,-138936222.523
welcome,-1.42261689044,-13975195.1671
heavens,-1.42024346267,-68304678.4009
native,-1.42008790825,-72833352.9081
sighed,-1.4183683549,-375317499.772
within,-1.40834509829,-6461439.606
worthy,-1.40474103354,-51701379.6398
laughter,-1.40399777245,-35757592.5512
is,-1.40154716031,-204873.384351
peaceful,-1.40133357585,-139253533.43
realms,-1.39726272972,-128635540.316
public,-1.39722061865,-57364943.2269
frail,-1.39635143728,-232824731.64
serpent,-1.39225043046,-229588281.118
pathway,-1.39170426588,-219598989.211
stranger,-1.38908714127,-48340626.0837
rang,-1.38709395649,-235205698.586
heed,-1.38689960653,-43226096.2481
fall,-1.38381098944,-15985297.0815
unconscious,-1.37920746605,-486974997.694
pearl,-1.37537836812,-191086134.824
church,-1.37460662738,-24309132.6305
violets,-1.37422872851,-94749554.6886
whispered,-1.3729399987,-108315590.789
mind,-1.37196343854,-7488288.0966
full,-1.3653833972,-11310190.3512
spirit,-1.36453181886,-5295058.87057
reigns,-1.36303608688,-341725949.813
swear,-1.36127445108,-31578204.7907
gale,-1.36004578844,-191151768.05
room,-1.35809893691,-30664780.9256
drops,-1.35748149147,-104551490.929
strand,-1.35657497818,-15998403.9261
story,-1.35638423704,-19417716.6221
hence,-1.35304109088,-39713369.7717
went,-1.34959156966,-11892269.9705
fearful,-1.3401017146,-80579451.6002
ocean,-1.33087284277,-11412940.3612
fever,-1.33027000141,-382571861.786
root,-1.32640784004,-335376219.341
fold,-1.32537297276,-103423116.313
tune,-1.32226348737,-50461823.0592
ice,-1.32224091964,-37087588.0188
garments,-1.32200195202,-342676958.369
trod,-1.32144773568,-146863335.475
melted,-1.32129716288,-564771857.326
tears,-1.3204755166,-6510285.11952
foes,-1.3202517351,-74269397.469
steep,-1.31995647442,-150921397.099
tumult,-1.31676202051,-427365103.585
robe,-1.31646506972,-216672481.809
pluck,-1.31342008734,-311033316.548
late,-1.31143642424,-48299509.3834
duty,-1.30969357867,-44636405.1233
steals,-1.30932045169,-446218648.292
unfold,-1.30081820697,-262555643.815
proclaim,-1.29979558812,-298065577.902
snow,-1.2994248162,-11823149.2571
#dayoftheweek,-1.29627166553,-101285644.898
kind,-1.29241198006,-10980369.0924
creation,-1.29229655773,-65889218.834
gazed,-1.28965326721,-103514365.041
indian,-1.2891399268,-62184433.0868
kingdom,-1.28569445448,-248011861.665
opens,-1.28344326803,-662046139.478
play,-1.28243513283,-10694665.7355
was,-1.27751616502,-207832.84378
fling,-1.27698389538,-268409886.034
aching,-1.27515119567,-331536257.576
glen,-1.27421744386,-160120106.186
want,-1.27337733989,-58794123.6617
land,-1.26900233023,-5973484.77918
waving,-1.26821941448,-192815862.617
sisters,-1.26759076662,-213471662.216
longer,-1.26621890203,-45120836.0202
city,-1.2641754629,-13657090.1909
doubts,-1.26107706015,-492281276.724
balmy,-1.26054902978,-175788555.569
line,-1.25902238658,-25825559.3252
waiting,-1.25774924837,-45954084.7358
receive,-1.25729006894,-111624865.242
another,-1.25717863574,-7636759.95403
their,-1.25262952278,-406674.064004
o'er,-1.25089765169,-27899506.0087
daily,-1.24887452116,-46780569.0585
ceased,-1.24310748568,-144423297.826
east,-1.24204407258,-63705441.0029
tall,-1.23602179761,-56332070.8999
sets,-1.23329665451,-430575828.005
shine,-1.23313631784,-12909643.69
understand,-1.23204031055,-33841260.6552
glad,-1.22927484585,-20853499.7211
dawning,-1.22771268558,-260591352.924
follow,-1.2273968697,-42118689.6698
worship,-1.22722891184,-70526038.6611
no,-1.22629315373,-1103219.96869
scent,-1.22508535821,-197586653.271
r,-1.22464445319,-11860035.503
ladies,-1.21709977866,-37958719.8726
ways,-1.21325415368,-33691177.8635
signs,-1.21109797501,-554027002.23
strain,-1.21042599148,-80367746.0771
dewy,-1.20952850486,-158485704.939
lit,-1.20789202128,-29283679.9346
fight,-1.20463876968,-34777987.1239
mankind,-1.20207981476,-95466355.3292
closed,-1.20146853213,-140747137.46
gallant,-1.20028429086,-140431856.484
vile,-1.1990558526,-133509988.995
obey,-1.19716858838,-222815202.719
school,-1.19624222549,-8102274.35206
truly,-1.19519118166,-153928279.125
quiet,-1.19353310325,-28437500.3041
court,-1.19256264919,-54391677.262
retreat,-1.19064724791,-127542120.763
softly,-1.18715500005,-30744318.6448
bird,-1.18643625281,-11445063.4304
gracious,-1.185808054,-95026464.88
moonlight,-1.18395527241,-75677197.9537
stern,-1.18359825016,-82878220.447
behold,-1.18344701534,-30751410.4958
centre,-1.17780890866,-31244677.1643
won,-1.17711730018,-52724816.4113
bridal,-1.17698019917,-91357680.0733
way,-1.17684416207,-2348883.56795
judge,-1.17580074049,-159604211.89
did,-1.17578892397,-1669162.65951
asked,-1.17551854303,-77267045.3861
rivers,-1.17443892525,-140747044.334
bowers,-1.17168751722,-123569553.229
used,-1.16943802708,-17253056.7279
everlasting,-1.16491686467,-138698592.848
carried,-1.1631907355,-77409783.404
victor,-1.16315836857,-275332417.264
ye,-1.16094878053,-2020572.686
for,-1.15887683978,-307348.470718
open,-1.1585850856,-13612806.0842
glide,-1.15478933175,-168171000.036
them,-1.15318690308,-1157538.81402
the,-1.15311241163,-6675.86868417
instant,-1.15205434676,-227519010.978
^,-1.15167966371,-591487.114834
fraught,-1.1503852359,-268958836.014
-,-1.14841955504,-277808.354937
conscience,-1.14470684301,-153127714.578
know,-1.14346529572,-554140.469297
although,-1.14278983396,-27490019.7253
laughs,-1.14275504725,-198069940.716
by,-1.13994930628,-411975.630122
pool,-1.13194529359,-168480014.951
complete,-1.12629703654,-105250514.276
ceaseless,-1.12542393187,-284179847.742
drear,-1.12493672057,-198501277.518
's,-1.12178685429,-74901.9392177
theme,-1.12064932553,-36591172.332
flies,-1.12024786562,-143596994.258
built,-1.11666634309,-101817015.202
becomes,-1.11114354239,-420207228.485
stem,-1.11026742352,-272549119.657
boys,-1.10811550112,-24045828.5733
joyous,-1.10564328658,-94993686.2366
mystic,-1.10403351858,-56930499.3688
c,-1.10014533242,-1763094.43651
from,-1.0969194952,-419364.802076
depths,-1.09529870761,-84115022.484
strains,-1.09336533216,-62819365.6281
longing,-1.0919839051,-82337320.9929
bends,-1.09195244431,-330196215.252
tender,-1.09168521484,-9821613.42096
get,-1.09027727783,-7434555.69331
curse,-1.08930814014,-77186643.1474
paths,-1.08793129668,-134594886.936
eyed,-1.08584821332,-82507523.4403
day,-1.08453170924,-837520.293536
tree,-1.08308354327,-6663489.23744
laughing,-1.08045085165,-50525206.9893
few,-1.07987264799,-15712680.693
various,-1.07929040593,-163829367.644
keep,-1.07618256532,-16281469.8481
eden,-1.07567811736,-93285233.5354
meadow,-1.07512556171,-56112824.0179
rolls,-1.07288688331,-303290851.066
mist,-1.07036881169,-51639459.0292
fury,-1.0678573404,-266909284.955
stirs,-1.06721622043,-258559246.62
strife,-1.06496854057,-25521966.2719
hearts,-1.06496020418,-4867268.70929
accents,-1.06484058779,-84902037.875
yield,-1.06369483172,-67726851.6501
token,-1.05171352961,-125831856.52
rapture,-1.05138278659,-61633850.2979
god,-1.05106384717,-714334.178915
night,-1.04711979223,-1309822.71499
fades,-1.04682026782,-298182615.801
pure,-1.04521278447,-11505075.323
however,-1.04414439649,-23197069.7958
learn,-1.04384508879,-63134632.9587
hoped,-1.04367568233,-449761081.742
sons,-1.04340230721,-31144525.617
unless,-1.04259902116,-187802319.976
rule,-1.04243764045,-28569754.8251
risen,-1.04210132501,-26116683.6169
cease,-1.04177101493,-46643628.488
try,-1.04098708431,-19582995.2298
forgot,-1.04024089054,-69951277.4621
gladness,-1.03854746427,-81014323.1456
started,-1.03769853682,-74659464.6452
had,-1.03677623193,-582228.768155
turns,-1.03647105371,-107605952.811
perish,-1.03394319459,-205455818.411
poured,-1.03163021878,-185525427.411
promised,-1.03068511422,-184608055.419
frozen,-1.03019402584,-120483811.469
fatal,-1.03017017701,-135640086.062
time,-1.02539261565,-2328413.07709
soothe,-1.02459271801,-357911700.498
master,-1.02331473275,-17220352.4973
angel,-1.02277066152,-17410642.7148
fruits,-1.02218593214,-243887769.627
profound,-1.0208944748,-36021315.0654
b,-1.01952492624,-199616030.258
fain,-1.01850236328,-88585422.2443
melody,-1.0184853258,-65727316.21
began,-1.01712286024,-29672991.7522
setting,-1.01384057495,-309290508.539
pierced,-1.01303397862,-342270918.668
speaking,-1.00791879925,-218025576.487
working,-1.00621237445,-331893114.637
lays,-1.00510732384,-165957584.852
better,-1.00418544339,-11590598.6469
sold,-1.00303357454,-196368438.53
snows,-1.00000926722,-116711559.578
closing,-0.998317869595,-276764728.158
constant,-0.995537070878,-194218535.797
eye,-0.995179672888,-3920184.66322
telling,-0.994684288292,-236811383.481
hand,-0.994389667958,-3263230.35645
ride,-0.993932256392,-72994862.5692
country,-0.991243649073,-10878250.4942
returned,-0.990523381006,-10638362.1197
brink,-0.983693016722,-261817134.822
wail,-0.978860113627,-172339493.085
month,-0.978311066072,-8546151.42628
deck,-0.974838375762,-82189624.4317
cut,-0.97241132059,-30465899.3699
grim,-0.971513100622,-120564425.045
means,-0.97057693496,-38087757.3376
it,-0.970569840403,-142090.296433
envy,-0.969046239663,-244465334.936
blood,-0.968010606185,-6429082.64432
pine,-0.96267953404,-52281815.8517
marble,-0.959070678342,-76382701.8619
kindness,-0.958429308077,-212334376.151
pinions,-0.957613557146,-267818328.079
roll,-0.95481428753,-24667279.3175
thing,-0.952596881548,-10150860.6167
darling,-0.949478269332,-26824567.9056
holy,-0.948864525638,-3217720.28173
further,-0.948370070956,-185678951.287
eastern,-0.946893255693,-260338963.296
thrown,-0.94622918759,-26742748.8063
breaks,-0.945083272526,-129072419.977
win,-0.944113386322,-57794933.9154
bursting,-0.941310694667,-216906773.927
misty,-0.941278943834,-212106964.912
gently,-0.940099072736,-56412305.6032
itself,-0.938755190478,-42891569.7572
behind,-0.938295912355,-14394768.7901
clasped,-0.932028618014,-101534470.283
over,-0.931588963426,-3489480.6559
sought,-0.930622853439,-19433349.3856
fail,-0.928893443654,-88514695.834
whatever,-0.926279883588,-93147459.1306
giant,-0.922434159055,-89998308.8723
press,-0.922363861949,-34230930.127
foot,-0.921407243397,-27048671.1088
strong,-0.919143945949,-7925978.27094
golden,-0.916634327196,-4357545.26416
like,-0.913320625372,-557681.308737
cherish,-0.912554163828,-226913351.125
trust,-0.912481146809,-13487812.0345
shore,-0.904099298677,-11719725.0456
clinging,-0.900446126529,-287875372.824
number,-0.895707067707,-119136687.957
resting,-0.886847040841,-126059805.719
listening,-0.885011957502,-163437266.396
anger,-0.881895184456,-229166577.553
clothes,-0.881223775259,-200967174.688
spare,-0.878911673455,-99947741.4742
bowed,-0.878397838554,-96547959.8775
pulses,-0.878056727606,-227039972.86
thrilling,-0.877346393239,-165757367.341
aside,-0.87579870203,-97816672.6017
feeling,-0.873870246344,-41321866.2992
my,-0.87376955231,-55250.6572405
moral,-0.870853373148,-11680892.5678
sphere,-0.86937333552,-94904529.6131
path,-0.868818883789,-20159098.1145
deepest,-0.866429856231,-207580955.66
«,-0.864648891005,-25193364.4938
laden,-0.861810735214,-205837652.195
start,-0.861688086311,-121558710.767
next,-0.859901653506,-15121851.3123
loves,-0.859071634441,-21473848.1096
wheels,-0.85823322773,-29332612.6427
reason,-0.856730239641,-15738168.8924
drink,-0.856008153535,-32308032.5339
horse,-0.855833893432,-26334586.1987
heights,-0.854819793619,-66217035.4111
shores,-0.854264363069,-99645400.0497
pulse,-0.851577088143,-181346438.853
mar,-0.85080012551,-30137608.1711
loss,-0.847807629404,-46604934.1506
thy,-0.84424287996,-139641.545147
prove,-0.84378689483,-52306643.6376
now,-0.842686652684,-853735.215431
latest,-0.840497035536,-301372353.955
destroy,-0.840094259203,-212258337.275
eternal,-0.838468102777,-12587470.4931
grain,-0.836670372962,-91178533.8259
grandeur,-0.835982255536,-116940657.926
grew,-0.835579062032,-10438241.4785
sings,-0.835075041235,-37083029.9167
takes,-0.832753368315,-104322528.26
since,-0.831027967311,-7635381.46204
forgotten,-0.826818092195,-83396060.1404
valleys,-0.825345023048,-142179012.126
harmony,-0.822110853073,-95248019.7222
bears,-0.821527337571,-136368867.67
silver,-0.816476296738,-9346376.81832
lofty,-0.816327378732,-30122273.3079
old,-0.816023254922,-303380.041656
celestial,-0.815057516229,-59721116.293
received,-0.811220568303,-42773293.5875
sweet,-0.809356261741,-780604.516103
mere,-0.806549042155,-51378644.2914
muse,-0.8062341479,-36387677.8799
very,-0.805612680204,-1847619.6561
sleeping,-0.802701576661,-68483782.9944
repose,-0.801782930886,-56759284.0684
#monthoftheyear,-0.800336180907,-380534.118962
temple,-0.796395742573,-41227349.9296
page,-0.795975296429,-9888015.48803
closely,-0.793524011124,-221717549.548
tenderly,-0.793272974769,-221495391.531
strikes,-0.79166632203,-423436380.873
hide,-0.789624459459,-61450046.5728
hall,-0.786874471562,-17635783.7298
dove,-0.786098698055,-50009087.216
innocence,-0.783089692779,-209565807.345
majesty,-0.782681349014,-2446083.4933
murmur,-0.779844634817,-27184108.4168
mountains,-0.77610208031,-24185126.8642
record,-0.774731395036,-226731280.352
joys,-0.774555941409,-18341627.8727
gather,-0.772432493382,-50713014.2064
eve,-0.770597613949,-21811254.6017
tenderness,-0.768053205997,-106459170.32
chase,-0.76747491303,-139192539.002
find,-0.766497302477,-6011256.58832
woven,-0.760871133984,-161143890.741
game,-0.758745464332,-14274474.9055
hero,-0.756390619655,-20306260.4479
crowns,-0.754569136069,-208373648.41
bells,-0.749000158284,-7874803.64097
all,-0.748889934403,-228979.701068
northern,-0.7488557749,-67863331.2239
picture,-0.747782494566,-20431532.2213
about,-0.74738730004,-3408821.21561
winds,-0.746195217408,-9425861.20647
centuries,-0.743167547139,-140237017.339
sands,-0.740064892077,-87039132.5858
hell,-0.739748372589,-16716103.9933
calmly,-0.739349622487,-185158523.817
c.,-0.738862257471,-57858421.8567
woodland,-0.737594201353,-58306183.9464
drift,-0.736362408957,-179924136.887
wash,-0.729637454389,-259632325.432
wreck,-0.729457122631,-150249848.584
waking,-0.727727979078,-105645329.381
drive,-0.727503146062,-140574388.679
ones,-0.726995789277,-21813225.6434
southern,-0.726380071437,-32726425.9941
cruel,-0.725822167138,-38139335.8918
made,-0.724931545138,-1974775.97903
rights,-0.724808784461,-80333432.1519
according,-0.72046173507,-158344473.878
soft,-0.720086905974,-5959275.03447
wood,-0.716638973584,-5466603.92063
lend,-0.716134222163,-190402368.758
bar,-0.714893604568,-86154500.4596
upon,-0.713154322327,-443929.48997
vision,-0.713068838272,-14376401.0918
speaks,-0.710068263022,-96838199.2423
ancient,-0.709692014257,-14133412.3061
deeper,-0.709596690797,-98684078.137
doth,-0.708572930474,-3653140.78323
father,-0.708316287986,-2203262.05673
rests,-0.706671326343,-100972148.225
ardent,-0.699877253307,-160787795.886
fleet,-0.698789082505,-10344805.8785
pearls,-0.698184575214,-5093345.00663
fragrant,-0.696434075339,-41299804.4027
bliss,-0.696129501921,-11980008.5973
force,-0.695712776499,-48750206.2324
blush,-0.695154350898,-96288300.4029
song,-0.693788258079,-1386106.62561
walked,-0.692736752802,-32583192.3068
lion,-0.692248578439,-51712078.0989
work,-0.690718191414,-5656366.73392
feeble,-0.688872908766,-61888000.0262
rank,-0.688868666667,-80574891.5025
wings,-0.687906233038,-6034050.28129
forever,-0.687747288423,-7105574.66167
beams,-0.686144772416,-38143192.66
delight,-0.685206238153,-6712109.07778
spell,-0.684145295849,-35652440.5044
songs,-0.683607415613,-13124982.8355
iron,-0.683028324526,-37167541.9445
should,-0.678263796953,-857935.549238
royal,-0.67382290225,-26803620.4746
would,-0.671863343044,-595008.24613
woods,-0.671488098182,-15969225.9785
only,-0.667396826138,-2483169.58035
sigh,-0.666613560391,-19639256.2639
floats,-0.665785016268,-155097959.662
beautiful,-0.665523862384,-8236680.43131
lo!,-0.663238250858,-64578214.4334
abide,-0.662923036266,-157240292.405
moon,-0.66244990868,-3875851.56336
faithful,-0.658165810556,-28582791.0066
given,-0.656815101174,-16657097.0725
steady,-0.655273246404,-163273717.596
amid,-0.653630354876,-11985414.2034
letter,-0.652581417409,-42815382.6259
on,-0.646198944455,-273324.661849
dearer,-0.645825856555,-225482332.034
girl,-0.645666705927,-488611.996441
forms,-0.644676749512,-24070885.5732
splendour,-0.644352415804,-24391447.7873
glories,-0.64423825825,-102899123.718
health,-0.644162474606,-50484878.4286
cool,-0.64280424315,-10960358.6192
wander,-0.642078746366,-66730996.6902
stained,-0.637848990368,-137661282.63
told,-0.637800509566,-13670990.6706
grand,-0.636076193071,-8419283.26914
funeral,-0.635189762479,-159221528.58
kisses,-0.635111146412,-80209129.2605
",",-0.634863661845,-2369.06660731
his,-0.633573183602,-59277.7057528
gathered,-0.633487747187,-49274391.1608
shines,-0.632702242943,-62013527.5443
that,-0.631508240512,-73010.7498862
abode,-0.628100724793,-48648820.2409
beating,-0.625648704935,-148296867.474
growing,-0.622241126033,-42984170.4601
scenes,-0.619599484672,-14669929.6814
laid,-0.61735241683,-19791868.6296
secure,-0.615444154391,-16206936.221
forget,-0.615185078783,-9292113.67797
pall,-0.614286049735,-24240465.6038
float,-0.61303915706,-99483181.2418
beats,-0.611351122563,-65729896.1881
into,-0.610900737553,-1429905.92574
shield,-0.608380477251,-46980432.3943
blade,-0.608335610374,-54912685.5585
light,-0.606900663746,-921437.395367
hosts,-0.606543068135,-64565619.8517
changes,-0.602346292305,-161774524.272
bower,-0.601916661878,-47403615.8758
lamps,-0.600169085956,-136457300.333
six,-0.597899004298,-6148029.97536
dropped,-0.597679158215,-73862940.9652
charity,-0.597117552516,-15748857.0489
each,-0.596776183605,-1170153.03859
ruddy,-0.595481610293,-209588454.23
beauteous,-0.593144183721,-57509034.366
village,-0.593082503218,-41548581.5246
got,-0.592488729868,-6718949.77052
weary,-0.592192914239,-8132471.28134
held,-0.590429004892,-15981751.0297
horizon,-0.589939906744,-128805916.336
figure,-0.588123167482,-93004656.5031
ours,-0.587350175584,-31168004.2715
tempest,-0.585438092931,-38567368.2305
crushed,-0.583228114907,-20394281.756
azure,-0.583128244666,-70863088.4034
or,-0.580036398699,-238591.662514
height,-0.577730384137,-27444467.9445
flying,-0.576429196685,-49354237.7081
tossed,-0.575590542507,-19441998.9821
heads,-0.575049154921,-77415114.4588
friendly,-0.57473696422,-68866969.982
arch,-0.571753770349,-111386684.466
length,-0.571136879728,-25175892.4529
treasure,-0.570842001639,-9028765.82333
stole,-0.567952271462,-95349102.3082
heavenly,-0.565290132053,-2396534.31319
skies,-0.56358713704,-4348323.02873
those,-0.561880918194,-1139915.59604
quivering,-0.559934286077,-136187651.902
word,-0.557907597178,-5173309.89748
store,-0.556381457936,-63488613.7285
ca,-0.55524284438,-13584909.7087
throughout,-0.551412156538,-80346325.7787
dreaming,-0.546976224462,-4870832.82942
lead,-0.544674589247,-28501363.9454
sadly,-0.543943874362,-84876942.4339
just,-0.543522886978,-915893.057511
hopes,-0.54251099408,-3198508.42708
#typetoken,-0.542440514278,-472.942836488
in,-0.541038313573,-16487.4576153
fair,-0.540821778545,-1457471.67326
nations,-0.538589795144,-22951037.0149
•,-0.538205532315,-1711257.62768
lent,-0.533460976871,-216775485.094
cannot,-0.533179509099,-7445443.76569
watching,-0.530784537471,-77293170.092
let,-0.528866244735,-628802.170714
heat,-0.527958402435,-53299480.7246
window,-0.526268566537,-19222773.7838
bore,-0.52449999184,-24369897.2347
thrill,-0.522095308449,-27170767.2006
months,-0.520460454777,-50929526.5255
followed,-0.518885868545,-31597723.8154
reply,-0.517699905751,-128093934.928
courts,-0.516773205304,-229250067.747
triumph,-0.516338645782,-36020549.5658
news,-0.515216634808,-19986752.0471
patience,-0.511970631932,-49067284.3823
forgive,-0.509508492345,-45959414.2069
haunts,-0.508540780965,-129111367.613
deadly,-0.505314572849,-113330499.905
mantle,-0.504927402313,-123746386.561
sighing,-0.504389674746,-83816387.4818
sent,-0.50426320055,-15381662.76
perfume,-0.501211995519,-56484096.4031
here,-0.500257108627,-785304.585758
fingers,-0.497286249747,-8812465.86014
thought,-0.496559986674,-2331705.71154
blooming,-0.495688504154,-82858042.8882
moves,-0.494415936454,-120974114.692
string,-0.493924379012,-140330585.733
science,-0.493340306856,-24468969.7413
forward,-0.492899145566,-56231607.7796
power,-0.49213636664,-2724062.09921
sweep,-0.490543588605,-27840979.6491
birth,-0.489517328807,-15991673.6568
after,-0.489388390579,-2870929.12827
cell,-0.488879969349,-106920972.261
soul,-0.488167205126,-622578.071888
lake,-0.484421050515,-3901088.94115
flaming,-0.483437335147,-77887217.8133
come,-0.482351645143,-402460.16993
secret,-0.481967195877,-12797377.2823
crave,-0.481322086207,-173000145.283
mists,-0.481008600224,-73271582.886
rising,-0.480418582335,-40922062.9412
blessed,-0.477509829704,-5389421.94844
wounded,-0.475467064254,-59392319.9272
suffering,-0.472709587655,-51848169.8616
boast,-0.472153787504,-8854151.73332
sail,-0.468120315509,-17333308.4741
pilgrim,-0.465577634978,-25625881.2813
desolate,-0.464627453568,-63878365.0531
sunk,-0.463522215056,-116023732.854
rhyme,-0.460927153529,-2418944.67312
been,-0.46071759322,-1423213.42515
iv.,-0.458684446175,-18578555.7456
eat,-0.457928690809,-42421466.0501
rocky,-0.456593889828,-58283468.8875
fact,-0.456021816544,-3179521.58166
robed,-0.455964295057,-112290144.479
infant,-0.455499248373,-35749623.6233
bread,-0.454491888677,-16447085.5297
majestic,-0.45427133853,-76616004.7915
good,-0.451218430448,-698069.388435
honoured,-0.450761501511,-18846940.4914
burn,-0.448455039711,-40579938.3583
remembrance,-0.447725753526,-124168647.611
opened,-0.446709300494,-63615471.6076
lo,-0.44617828466,-7153157.60384
folds,-0.443907385951,-61944073.9912
vengeance,-0.441312566578,-31385072.2243
bought,-0.439697041746,-53271411.4899
forest,-0.436769087431,-6415268.0432
hill,-0.43502512408,-7084122.13972
infinite,-0.43352612942,-38720994.0716
sad,-0.431008718114,-5366953.1114
flowers,-0.430365380444,-2125869.51984
glare,-0.42811782736,-69813458.2227
finger,-0.428058795353,-44000711.6761
adore,-0.428046603061,-44509400.4925
arose,-0.427731093237,-56119386.3132
break,-0.424356845511,-14296387.2875
moving,-0.423795370339,-70190452.24
flag,-0.414946628346,-10963477.913
watched,-0.41290092649,-23135927.5274
brothers,-0.41153132961,-34440037.307
gives,-0.407261934578,-8005598.8715
shoulders,-0.406567393986,-78205951.499
crimson,-0.405050824685,-15134019.1242
generous,-0.404575177098,-74150688.6761
descend,-0.404043275402,-150195793.127
message,-0.403754978039,-5693838.24585
bids,-0.402683690213,-58671372.6756
warning,-0.402073062437,-151236276.159
called,-0.398653876873,-5817229.13734
judgement,-0.396853336465,-50737003.6449
didst,-0.395971197585,-19865728.3756
steed,-0.393630210268,-51015847.9338
train,-0.391267905654,-26281624.9293
feast,-0.390623868811,-4815625.32533
drooping,-0.386698450497,-110063029.265
fond,-0.384239932463,-4133486.38038
written,-0.38404070223,-10833676.3479
mate,-0.382474619814,-8384366.32294
fruit,-0.376111740589,-26407437.3105
mount,-0.375923598311,-45371873.5853
ready,-0.375659077993,-6283984.16081
echoes,-0.375053465162,-40093712.8924
...,-0.374689167394,-690077.736857
flew,-0.373798434466,-21319451.304
always,-0.373064178504,-4320778.54273
ambition,-0.371496856487,-51606107.582
matter,-0.368435787853,-17091327.9253
tribute,-0.368282796054,-6921597.15135
also,-0.366035859962,-10594755.2203
span,-0.363804969903,-104406632.953
purple,-0.363751274678,-14411976.4978
airy,-0.361713878923,-72485610.3614
horses,-0.360380685536,-25154376.5074
memory,-0.359739441619,-3981879.33444
lone,-0.355652933583,-13504390.2196
mortals,-0.353484107499,-59852448.4145
seeming,-0.351776561431,-55070531.1458
mother,-0.349843344927,-1029828.50603
saying,-0.345060280422,-23500506.312
maid,-0.343573081383,-10807122.2093
subtle,-0.343517969966,-45855869.3311
wide,-0.3410321956,-6747427.28966
heal,-0.338446713548,-141520038.278
surely,-0.337593688674,-2265852.30611
much,-0.337550075887,-1390411.23162
storm,-0.337428742025,-7653333.31257
count,-0.336727874124,-24635842.2601
sword,-0.334909388725,-5911453.91076
twenty,-0.334495377403,-4543944.97475
fills,-0.331581499611,-43502159.6427
alive,-0.330246801041,-21419441.4588
hang,-0.32947589555,-7604567.63681
lands,-0.322891781006,-17555802.1061
pierce,-0.322677118297,-119872207.801
than,-0.322159378858,-725119.242787
some,-0.321703632017,-301988.273248
beauties,-0.321437425421,-57311513.0121
begins,-0.319477106001,-50171306.1632
pay,-0.313985196484,-3035986.12804
'twas,-0.311087795184,-1472586.8594
array,-0.308299214071,-48426948.2437
feared,-0.306276442556,-60311513.8813
downward,-0.303407445148,-10688110.9539
they,-0.302632083577,-109821.722645
silvery,-0.300805076845,-42932599.8669
gone,-0.29918014193,-1745338.97187
flames,-0.298342974722,-24735527.0311
wait,-0.295186939199,-2398680.35452
bridge,-0.293675721415,-41426713.2517
speech,-0.291392927157,-15524571.8711
mould,-0.290834190576,-23905684.7572
careless,-0.285651278807,-5505941.69178
yields,-0.285016365634,-88947699.7088
arrow,-0.28383912926,-64800276.6435
wonders,-0.283315643213,-108218471.915
pressed,-0.282816088222,-29042557.3124
cling,-0.277746803962,-33440785.2633
spray,-0.276040690469,-38054026.1382
trembling,-0.275134503826,-14585278.3814
same,-0.273060845746,-4134600.97639
service,-0.270904208886,-40989529.0996
thorns,-0.27085078956,-42482091.8386
bid,-0.270048425447,-13922631.9265
j,-0.268178917747,-1382371.90049
brother,-0.266949519905,-1808874.0886
wild,-0.266370215028,-1163547.2605
sweetness,-0.265659806024,-23599699.8151
sink,-0.264193771601,-54192425.1351
hues,-0.264074579624,-29192332.8105
are,-0.261998266571,-90053.1718728
branches,-0.2591449067,-14990311.8293
misery,-0.258673672815,-47479324.2321
quick,-0.257786209249,-7132025.07893
bring,-0.257614344038,-4274280.72526
opening,-0.255452316145,-18681671.3115
bounds,-0.252991938358,-92973189.1424
weak,-0.248910551619,-16612091.5572
boundless,-0.248602177007,-44622478.7051
cunning,-0.245759588484,-8698035.95221
quickly,-0.244820927934,-15330234.1697
renew,-0.244524475408,-92527744.2694
wall,-0.243926310204,-8876015.79379
different,-0.242331493496,-43201263.4563
mountain,-0.241897935925,-2718399.50485
happiness,-0.240959600484,-11499012.6091
hungry,-0.240684070781,-17482431.984
entered,-0.239962686375,-22995650.2604
three,-0.23971904276,-1800985.62126
stand,-0.238650428694,-776926.025418
freedom,-0.234982592627,-3072830.4079
sire,-0.231652208511,-14252206.7356
five,-0.227977987234,-20741496.7937
learning,-0.226654021802,-36037113.2898
pipe,-0.225608662454,-3095660.27517
happy,-0.224592099841,-1972915.60995
side,-0.224439414162,-2051059.42042
south,-0.221530963449,-2802929.46945
hast,-0.221390879501,-2472096.74719
guilt,-0.221190670987,-37888434.2197
myriad,-0.22081257351,-46023541.0656
dog,-0.219108871751,-5186798.8912
conscious,-0.218566849942,-33274967.2311
enter,-0.217998643627,-5183743.55719
wreaths,-0.216166312114,-30126651.7493
numbers,-0.215778821903,-43052700.1733
monarch,-0.214993709896,-26286997.5944
crept,-0.214613857107,-43201392.819
road,-0.212475064355,-3455250.70282
feel,-0.212172761971,-1677092.30602
lover,-0.212019924723,-2926241.92633
flush,-0.207540046885,-49280513.7941
making,-0.206241420262,-13021881.7034
'st,-0.205915171024,-1704490.35053
dream,-0.201957977297,-1106556.79791
tread,-0.20189228483,-13580435.5187
unseen,-0.199549581251,-15319558.4492
lamb,-0.199410518695,-22491509.0445
spirits,-0.198469504531,-5922729.09143
willing,-0.197492118284,-9871193.64396
fashion,-0.19738763939,-31789228.0673
bands,-0.194519721461,-42160218.5921
tremble,-0.193620464865,-27489992.6546
glow,-0.191302457403,-5041086.04752
children,-0.190006200716,-622490.432281
greatest,-0.185765228416,-38086389.5558
steadfast,-0.18544332238,-53831474.0814
above,-0.184168152883,-1320081.42098
awhile,-0.18299468454,-6528202.28883
prison,-0.182929528748,-31187129.4039
steel,-0.182402799438,-18543004.3754
love,-0.182152179286,-41166.0475007
relief,-0.182146685981,-32014518.7626
voices,-0.18079139267,-7127241.12587
knows,-0.180100891788,-3964880.49924
daring,-0.179861766732,-28757555.0612
aught,-0.172827976583,-24232829.76
weep,-0.169719233705,-6972674.0795
e,-0.169601366108,-937944.859199
understood,-0.168087608981,-43765774.6843
drove,-0.166360346414,-43035738.7028
double,-0.166271038903,-20542959.1165
lovely,-0.164994996384,-2975563.50559
bay,-0.164719521512,-12263948.4033
stands,-0.164268277095,-8225556.22676
noon,-0.162158848725,-4720926.97063
bear,-0.161354392487,-3560902.78796
minds,-0.159256118805,-19745684.2166
temples,-0.157800636958,-37895517.4816
doubt,-0.156726040948,-5518822.88416
carry,-0.155366816004,-2173092.68557
blossom,-0.152634777058,-6823692.95201
evermore,-0.150064008006,-16459002.0493
arise,-0.149116522277,-1796052.19066
w,-0.148191846865,-7245039.17617
closer,-0.147336173817,-29052361.6593
name,-0.146875792499,-1394370.7915
bank,-0.145963175236,-27176603.2862
range,-0.145371933302,-21421980.8752
walk,-0.143839737065,-5040988.58954
knowing,-0.141794031532,-15940325.1299
knee,-0.140874681573,-17306684.7123
blessing,-0.140622223717,-11071154.0671
then,-0.138458144691,-113163.693238
gaze,-0.135861678225,-3306198.37086
dancing,-0.133865147239,-16487482.3594
yon,-0.130835511739,-4107879.77613
taken,-0.129803176678,-5922399.99276
vii,-0.129796413026,-9709223.30412
already,-0.12916805173,-2296208.6889
shroud,-0.129063032688,-9362189.00705
food,-0.1270279941,-8299692.66671
writ,-0.126678438202,-45487306.2299
having,-0.126000670387,-1504779.62703
empty,-0.125634597899,-724116.58375
war,-0.125527022323,-903366.819074
thine,-0.124737372506,-643160.012285
pair,-0.124337643485,-13202629.4549
broke,-0.124015667034,-9873987.8982
indeed,-0.123362534897,-592498.889625
up,-0.119207067771,-76426.0688717
clad,-0.112798143546,-10307501.8166
stay,-0.110258196769,-3773976.40417
bad,-0.105907601607,-4619663.04188
jest,-0.102946790587,-4275902.97119
kill,-0.102516655571,-26707741.6159
harm,-0.102247048886,-23838132.5145
flood,-0.102152567302,-6907333.01614
soar,-0.10100578545,-22157461.341
crowned,-0.0984838357286,-6894680.48409
burden,-0.0946705838152,-12260006.6734
flung,-0.094313673683,-12170381.4453
were,-0.0933059328226,-71307.1384618
\,-0.0889334298574,-131155.388717
showers,-0.087451501067,-14910505.3583
beat,-0.0867649360112,-1872658.33568
ball,-0.0859177604001,-4832103.31682
hour,-0.0856774140406,-303119.884869
shell,-0.0841701531951,-14666810.4017
flowing,-0.0838520049037,-9484460.46014
men,-0.0821055344453,-166257.619005
charmed,-0.0792812211981,-23962353.8406
sounds,-0.0782860748699,-6229130.48002
remember,-0.077013739322,-2349134.61544
footsteps,-0.0752211472491,-6770766.19085
rain,-0.0751154291939,-802547.124585
english,-0.0723957744782,-2980195.77361
clouds,-0.0721643130666,-1120010.69192
walls,-0.0700322943268,-2450116.27683
cause,-0.0699104568335,-2055769.97563
hidden,-0.0696079260644,-3522131.36088
out,-0.0689524423161,-118604.342626
living,-0.068689632675,-1658538.54048
j.,-0.0674440014616,-171586.420783
dawn,-0.0651909559341,-687989.005679
spot,-0.0627588329306,-3437274.22473
streams,-0.0622521578319,-3677557.82826
control,-0.0600656864826,-9622189.2851
>,-0.0581412238595,-44832.9417388
hours,-0.057809173489,-1030883.2077
honour,-0.0563665027637,-534190.678526
west,-0.0558949611419,-1620491.61212
air,-0.054618069197,-269352.429819
eagle,-0.0532828924827,-3009919.39089
purer,-0.0530351424918,-21878974.6423
yonder,-0.0493926443831,-2892682.24319
earth,-0.0490955290666,-70060.0403308
a,-0.046316908147,-1573.58645452
flower,-0.045994508678,-399384.300861
saint,-0.040980883989,-444354.701897
captive,-0.0389023626037,-8175141.51978
free,-0.0382723268842,-31605.5314229
grove,-0.0347144226452,-4188421.9664
pace,-0.0314696177374,-1217938.91913
grow,-0.0293636391275,-826254.395972
journey,-0.029102908505,-2023369.80688
swelling,-0.0288529232554,-1167752.02603
lay,-0.0261536002656,-224181.04035
returns,-0.0258770472093,-6615055.86949
praises,-0.0251479711996,-3019550.24892
around,-0.024128349028,-157065.882072
darkened,-0.0231912357245,-7768655.53232
move,-0.0223903834106,-750940.566293
question,-0.0221222328175,-698017.721944
lights,-0.0218505290186,-1434376.33617
favour,-0.0189838947035,-423135.187929
ought,-0.0183603487534,-97386.6417552
be,-0.0150825970664,-5526.58860907
slay,-0.0150701104174,-4947337.53938
shrink,-0.0102462358206,-1677492.18879
strike,-0.0102213917836,-334783.418093
boy,-0.00676288120229,-39626.6645495
off,-0.00565279490661,-53063.1377455
look,-0.00388220740306,-11179.7373394
fine,-0.0036889527077,-106536.682457
runs,-0.00191601045914,-281497.897803
stillness,-0.00121055550526,-291083.117869
reading,0.00184410102258,74943.5395529
eternity,0.00349350894416,263106.938335
lose,0.00495666910365,602262.21215
price,0.006351613742,36640.0607216
bars,0.00667972328659,1203350.99787
tide,0.00715660263071,142280.567963
door,0.0129871021021,121615.109496
'mid,0.0132515276417,443968.959677
st,0.0135188918689,325328.9491
winter,0.013777590935,171752.182014
struggling,0.0157204772071,2459936.8488
lingers,0.018991534068,5645492.22452
girls,0.0197046879498,1344191.06986
colours,0.0197592335818,2596540.18468
hot,0.0212860269331,522713.509687
drawn,0.0216537303011,2379293.97718
whither,0.0238227191716,1912771.62073
colour,0.0291061997129,3173374.3636
altar,0.0303339558069,1526488.31294
wake,0.0313898508395,1102035.96964
stamped,0.0313917003567,9379009.0009
delay,0.0320778274975,11811868.1521
meaning,0.0335203367592,4952382.2318
chosen,0.0344965157638,5347060.27211
afraid,0.0375765251096,3438015.85579
labour,0.037671166028,169544.895279
dies,0.0384343998074,4475250.81904
swell,0.03880726746,3671958.73837
prime,0.0397126946845,7087601.56317
foul,0.0399473667321,1123418.93219
curtain,0.0419460889422,10991768.1117
one,0.0433285520107,40961.1582225
dwelled,0.0459382819271,6947264.15982
cast,0.0480664257108,481872.047624
sleep.,0.0488473321536,6660342.91702
field,0.051825357864,1391801.5665
sight,0.0519182449211,954105.107452
driven,0.0522189416939,11202492.5391
shining,0.0531871409656,1486205.75754
rest,0.0533293368028,307085.29207
innocent,0.0540865072123,5060018.13937
go,0.0599079757097,127031.946055
future,0.0610365095297,1147512.35463
dearest,0.0617399951118,8605168.44103
wave,0.0676314887091,1484308.51284
two,0.0694289885873,264983.977863
joy,0.0694523296339,267448.929383
sacrifice,0.0694947852285,7110681.78325
»,0.0726371633609,179777.678088
together,0.0727565868665,1718069.63735
when,0.0753131209403,35445.9626744
hue,0.0781062110929,6707466.88957
slain,0.0786660758277,7424307.20287
endure,0.0800906967049,17111589.0824
bleeding,0.0809036614375,17622575.7983
spoken,0.0823811551649,20112229.3668
foolish,0.0846911827386,2576948.04528
reach,0.0848525504946,1667432.28612
h,0.0851750873811,3890240.79346
library,0.0883384540432,2139667.33656
brood,0.0886477753564,25309926.2752
mercy,0.0886562161634,3286108.94212
touched,0.0890720939776,9345145.16525
set,0.0893897182057,1228185.76229
beneath,0.0896457001783,939440.28291
street,0.0916299109414,314291.506411
i,0.0928390565942,1538.14992117
gain,0.0954930347163,1282590.28427
care,0.0957338963371,1233334.36726
keeps,0.095993976211,6808017.85989
mellow,0.0965548293602,15276716.1055
joined,0.103956479667,600160.984562
changed,0.106233469734,7872701.54623
dwells,0.106297696114,26312936.6185
sound,0.108742150825,1636525.40163
blooms,0.108755284166,12927812.9629
son,0.110635441686,291296.064672
neither,0.112882997739,8330325.21639
gloom,0.115013669743,2772928.42949
seeks,0.117298461471,29312037.3792
reward,0.117522801841,26532599.5454
point,0.118077078256,1624140.71947
thinking,0.118949631312,1764993.0007
cup,0.120778456672,5936103.9314
lie,0.122385084928,442483.679478
seat,0.123008144301,13214686.3871
recall,0.125291043458,21779232.2249
track,0.125867344863,17061561.693
triumphant,0.126182781323,26250902.6886
mean,0.126664580987,4886081.30105
days,0.126671212902,333748.987285
nobler,0.126924273626,23415982.5755
fled,0.131216795628,5878837.98362
woo,0.133214110148,6674628.09413
summer,0.134040731511,545215.367944
dress,0.134435339229,8333280.416
fiery,0.134732264187,10065277.8572
fountains,0.14110409659,43105450.569
dare,0.141479115426,5221815.76075
dreamed,0.145942940845,11241412.4918
calling,0.14645985516,8646520.31119
kindred,0.148125112543,22338097.3527
action,0.14847600028,5936875.99234
act,0.149568952631,1016681.95838
shrill,0.149804824419,36828934.558
so,0.149823137557,76809.0302284
shun,0.150135027895,3738490.78405
merry,0.150427311136,4733420.58852
make,0.151433929589,763522.65812
hate,0.157586238328,1078975.79703
marked,0.157717775985,16072773.2575
short,0.158734584521,3526036.54575
rod,0.158811876528,28164276.2844
with,0.159331908904,25950.8425522
vine,0.161542569677,17589398.2061
beam,0.163895997157,8968037.52932
f,0.163945009111,406198.852937
jewels,0.165460565134,25357817.916
vast,0.166306633729,1845614.16931
beside,0.166674477925,903543.279569
pointed,0.169667907693,51210798.7138
high,0.169965047991,943709.523669
departed,0.17045137194,21672934.663
tops,0.172111911517,24548291.8392
rocks,0.174634118363,10782376.2027
fought,0.17475045068,18250890.0411
rush,0.180026319249,20006765.7379
going,0.181666980831,2656421.79868
weakness,0.181725200418,7932317.78414
wife,0.182124600379,2018617.84747
proud,0.18568644663,2596685.70867
blame,0.189756917058,13014933.6645
lilies,0.19151696031,9478753.55132
strove,0.191677522514,6517285.0954
vows,0.19409038879,1130944.05234
seek,0.194324808556,5067154.91897
wish,0.194530017761,3846879.08564
near,0.197672032151,1661772.98307
ship,0.198855237196,4648746.74331
arm,0.200495794514,7354874.92202
sceptre,0.20227640983,81806484.8682
earliest,0.202416022191,50866117.5316
isle,0.204183581594,10034818.6502
voice,0.204217978531,654680.996059
spear,0.206820257822,27382714.1084
raise,0.207185490717,12106565.9416
.,0.208590687469,1004.36216995
radiance,0.210015397124,19367907.944
sprung,0.210487853412,83773904.5786
placed,0.210889783321,23831403.2555
tones,0.214356030273,17781423.9965
pause,0.215929385998,28051067.066
have,0.219448959143,83847.6777356
content,0.219794368911,14222593.9128
strange,0.223888792822,2960851.90631
billows,0.224523198863,26350319.0299
hushed,0.225270249136,26491309.7505
fierce,0.22596229397,8574015.42203
dumb,0.226563594723,11659170.3982
lords,0.227689690261,30871201.5699
deem,0.230081577787,1052822.79635
front,0.231971389821,8258988.50519
hear,0.235388009596,719679.924696
spring,0.235497500204,1513032.88615
solitude,0.236523099374,21751793.4289
fare,0.237278848762,27908870.515
cares,0.237544760732,24883751.9718
slumber,0.238827918221,17816000.12
shoulder,0.240327457556,10648812.2371
floor,0.240337333108,13531851.2197
stormy,0.240877147384,9971068.18765
blessings,0.241970832997,29604040.7387
oh,0.244902409197,291665.374252
dressed,0.246860526514,34001308.4515
forlorn,0.251862925176,7879058.96031
rather,0.253563199442,4093858.1327
beyond,0.260324189134,3767418.07175
dart,0.264864054258,55169629.1541
fortune,0.264884587177,8402481.81287
features,0.265306092514,48687759.6472
gladly,0.265986583266,65639720.2982
fro,0.26676985447,38027759.7554
task,0.268290382999,8689328.45565
need,0.268525105046,4817301.12959
gave,0.269331188185,3102332.11514
friend,0.269351004758,464455.034381
loud,0.270573985271,9417347.25669
if,0.270933450084,198105.576864
arms,0.270976190265,3151994.75737
give,0.275198303804,1499332.186
silently,0.275661140184,47969838.4491
shall,0.279866026959,206751.311323
whether,0.281019077725,6059624.69256
unknown,0.281077557605,16257048.7465
breathed,0.281388094678,37192744.4422
third,0.285616891454,13235662.6273
seize,0.286711653166,56984212.8316
use,0.287583075859,1694432.29212
skill,0.288014955995,35950229.6868
spheres,0.288141353047,41296359.8661
end,0.288264246911,4621829.73645
thanks,0.289849374511,17726166.7601
single,0.290169353852,32759688.6821
singing,0.293533521479,3168828.04769
choose,0.293574642524,7150688.30558
burning,0.297327004738,10974886.5085
motion,0.299556082882,21645458.8096
do,0.299689491016,222662.959212
sympathy,0.30009558518,26696680.5352
glass,0.304878805027,20160311.6378
highest,0.306073741574,30624121.2477
stone,0.307189425547,6550390.09591
listen,0.309265308144,2939034.82739
chime,0.309752143701,55563406.846
fool,0.310356054595,16429241.0749
charms,0.311216581384,6297702.56355
waits,0.311492981806,40777096.7696
dry,0.314104206013,27441651.5442
cheeks,0.317902698658,6807167.78733
north,0.318928370617,4037755.77667
childhood,0.320883312677,18584924.8217
dimly,0.324230544078,149588084.558
star,0.325225263661,2412273.92483
justice,0.325490798059,15076599.2987
he,0.325999157164,29286.7377363
call,0.326023978778,2697804.35666
listened,0.327468381818,74442325.2227
under,0.327786941471,1907066.31685
island,0.328375887548,31436030.7331
sure,0.328592077146,7842804.71025
even,0.330160543821,2429159.97487
bride,0.334618530373,3141265.29166
felt,0.335907789864,3140691.84777
thee,0.335949090633,162450.928565
souls,0.337443507953,5110927.68641
ages,0.338026329537,14689316.194
spite,0.33920741471,2641616.03718
destiny,0.340135946741,56315896.1741
sore,0.342274606545,48911206.7606
locks,0.342986718254,62641793.0146
twain,0.343001618472,74543812.291
earnest,0.354855941797,33451233.2465
gift,0.361851428567,8863678.14656
gorgeous,0.361963687447,68425855.3542
smile,0.362770204028,4659407.84887
possess,0.363195892976,32639591.6962
well,0.364314888041,999468.606556
thin,0.364710644311,20739431.2088
homage,0.365676149616,75986763.2908
tower,0.371139223699,26285179.0669
shadows,0.373945677005,5984094.98623
ends,0.375634639134,50342078.3394
doors,0.377122125368,1087132.77024
sighs,0.377557974541,27180743.0315
clay,0.377811229894,24201335.1049
aged,0.379271233075,24889703.1126
stood,0.379760262711,3146572.59134
lean,0.38142977568,49092479.0272
graceful,0.384359590847,59032805.5209
rises,0.38464499749,61811537.1513
smote,0.386536762419,64701942.6011
wisdom,0.386656468726,13249978.5653
beheld,0.38792649357,59351857.2
bud,0.388553074692,51751310.625
halls,0.389798989347,35339693.3501
whole,0.392532432204,1999334.57002
backward,0.394455415149,82361317.7372
themselves,0.395882118892,9986389.33144
shake,0.396734364079,2960059.78592
across,0.396920539356,4583195.459
fears,0.398234990269,23042227.4562
ask,0.399978383213,2472332.57471
gods,0.400091178158,5057398.48953
alone,0.401645507251,1620494.29101
streaming,0.402249279876,112459565.173
sorrows,0.407031934705,18201490.7035
rode,0.410305491851,58565181.0855
thousand,0.413271280438,9762739.8534
points,0.41631179566,144000418.453
any,0.416473531098,2028721.40404
dance,0.416946915506,10512625.5312
show,0.41788119081,9799041.10996
take,0.424259032076,1615790.48471
daylight,0.425856260676,154020533.073
violet,0.430875106328,28861691.692
ended,0.431516211583,53807684.8782
passed,0.432554552932,3032749.86453
shapes,0.434167965147,75010937.1951
foe,0.434995999366,16456600.8976
lore,0.436082625945,76033472.0525
breast,0.43763495271,2659977.07649
strangely,0.438630235496,124911647.182
catch,0.440044903306,1161043.05767
before,0.440437342784,1748214.16868
fount,0.44113673568,102440218.232
pains,0.442055059725,61438489.0004
taking,0.443476694719,13227584.4565
key,0.444709996954,72302926.4736
standing,0.445720183831,11167564.5031
guest,0.448079661896,42411244.923
honey,0.448410477038,6769413.80033
none,0.450956279658,8602755.17195
named,0.451409059336,147776317.287
worth,0.451595710155,19266123.9126
mid,0.451601496646,14945638.5801
drew,0.452242434427,26662903.3689
fell,0.452404072654,9039875.42789
aloft,0.452610009362,105544818.442
serene,0.45295335864,51583202.6102
meet,0.453180230873,7180346.65919
dust,0.454795726939,6412799.41311
comfort,0.454813451945,2371931.7523
sat,0.455109888316,12030651.3747
water,0.456594394691,5111370.66225
deed,0.456997466755,41622925.86
grief,0.457131306657,7749181.47375
head,0.457843097849,3952967.40719
clean,0.458696212569,53057280.0382
choice,0.460461122694,71570213.076
prince,0.461907348897,5775119.1091
lark,0.462137431707,52914841.4121
things,0.462152986714,2514718.41568
leap,0.464758289092,70652684.9192
paradise,0.464823498438,4337349.42838
turned,0.464866015522,6834007.19954
glorious,0.466436604536,9003937.28897
found,0.466462076765,1532628.25118
blaze,0.467888089815,54473426.1568
h.,0.468040722324,1224753.89181
cover,0.471681014417,57989414.5129
holding,0.473381177886,73920504.3468
places,0.473501082528,2695281.95784
tale,0.485827455034,7595470.05718
bosom,0.487692330805,7912446.86349
thinks,0.489150218793,64983525.4251
grave,0.492060067775,2396750.5227
suit,0.492523958833,69853615.4606
reveal,0.492646209618,92623415.2895
mild,0.492694764132,37823104.8776
wherefore,0.493597477744,80429226.2427
write,0.494281157975,28823905.0336
heaven,0.497449780277,916163.772102
horror,0.497628404705,91795260.5191
/,0.498100188494,1452784.99924
glance,0.498278202375,15383614.3079
forests,0.499062753394,125856978.983
dew,0.499477777004,4873211.26657
bound,0.50111474043,18866578.2199
wounds,0.501402675701,113349588.445
sang,0.503218905963,3437928.21359
pages,0.503648727655,28930627.3621
hard,0.508221887097,2925039.75096
least,0.509024159198,34535147.7358
lifts,0.510022691489,103868441.101
heard,0.510585886558,2740412.94685
tired,0.513990653619,2938242.18932
—,0.515796325954,17488.6624462
shows,0.521574503393,36922239.5457
bee,0.523954530416,7504615.92672
guard,0.533246010236,44057468.0428
plain,0.533960597746,10096671.7137
bright,0.535501466441,1210983.00321
flash,0.538644731416,56519434.5325
melt,0.539763336664,166951690.691
perhaps,0.540782829982,3976436.06832
names,0.542570176681,82641241.0507
u,0.542646241931,2712506.43797
sense,0.54291947558,19275236.9831
sinking,0.543081343647,209574138.655
moment,0.543254552092,10081808.4127
thousands,0.545766986088,39187079.8997
which,0.54668712372,228553.177643
stirred,0.548773423093,64587627.6305
at,0.549133464443,256640.101824
grows,0.549521254784,7468404.2908
swells,0.550704321252,161347855.697
blend,0.551569581162,172439352.351
proudly,0.553527242887,20837288.2366
wanderer,0.553553979612,143834433.723
house,0.555181846148,3224348.81877
body,0.555761125328,11197832.7061
mingled,0.561582409391,83830972.0652
seem,0.569159659954,2449929.9908
heart,0.569741809092,363319.017136
desert,0.570244362992,38627258.1977
struck,0.571971468166,62524551.0663
brings,0.572128706177,3255582.1324
most,0.573249408187,3014703.19782
us,0.574885276587,19987.8184279
distress,0.575315114382,73623107.0013
ease,0.576221588599,3084149.73476
frown,0.57914878462,108922769.038
wept,0.579508606258,31759152.1207
crush,0.582472646967,12882786.7603
hands,0.58476658478,1331573.57231
genius,0.58502436761,35708066.142
car,0.585226025608,3502839.32079
widow,0.587925821184,132401600.619
wearied,0.588065785242,207868127.5
affection,0.591049874208,25205930.2322
hark,0.591173702561,34639785.1592
truth,0.592965954731,3060467.90554
scatter,0.597993827535,152396874.844
dear,0.599143236625,628180.938645
king,0.59991379979,1100009.43863
valley,0.600439909992,31216914.2905
gifts,0.600646890447,56838688.6351
frost,0.603510173553,77509152.9029
oak,0.606495139797,61949057.5611
thence,0.612087287157,98239761.0489
shalt,0.616699142341,28437460.1484
"""",0.617153875076,9692.69891608
universe,0.617493381871,47052578.1396
glittering,0.617933921742,58252614.884
though,0.621566480009,1115562.90032
smiling,0.626016992582,48166276.034
left,0.627380053413,6963463.81152
pursue,0.62984280289,124271648.328
long,0.630645886308,743812.123598
edge,0.634306828736,82671074.5459
devotion,0.635566691005,89566606.5144
playing,0.636222683975,46038256.9163
brief,0.636493636285,39193434.313
drop,0.637296927967,3240028.18062
waste,0.638477452208,48719026.2244
part,0.639591152626,7492998.16373
mass,0.640193848554,143457215.951
flows,0.641473006704,23855280.2323
wilderness,0.642291172308,146514838.831
arts,0.642426106291,179601098.511
draught,0.643203016071,288045021.2
wrapped,0.643717589147,79691344.6957
ashes,0.648500433962,88981832.4973
wears,0.6485033749,152007137.692
hunger,0.650583529134,119996917.034
taste,0.651174340865,28823903.9554
poor,0.651190246654,2626997.40491
union,0.654089817214,8531861.22632
keeping,0.654452706176,73015646.801
n't,0.655860714253,503916.842076
deathless,0.655921988698,122729833.015
quite,0.656854412981,3432836.34459
musing,0.657352281873,262640615.285
seems,0.664260315697,18359982.2656
towers,0.665362576907,68769032.6433
palm,0.665621034139,116146732.63
lost,0.666430552183,6251572.80386
gate,0.666519798607,24233719.3898
rich,0.667731841828,3229375.57657
fathers,0.667867905478,61984956.1388
tear,0.668472310256,4227546.10101
whispering,0.669028637977,110608532.07
mien,0.669090486172,157988844.955
sublime,0.66972543163,27520064.5155
world,0.672257834223,1044558.87939
strive,0.672779614508,130221280.382
four,0.677862781323,23446372.8955
fed,0.683568386647,77940795.1952
hush,0.683595280445,32642635.0589
guess,0.683926140329,35204967.0679
stretch,0.68506781018,178885944.422
scattered,0.686748255562,62832927.2205
send,0.688089910415,8875297.36593
wars,0.692026038525,166207507.648
powers,0.692088036062,47277990.487
boughs,0.692640779867,37161034.8777
solemn,0.693057985142,22444759.3043
dreadful,0.696852433942,81031871.5125
mourning,0.697136835723,108947415.041
gay,0.69797782287,14299330.0023
pleasant,0.699390687072,22784100.0926
pen,0.699717635334,3686580.79817
frame,0.703572127201,84625533.8939
sorrow,0.704071524263,7516763.43387
tone,0.705740717589,19434849.6338
boat,0.708061584079,35503623.26
fluttering,0.711134865469,303128342.13
loose,0.713922774,13428295.5211
sun,0.714894966589,2915513.70343
heroic,0.71606068916,3893856.63049
deep,0.716389059257,3336640.48803
i.,0.716636886621,2891922.13444
circling,0.716859835435,221324573.574
melancholy,0.71921381379,55724324.4797
sleep,0.719538947312,5228979.22563
touch,0.721629207938,971189.025667
renown,0.721837804155,155358007.273
perchance,0.727473556446,60056232.786
soil,0.727553885124,35015055.1498
subject,0.729190506501,39610806.6688
battle,0.729847407907,7125207.18413
lamp,0.733588931131,52222472.0339
flowery,0.735534541921,158570615.639
down,0.736164084206,1593855.24909
meets,0.736797491351,326788057.844
think,0.736928113967,1460022.88737
mood,0.73693956867,5539732.277
sounding,0.73795482955,221079811.364
morn,0.738359882939,12676016.8066
ill,0.740428790023,32228934.2128
history,0.744039785947,35073477.2506
rude,0.744196800397,62320175.7175
sung,0.744762200363,1938693.45445
manhood,0.746688797964,67152701.754
neck,0.747978976676,38890368.4028
these,0.748055239437,1269263.88426
flashing,0.749599502016,47987227.1585
roses,0.750391447811,13563899.4205
brightness,0.753072542633,4370953.76116
streets,0.753220602977,67610481.5008
holds,0.753471306895,67218315.2003
abroad,0.754155090846,76817299.8569
fame,0.754413890176,18370093.256
y,0.758514276599,31099395.9723
crowded,0.762893920502,264431935.405
brown,0.763795975405,18098522.423
rock,0.766433593124,7482071.4483
mouth,0.769731879095,14108350.0369
overhead,0.770138675616,188778647.975
robes,0.772726719863,104297368.377
servant,0.774637680141,53128377.6913
wonder,0.77534340211,31141594.8644
somewhat,0.781006667425,4168400.06291
faces,0.78502168843,1250654.94821
troubled,0.786915787793,86995914.2462
gilded,0.787059075535,147385574.045
underneath,0.787119799389,34742717.7062
madness,0.788146173545,190117429.636
ay,0.788969388494,31440563.424
taught,0.789967842263,16567672.7212
caught,0.79067665778,14072155.0085
sit,0.790777253022,23007858.2109
fleeting,0.791865782115,180899006.735
toward,0.792590172851,24847744.5553
sleeps,0.792954202292,76065348.8468
silent,0.793868998815,11266435.3841
others,0.793991851905,17127523.2247
prayers,0.794194011456,114854868.872
stronger,0.795228305721,264492080.959
creeping,0.79727149028,290489439.382
see,0.797419735107,993644.97684
wilt,0.797530404829,38752899.5273
verse,0.798632924125,3894234.10042
breathe,0.799240374626,62686458.2612
priest,0.800229584646,20082754.4312
lightning,0.800581613852,104572833.333
sweetly,0.805241234395,18698360.2273
worst,0.807250575814,95844190.3733
shape,0.807936419637,50300065.5465
aim,0.810330619805,134344870.791
step,0.8115953699,56618288.9956
main,0.812076070321,86780463.856
floating,0.81278215665,159611924.849
mournful,0.812899259266,11929992.7561
splendid,0.816905613929,68442296.2343
windows,0.818582822606,101652555.079
sits,0.819541774915,41584766.4674
save,0.820404233336,9763158.31253
despair,0.820535912844,35558226.1195
art,0.820802396916,3460281.77265
depart,0.82139598451,163454820.729
fit,0.825255276261,12182023.8639
company,0.828854619407,27131232.1106
lift,0.829917949673,10134279.9897
v.,0.831259084364,43356768.5457
groan,0.831828410899,259348978.774
known,0.83283621303,27985698.1818
throbbing,0.833013850581,217378447.185
knight,0.833181229538,16279042.9254
glows,0.834863418445,198456771.994
homeward,0.835413661827,207050557.736
doing,0.837065454909,104100835.566
close,0.837178500135,19924796.6805
back,0.837657026502,916725.660701
serve,0.838570677304,78182298.3002
shelter,0.838934930673,18663017.3211
swiftly,0.840567189967,123780143.403
flown,0.842299888003,75940425.697
sister,0.842556890987,27526855.6803
among,0.843318618276,6121483.80851
stars,0.844126943849,5221788.14972
pass,0.845562532181,6822124.76638
iii,0.849773817526,29944.0421623
naked,0.850144507938,52910014.9178
being,0.851754363295,11236480.4206
say,0.85250659394,1637514.00464
ruin,0.854131613593,97013298.8497
calls,0.85462569353,55963694.326
din,0.855740323104,208256826.567
therefore,0.856443160995,40357710.5122
fairest,0.858420944038,100601547.268
bade,0.860458745092,75449345.6299
please,0.861181384299,3335265.15442
shades,0.861582467373,61838496.0403
sometimes,0.862239475447,21857055.5687
armed,0.868965749945,351171044.118
bones,0.873337997207,129622776.439
waited,0.874679412076,115630769.587
autumn,0.874819203284,15862076.8243
follows,0.874949310491,381505847.759
seas,0.87513534473,41607468.6633
lower,0.879051767019,102221050.644
silence,0.883690304034,7345470.96581
shadowy,0.88371217769,67647161.7005
thrust,0.883774734457,265104486.091
toil,0.885234260919,21445930.2252
date,0.886045065258,31089.0065388
promise,0.888510026252,93354133.5779
lifted,0.8915277206,98906077.7541
a.,0.895143739155,31532.7372379
x,0.898037130292,79264453.3956
'd,0.898672991022,35524.7400532
dreams,0.901613425413,6066810.70115
wondering,0.902184334417,139983179.943
forth,0.903373177243,6902625.66842
your,0.906349599893,124688.897385
sails,0.907633236899,91802178.7869
shade,0.908657488934,9477562.54831
place,0.910537704779,7923072.77809
more,0.911209448212,1492055.65001
giving,0.913357232318,21700749.8964
noblest,0.917416673302,199996788.688
speak,0.921643249986,3935349.11417
prayed,0.922592466936,152879949.697
cottage,0.92341639535,12858544.9609
saints,0.927929749207,58143389.7907
die,0.931101647288,10918049.7863
bent,0.931955129949,40357396.5026
bees,0.935059783819,69825528.0181
withered,0.93514397172,160445803.025
parts,0.935436735818,163525307.062
kneel,0.935439787014,153321771.396
printed,0.937009403944,33010.1824794
help,0.937179038433,3752063.4477
course,0.941140263991,12657511.1659
fate,0.94332508905,33272.1097468
fallen,0.9436876081,59633643.9795
trees,0.945539638723,6157675.4558
human,0.948151215323,10057141.9862
ivy,0.952407297789,342639281.913
pour,0.953858960525,1984997.36064
while,0.954343217709,1683016.48039
words,0.956706730256,3066242.85303
stones,0.957583889995,72126911.8965
marriage,0.959466735902,13931326.9114
twilight,0.960573270158,25486562.2997
poetry,0.96219001771,37167010.5523
faded,0.962397300557,105317150.19
but,0.966078800651,355437.251127
due,0.966899944125,34075.8176042
morrow,0.974636174572,21438771.4566
lonely,0.974868070859,24643436.4277
wouldst,0.97513533404,176845168.969
because,0.975222800971,7668205.35547
asleep,0.97547150724,161194347.799
law,0.975782468566,24358233.3213
depth,0.976518512863,406518089.706
nothing,0.977220660016,5643992.98555
horn,0.978236707591,106496633.145
paused,0.982429246491,92798201.5523
fear,0.984909248274,15586868.1047
(,0.985009401432,425785.294206
wrong,0.989579933592,36149417.5079
grey,0.99155465292,5976236.32697
young,0.991972696493,4837765.13587
countless,0.992760207565,148683414.173
fast,0.993770047926,33458460.2923
rolled,0.995098783434,109652481.173
shown,1.00054801191,26237658.2898
failing,1.00082512965,512233156.441
rear,1.00138443857,229875975.877
university,1.00536367992,7291014.44218
narrow,1.0057818058,99146455.3495
done,1.00648478912,7406403.08274
wet,1.0078921351,92990489.7784
swords,1.00833757697,343468686.536
dim,1.01074504198,13865975.0419
pain,1.01153219109,5848480.66261
falls,1.01180503652,54185114.2197
man,1.01391621156,903056.013036
wasted,1.01443305255,276398317.499
simple,1.01444839878,11644138.7343
sunny,1.02129848463,47007592.9826
pretty,1.02131935413,36249657.2462
remain,1.02203917509,131934678.898
wit,1.02379730188,44573516.3671
leave,1.02381530476,30351117.976
measure,1.02865576309,5292541.66171
v,1.02957135622,25339814.2565
ten,1.03187800989,13557003.1122
rise,1.03225366275,19679540.0344
influence,1.03245399164,125261371.888
saw,1.03297612578,6157616.40907
chill,1.03398655467,66172000.9532
small,1.03406431638,5104511.02887
poem,1.03588639126,32627976.5887
loved,1.03727849526,3824501.31627
throat,1.0404987779,169485504.949
load,1.04360429288,208999449.974
tells,1.04480173774,77705375.3083
author,1.04699719034,23264185.5834
laugh,1.04976069508,27528230.4646
n,1.05406724046,28143607.3779
natural,1.05532682793,124690084.077
own,1.05851299569,1219034.58588
couch,1.05890108152,151662206.741
music,1.05976725128,6651053.23988
slave,1.06071473351,51321173.6914
whence,1.06112944919,14566125.6158
hardly,1.06316825028,20477448.3243
sunset,1.06490580336,38239466.8728
spread,1.06630589416,36658323.2879
herself,1.06748020426,88030358.4719
crest,1.071310933,168229577.693
woe,1.07239057512,13993632.6701
season,1.07240444031,28014945.8047
brow,1.07489315669,13159901.3624
afar,1.08048114547,29011944.041
sage,1.08599040456,124950271.787
kissed,1.08602525652,14301523.2503
stately,1.08662671185,124214061.269
grateful,1.08671552052,41488653.4414
hears,1.08845513516,183945894.387
flame,1.0909730673,25667106.6353
draw,1.09174185739,20291134.6622
thou,1.09178957839,320833.710772
host,1.09229270167,47478257.4738
haste,1.09250217182,34038394.5445
maids,1.09319448409,272310466.212
vanished,1.09456884448,141918341.977
thoughts,1.09628776336,14277716.3688
wherever,1.09684924262,441980789.744
looking,1.09836080343,25735789.2437
seven,1.09847478014,22784180.5175
decay,1.09972066754,129458707.983
hung,1.10090520268,85718106.2996
many,1.10210719248,2016506.87263
chant,1.10296120333,76611456.6697
creatures,1.10450339081,205713123.6
sea,1.10683758055,1797532.61048
chain,1.11011309643,56943639.9446
leafy,1.11246890283,242405794.08
viii,1.11271507706,107232297.318
sport,1.11341526192,228746768.743
share,1.11480608914,52803852.6182
grieve,1.11997120942,89155034.594
clothed,1.12043986301,68988311.4208
ghosts,1.12510105667,17639066.1249
ringing,1.12948520795,219821301.114
keen,1.12962754857,2941288.42232
hum,1.13022098821,18214697.7597
book,1.13140323652,2609195.91206
bonds,1.13237470538,516662586.321
bringing,1.13328982183,333175444.89
crossed,1.13847367598,207190924.577
sod,1.14203078094,115904293.33
easy,1.15124640658,55458749.5144
certain,1.15222821486,21431455.3705
thrice,1.15427186553,46631864.2665
mute,1.15856918608,120097482.988
women,1.1606114128,7060391.34265
#personalname,1.16066061035,29136.7791836
slight,1.16211037199,132129881.315
cursed,1.16322488345,149010770.092
falling,1.1675099253,72492830.5022
said,1.16885792421,1125881.36108
spreads,1.16960261555,362472135.099
add,1.17045791424,259457183.302
damp,1.17240236117,331506777.251
storms,1.17315803234,175810758.089
kept,1.17711756074,77461357.5829
seeing,1.17777241984,188667468.117
turn,1.18048234891,5317135.08517
wear,1.18052905388,18014782.9405
stretched,1.18245951476,290495103.774
airs,1.18418712184,75195784.8229
seemed,1.18785704236,12990732.4392
alas,1.18912540187,31121250.3889
yet,1.18949727076,1656570.83455
life,1.19201100564,40897.1673676
brightest,1.1926868495,366346991.091
worm,1.19286402961,345026792.016
tongues,1.20080498619,346242917.372
talk,1.20338283124,45743982.7112
sudden,1.20498027542,34417414.7719
charm,1.21218067501,42166524.931
beloved,1.21974167089,38340736.4247
idle,1.22059204005,65868546.5696
desire,1.22429778352,22288042.9321
burst,1.22497288045,89199858.4781
seeking,1.22936841046,213716733.813
yes,1.23534540271,17286938.7471
worse,1.23864781156,92367213.5448
s,1.24400173611,557611.704043
people,1.24633366624,13186825.7074
ii,1.24637823325,11127613.8093
sweeps,1.25176378379,372093154.843
needs,1.25355580444,106711498.884
bare,1.26053129721,51274878.1618
silken,1.26237292016,343136480.926
why,1.26768469418,3662871.05112
fountain,1.268346399,119714079.232
delicate,1.26856512722,148710798.421
moved,1.2701424309,144723534.58
unto,1.27024325695,10965559.9398
awful,1.27173625736,71167454.5839
wintery,1.2762791438,277291445.9
groves,1.27729275881,205313454.125
bed,1.27730386128,3025431.07306
wreath,1.27936152208,116902355.182
moss,1.28150008254,225591621.904
divine,1.28545089061,8831449.23998
spreading,1.28673363861,529833534.787
scarce,1.28716906806,31539263.3615
warm,1.2939679706,26074655.6066
seal,1.29474260607,189019801.427
yesterday,1.295986963,148905825.176
where,1.29745903934,965925.692825
wheel,1.30270570242,254096209.503
de,1.30387088537,205362.433712
woes,1.30505911438,108220942.519
bless,1.30722176486,46301373.8719
put,1.30996476082,3622192.44698
cheek,1.31119949796,29222556.2173
other,1.31398423674,8675905.38109
bearing,1.31733659171,303264490.742
between,1.31822334978,7748772.08959
poet,1.32143937935,13431593.4358
hair,1.32186973136,10163246.41
huge,1.33181607652,160128963.382
hither,1.33927985076,166193419.504
dying,1.34036004634,44596843.5939
fade,1.34111105754,141539491.318
best,1.34112366698,10042434.02
bloom,1.34357064823,23405339.1346
smiles,1.34418693562,33050326.2849
),1.34852168964,354712.558968
child,1.34929461489,3519921.91885
ghastly,1.35047479573,273960039.901
gentle,1.35361199238,11899051.0949
ships,1.35385090031,80190046.3717
mirror,1.35911009964,291341534.434
paint,1.36036399695,166751463.818
babe,1.36483636531,122174973.652
queen,1.3652215503,2883387.8816
ranks,1.36781954186,193546188.647
mortal,1.36823174108,36001914.8168
painted,1.36886328123,125170890.789
lighted,1.37396172166,249109558.757
cry,1.37504107474,20842817.8103
floods,1.37803169076,277041482.758
sides,1.38192005284,565494126.942
inner,1.38399131875,277436874.354
smoke,1.38621771313,32118003.9305
meant,1.38962120653,261471029.865
crying,1.39109148667,279700926.534
calm,1.39640038105,25870680.8052
fields,1.40179678066,12138325.3288
trace,1.40188616537,76974120.2491
less,1.40800169818,3913881.22993
rolling,1.40856128826,177283932.461
cities,1.40900618594,181543310.307
something,1.41501916782,41174779.1485
lies,1.41559710082,24761108.7964
wandering,1.41612629879,96450145.3101
ah,1.41931529768,5653765.49536
breathes,1.42084040069,381233969.845
hath,1.42432730729,4193843.50014
wholly,1.4289897129,224460380.129
passes,1.43234999206,259342185.745
dread,1.43444153174,44497628.5594
pleasure,1.436781177,26204155.3704
lightly,1.43755709583,127191393.418
town,1.44233049941,19105797.9539
fading,1.44609561031,171325213.02
scarcely,1.44739305108,53856524.2393
escape,1.44925781002,334361401.323
wrath,1.44965503451,104951592.878
suns,1.45226561206,100762843.929
mark,1.45374666619,21986118.7465
yore,1.4585926246,303749641.867
came,1.46021716368,4341650.12234
enough,1.46310636605,34526643.6281
dead,1.46339569017,4241558.15924
ran,1.467953044,49245273.8497
....,1.46908912024,31977405.8704
limbs,1.47065458216,49499500.522
feelings,1.48509649102,77508172.5962
leaps,1.4851026853,561168750.867
table,1.49054883153,59810673.0768
virgin,1.49947296529,49430927.203
slender,1.50108195759,254559984.236
veiled,1.50163910796,418280047.66
sheep,1.50440683014,175789942.246
milk,1.50989316023,275798375.24
knew,1.51022154865,10685564.893
second,1.51162799817,54620078.1854
garden,1.51195587904,21989571.4309
looked,1.5125388181,21580124.2112
spark,1.51431393888,367323235.193
must,1.5143771775,4030116.62887
you,1.51554811356,40002.5221098
pardon,1.51640758459,281090383.879
else,1.51760771999,19642549.2947
circle,1.52493534043,199650357.8
bending,1.5250496028,287023365.746
t,1.52640693624,4416856.31788
leaf,1.53036656414,66096699.7618
through,1.5316025808,1683531.71909
blow,1.5340436633,45203159.8646
roof,1.53494118734,21806961.5181
case,1.53561618709,62036232.833
darkness,1.53619665122,21929086.3294
white,1.54027058892,4504783.83844
corn,1.54410384925,79064208.1283
hoary,1.54888612636,332075303.402
bark,1.54905955922,161854358.718
dark,1.55122645259,7252906.62733
shame,1.55139702857,17765337.1686
fixed,1.55321161326,96457529.3143
passion,1.55629911464,40807924.8846
chamber,1.55892073714,105728778.54
wed,1.55938132087,63447280.7524
hangs,1.56171438124,238042071.135
hopeless,1.56242424084,38080005.666
answer,1.568618374,68154651.6473
mine,1.56900121722,8532611.13823
rings,1.5709220474,269327187.036
rough,1.57539797407,59502184.5207
seed,1.57600886125,124455266.222
am,1.57685483887,1615498.65805
scorn,1.5775829924,11307359.8574
lily,1.57928120615,65913750.536
savage,1.58878331595,29063036.8415
vain,1.59008804657,6112084.84399
too,1.591208978,4913485.21447
faint,1.59242212743,57458098.9516
mystery,1.59973427653,111287973.85
farther,1.60224329682,490666323.658
pile,1.60364519456,428996773.178
leaves,1.60800271303,7775806.49923
pallid,1.61602083917,373280509.848
false,1.61923647056,108540666.107
makes,1.62267961489,42307896.4208
self,1.62371524968,26008432.1312
immortal,1.62725182691,60680911.5789
pity,1.62837279335,84597092.0919
branch,1.63122259098,325426217.971
hope,1.63408146224,10016305.5717
youth,1.63576062011,13677334.565
saved,1.63722173549,357350464.115
shrine,1.63983992836,89710435.2338
woman,1.64114790479,6100746.34778
volume,1.64465435462,14696527.5061
lip,1.64613615201,114838580.826
haunt,1.64670092789,453613759.445
died,1.64911089394,47770636.2624
portion,1.65209074166,209381658.768
ere,1.6547208311,21307307.0215
goes,1.65769617737,40982368.5779
might,1.65825710453,8019405.26937
below,1.66030845672,44437080.8691
buds,1.66273500744,177382356.697
thunder,1.66396473002,110386473.087
me,1.67393558774,319909.15956
low,1.67470742059,16634383.5064
says,1.67503879023,19244308.9798
wailing,1.67934782738,625856882.317
worlds,1.68046743016,84009251.4049
and,1.68353006435,19567.3967062
watch,1.68452267748,44069759.1762
winged,1.68531121313,189971564.183
death,1.685808079,4913792.87488
rose,1.68960793396,1083244.42812
regret,1.69179158989,443246503.561
lot,1.69518387968,147319014.517
hearth,1.69695393944,163844491.63
vales,1.70186424582,435100385.938
praise,1.70492508768,10699115.9988
answered,1.70541885627,87280068.8417
sir,1.70673053288,14310593.1869
swept,1.70969284618,153347788.758
sitting,1.71296791229,83633313.1912
terrible,1.71815889474,157035246.589
shut,1.72588231512,34270809.1971
sullen,1.72834495126,422758823.292
piercing,1.73060436303,787469127.424
wrote,1.74099875008,412899541.988
wise,1.74285335324,38941396.9926
whom,1.74660179379,14863095.0135
denied,1.75115805474,385030966.598
lady,1.75285218484,60952.6985302
kings,1.75319906967,82488349.6087
warmth,1.75367944213,460503262.632
sharp,1.75740405023,246605524.986
dusk,1.76291736121,126455591.951
sinks,1.76638532937,479078777.861
dwelling,1.77439368296,231443842.182
canst,1.77789990458,204936652.767
crowd,1.7859549875,80020329.0272
patient,1.79128682801,174439505.363
tranquil,1.7972310006,341401212.581
sunshine,1.79751055007,53796177.9301
awake,1.79958014959,115819155.887
wine,1.80198823258,14562906.071
image,1.81305606983,186318063.231
who,1.81617537463,1133990.50108
tongue,1.81629089042,97398203.0903
steps,1.85343948979,124464933.756
haunted,1.85671407652,375746603.203
enchanted,1.85838015155,387999938.376
begin,1.86237218374,303523058.299
myself,1.87059111927,22426146.1412
swift,1.88034197827,45289834.5436
fire,1.88496012789,16491817.3414
dull,1.88861730304,96676119.2571
re,1.89797200125,110242298.473
?,1.90091701473,278371.498646
strength,1.91050915751,32897972.0726
laughed,1.91839420059,160074669.024
cloud,1.91930164122,49820738.2523
beauty,1.91937231116,8161010.20414
passionate,1.91972459266,254495632.15
freely,1.92346596908,610998724.367
yearning,1.93667332166,201058792.468
claim,1.94241624637,71021248.1885
phantom,1.94277486745,275793055.351
lived,1.94393052568,23841728.3577
d,1.94520598414,3834470.20761
foreign,1.94556503282,304889867.706
mirth,1.94690154064,92729944.707
bloody,1.95354964803,367026329.362
face,1.95688547065,7176646.97432
not,1.95739145534,487042.296682
looks,1.96169446093,49641420.5846
except,1.96180287437,371911345.086
stream,1.96310518083,18391988.2442
finds,1.96970094549,282121874.513
sand,1.97681022008,130175469.697
far,1.97913124776,7187285.28381
draws,1.98021364051,353777054.658
haughty,1.99011232475,372546476.952
bough,1.9934703833,283228474.913
buried,1.99519002035,203139051.936
solitary,1.99607068124,407975701.875
confess,2.00995207134,395097551.645
hides,2.01037914494,812307692.945
slow,2.02005097609,10078660.4563
spent,2.02050586482,86266326.7064
perfect,2.02685921905,52952683.7723
plays,2.03104891574,331329522.961
past,2.03340305576,14917436.8396
grass,2.03367927167,31631731.3271
burned,2.03788248368,324547324.625
blind,2.0393416578,56089600.2408
creature,2.04644373759,48648144.6958
wore,2.0509884315,245545168.453
return,2.05491244166,71818606.4794
shadow,2.05569111982,40445336.0091
sake,2.06810296706,10477824.6816
hearted,2.06960048665,361280621.395
smiled,2.07782385498,119798817.874
lingering,2.08051472616,106623222.685
gathering,2.08267195532,391841688.434
everywhere,2.09471432539,226437686.385
present,2.09610707336,13513579.5423
once,2.0975039765,6177344.18034
dazzling,2.11771113713,630203558.631
books,2.12637323493,45786451.3795
nature,2.13717329576,10823708.395
broad,2.13931616784,102121087.955
bitter,2.14303782118,76210185.7884
twice,2.1448811717,172597711.659
sweeping,2.1481077574,593691226.377
sank,2.15118937393,374618873.087
pleased,2.15744525351,70201695.0875
tangled,2.15749129913,617434872.333
crown,2.16060045274,10501716.299
cold,2.16134346494,15164321.3677
foam,2.16664525001,202172874.754
wind,2.17156992024,5827431.24773
shepherd,2.17171232883,227762139.098
level,2.17233441896,188986013.022
shot,2.1737094191,141593438.975
folded,2.17963109991,471546612.506
knees,2.18401242292,167459374.6
large,2.20351130179,70322236.7842
pride,2.20587552668,45486281.808
apart,2.21600026648,184884091.893
prophet,2.21641151628,310502914.721
veil,2.2260127476,131922850.541
sprang,2.22890666155,329291354.796
roots,2.23158271069,411198824.893
tales,2.23338013276,357622856.845
hid,2.24728796526,200278497.555
shower,2.25668971761,596858702.886
last,2.25806502799,5869749.05028
fearless,2.26359848232,534113402.193
agony,2.2642346286,262246126.238
ghost,2.26745816753,199010111.061
pale,2.26875176228,24912219.2553
ix,2.2707661788,338503077.954
tides,2.27151354017,555574788.846
rushing,2.28335187895,441291361.116
springs,2.2913272456,277704421.514
sick,2.29362140606,157707015.302
green,2.30015545676,12557802.2675
blown,2.31154347767,140431713.899
visions,2.31467594024,230090436.215
awe,2.31471557905,293026445.301
beast,2.3168208354,542069316.802
feels,2.31854216248,520909891.283
outward,2.33058386258,359898011.441
works,2.34878727322,78776055.1765
born,2.36117934241,38896422.4878
trouble,2.36131187371,423719952.321
breathless,2.36220365553,880866837.277
flesh,2.36405073983,104970208.676
yours,2.36825368549,121726878.538
does,2.38168556054,35384231.1327
eyes,2.39196884045,3928548.7826
first,2.39321194502,16460661.3532
him,2.39525187617,1408732.47462
pomp,2.40719531856,290935568.19
theirs,2.40769191501,599646075.021
flock,2.40952695093,753153776.929
"no,",2.42717647108,201169211.937
aloud,2.43071598156,550241935.942
knelt,2.43096844151,476173006.93
thorn,2.43734219273,576620055.843
read,2.46163428612,53870044.1123
lying,2.46552682021,150009358.269
turning,2.46703130956,162602962.761
proved,2.46992123964,388653843.033
half,2.47211679171,13554957.0184
ripe,2.47300053467,760798881.02
nor,2.5027613789,5464565.47002
walks,2.50476899908,394009900.816
gleams,2.51316809624,293002993.995
breathing,2.52040723988,333000898.659
blowing,2.5207386573,428529731.169
breeze,2.52266220191,81932356.2717
witness,2.52565731789,668310383.448
poets,2.52830378073,198746292.698
snowy,2.53958908945,424565805.061
presence,2.54160569781,103082772.051
wan,2.55230986052,379243586.467
sole,2.55765727883,414046592.849
cried,2.56257308286,67747852.9719
brought,2.56406753051,76077207.5303
ground,2.5747827584,74441634.7637
current,2.57773450639,1025218304.5
jealous,2.58008887428,867370659.934
wound,2.6091827137,367763087.859
what,2.61366148061,1805545.07225
hollow,2.63701823493,153253860.756
shook,2.63755526306,321917709.247
heroes,2.64797447197,321145577.592
grown,2.65596425921,150350304.717
how,2.66509576748,2932392.84039
whate,2.66545911695,702266006.899
spake,2.67377942514,91419698.5221
cost,2.69258483356,857804902.761
space,2.71867160413,124046256.755
!,2.74254157337,70899.4644983
such,2.75462458136,6704943.10449
weight,2.75894065846,600175395.152
still,2.78764060059,5129833.16436
stir,2.79403214037,258245840.765
raised,2.80022467222,192323361.754
slowly,2.80396541333,81728339.6372
wakes,2.8094283765,724201559.545
faintly,2.81605497951,695050100.872
trembled,2.82097233304,1381880366.55
helpless,2.82371337757,611382041.48
drawing,2.83666517798,751352965.831
:,2.84315318819,209364.48452
against,2.84436433752,44105572.732
fancy,2.84513876151,64438812.0475
she,2.85743480398,409684.81063
coast,2.85750059057,587291815.575
passions,2.87273414577,407460765.989
murmurs,2.88576195447,958715587.775
fancies,2.90817271086,518339775.648
pines,2.91690287683,398346278.233
starry,2.92888677349,216262448.168
meek,2.92993068435,501390848.344
parted,2.93616705911,542759707.767
gardens,2.93691006877,624061670.112
leapt,2.94389255611,652851240.091
blast,2.96808266679,323311790.859
brows,2.97588728577,583943470.91
reached,3.0019369204,158602973.051
clear,3.0147048618,30757408.6589
knowledge,3.01736779841,259231419.777
letters,3.04395882773,279248915.991
moan,3.05313387639,336321040.632
laws,3.06973179908,147526105.031
wert,3.07383138261,367230828.513
chance,3.10768966057,335790239.429
wherein,3.11658236453,338214160.588
red,3.11859193112,20076580.8937
age,3.12025520022,61008213.9734
forehead,3.14111732103,733319662.653
blows,3.14460940722,290061553.564
sees,3.14807121433,310690867.804
vainly,3.15507320325,525411290.233
smooth,3.19787171023,518268624.307
brooding,3.22548197234,992934542.165
happier,3.22635667059,1110061327.34
household,3.25264670129,1089277912.82
p,3.25649901426,33590159.1678
angry,3.26693343679,593300230.908
dared,3.27522320327,481867633.754
murmuring,3.3099051609,723759044.583
cheerful,3.31221158183,559770643.613
worn,3.35507527649,198333131.357
breath,3.38147460291,46639339.3973
heavy,3.39388160079,149269753.354
pang,3.39564727184,1223198933.34
her,3.42697711688,258697.95376
crime,3.47298559717,363859458.935
nights,3.52862473172,234329382.964
whereon,3.53463993889,1210424724.61
poems,3.54228475539,72534403.9433
thick,3.64489442709,214690299.604
limb,3.65021573137,1228663137.16
round,3.65841444997,21652315.4946
change,3.66472557487,154273976.641
trumpet,3.66939970744,1156040630.81
inward,3.68952275498,1145035556.15
whose,3.72628933844,8874160.42544
folly,3.73169251237,571766152.357
shakes,3.74321939351,1114707627.56
yellow,3.75790170442,174514445.031
secrets,3.97024171884,1381414496.52
lest,4.00870944253,244090942.504
spoke,4.05350520175,154166550.289
graves,4.12060669382,617449681.307
blew,4.2167603254,695199985.358
doom,4.4026289989,305671885.491
fresh,4.55578609222,195501342.068
harsh,4.59428263188,1692388104.19
black,4.61374085862,56741067.4951
evil,4.70729307318,225428688.001
seasons,4.74008838271,708649954.63
sign,4.77582884526,295087813.837
hers,5.19505904307,728865546.382
