unexpected,-4.16968937316,-4541780624.84
quietly,-3.80459770161,-559898612.837
beloved,-3.56838076911,-1279373011.22
morning,-3.23869253836,-89640065.6209
latter,-3.20312124742,-395301824.826
nodded,-3.16683302642,-263546593.413
invitation,-3.12520581953,-3049480129.25
peaceful,-3.05038896689,-4617855514.83
dreaming,-2.99475239317,-5424153863.85
morrow,-2.93992708533,-375556896.519
astonished,-2.92430981719,-2823270113.81
chapter,-2.87593244379,-127213879.36
hall,-2.76291521949,-81568695.3656
crossing,-2.72901873986,-4863075239.78
early,-2.72450084876,-391682625.475
soon,-2.66103939751,-57400398.3662
does,-2.6603821443,-61015149.0785
game,-2.64854488737,-608972405.284
mercy,-2.64721493635,-1235836860.97
chain,-2.64640897263,-2086054909.46
flesh,-2.63709394296,-708161440.929
instance,-2.61634627087,-1690675716.77
occasional,-2.60902721307,-4921064382.76
plan,-2.60547381631,-772262052.81
lose,-2.60133193608,-1500065851.01
just,-2.5929274106,-10469308.1889
aunt,-2.52796015874,-14869365.1946
giving,-2.51317521436,-832185585.217
o'clock,-2.50262448233,-302378472.942
dozen,-2.50183796473,-714614688.405
tear,-2.44278517311,-2452739089.17
told,-2.42356200914,-27459044.6435
fool,-2.42286370222,-341890422.2
match,-2.40749176416,-1895202321.61
home,-2.40519117272,-20885590.3794
mistress,-2.39953923038,-88608912.1739
bit,-2.39643105821,-68792278.0736
seek,-2.39217750118,-1081550220.7
stared,-2.37676552469,-236783050.154
breakfast,-2.35912050096,-366054945.72
flight,-2.34593455021,-900171893.373
rang,-2.33536988412,-1583894135.22
return,-2.32127008456,-209465223.798
until,-2.3006049936,-34717723.7665
assured,-2.28444609591,-1482910661.6
peace,-2.27125019104,-47945859.0669
fair,-2.26844953575,-149816925.183
tenderly,-2.24048009004,-2109900957.81
for,-2.22103531391,-1537692.27847
'll,-2.20529456833,-5262826.17026
unconscious,-2.174229593,-2062429352.58
fun,-2.17384585971,-732612528.234
waiting,-2.17367542685,-335658571.356
reach,-2.16586571061,-620999574.205
eyed,-2.16169807966,-1190907404.76
path,-2.16152583201,-305342966.459
grand,-2.1495353,-387630011.306
children,-2.14158805789,-20509356.9981
bending,-2.13709862107,-3259118315.85
two,-2.09841759145,-15716181.7611
information,-2.09537640643,-792997232.655
vivid,-2.09292919812,-3099348106.44
pocket,-2.0766116144,-278893080.955
your,-2.07291773021,-2747552.47808
distinctly,-2.05694644536,-3303458783.96
flashed,-2.05579916266,-1512278377.48
stirred,-2.04842877592,-1805406015.24
nice,-2.03921636959,-109307198.076
decided,-2.03849668551,-393783436.609
shows,-2.03846480511,-5041644960.66
lovely,-2.03746431932,-207748567.121
shall,-2.03369805573,-14002158.9406
glory,-2.03248376055,-559923297.622
fairly,-2.03115765893,-858362684.094
promised,-2.02003914642,-726188453.828
climbed,-2.01658356056,-1166356692.47
hole,-2.01332006699,-555338492.039
track,-1.9956223838,-1172954106.84
guard,-1.98431445496,-284958740.142
rule,-1.98039527728,-1682141183.36
mad,-1.97809659571,-457012293.846
caused,-1.97795309476,-796768529.523
cat,-1.97376130118,-99651385.6467
's,-1.97221193092,-331598.211055
sake,-1.96792412774,-371371199.997
hollow,-1.95293838093,-916656094.755
muttered,-1.9471775454,-492128385.13
scheme,-1.94184708021,-946638208.031
brain,-1.93892022366,-518095633.631
forget,-1.93760798808,-461984096.36
intended,-1.93735622466,-677720307.831
basket,-1.93537071595,-767855282.565
placed,-1.93154232432,-290998298.729
experienced,-1.91730405443,-2380367062.43
make,-1.91451027136,-31133257.074
marked,-1.90205791242,-1442681104.53
mixed,-1.90062309821,-2861852720.13
dear,-1.89281945058,-12788060.6047
mysterious,-1.87753813936,-872451239.181
sigh,-1.87063551146,-850665912.196
interrupted,-1.86742566687,-598056360.944
denied,-1.86460295153,-4238924323.29
^,-1.86265714452,-7841134.77232
occurred,-1.85712070134,-838675603.012
queer,-1.85647615397,-384295973.192
imagination,-1.8449421079,-706112380.066
fly,-1.84348696031,-357081602.208
yours,-1.83250149313,-565980795.101
merry,-1.82725155481,-921781665.317
reached,-1.82571002026,-158092386.061
earth,-1.82035100106,-104810165.145
disturbed,-1.81533664464,-2254616289.2
gift,-1.8152505056,-1619347813.5
gives,-1.81387663731,-1508970064.79
conclusion,-1.81094985202,-1812822672.52
sudden,-1.81028522744,-171502021.541
caught,-1.79367492186,-168630023.841
ring,-1.7933256833,-98084349.1161
devil,-1.79091349733,-315630436.967
ride,-1.78951740929,-286848801.972
heaven,-1.77700019173,-118081577.442
unfortunate,-1.77440184136,-1449614125.86
wishes,-1.76941322913,-976973669.965
fifty,-1.76785256448,-299451923.207
particular,-1.76769715639,-531371248.746
search,-1.76411682723,-577159969.689
little,-1.76346427222,-2550670.06126
proof,-1.7615496887,-1368683283.48
absence,-1.76114360141,-1072579338.18
missed,-1.75807966633,-1659072195.9
useful,-1.75005716863,-1947180231.3
surprise,-1.74596196338,-341485266.162
hills,-1.73894295653,-173035511.928
yards,-1.73384006052,-337778979.6
x,-1.73068913811,-823211388.857
as,-1.72965818589,-645139.094078
#personalname,-1.72682118401,-53258.5990253
mark,-1.72347526239,-13824434.4275
possibly,-1.72302047522,-563367738.323
opposite,-1.7225703204,-629209395.131
grim,-1.72038336734,-2040178696.26
position,-1.7184823714,-166710322.359
ones,-1.71836698541,-284693174.76
battle,-1.71543066539,-125985193.329
succeeded,-1.71459829556,-1190656716.97
separated,-1.71077212504,-2703338991.75
neat,-1.70669639048,-1645143298.23
age,-1.70205193362,-257523398.114
rest,-1.69540260395,-130276965.835
dropping,-1.69231092215,-2814717913.79
shortly,-1.68951489669,-1392619534.18
extreme,-1.68419977532,-1718111454.55
prevented,-1.6824790876,-4065336316.8
eh,-1.67846121676,-255742995.498
quite,-1.67810606446,-13453942.8596
beast,-1.67737300679,-440419880.604
ages,-1.67719467273,-1830884199.62
scarcely,-1.6695560738,-123520074.554
price,-1.66704230209,-957330292.887
left,-1.66637903337,-48892945.0962
appearance,-1.66447694,-302514857.62
notice,-1.65337218945,-497476231.973
warned,-1.65208027255,-2582256539.35
cloud,-1.65060892799,-643731686.523
task,-1.64535669343,-937914156.772
thanks,-1.64277860122,-757727492.168
ends,-1.64211158078,-2806121723.1
death,-1.63997865246,-55505313.743
prepared,-1.63933730292,-830792847.517
bright,-1.63759070076,-17397171.2368
bless,-1.63400987297,-553645047.463
crushed,-1.63330193972,-3492113880.65
cross,-1.62988264562,-400926205.141
answering,-1.62630784915,-3561985141.01
last,-1.62568444953,-24179467.1479
affair,-1.62567385189,-357637499.226
simply,-1.62522914873,-115677311.762
wretched,-1.62484098015,-919447005.478
later,-1.62048146514,-86391246.33
naturally,-1.6177567081,-635877468.083
tender,-1.61528707708,-384073008.004
inclined,-1.61294768492,-1337804070.57
awkward,-1.61228051926,-2465094942.86
unless,-1.60752273646,-591891367.752
wealth,-1.6047979165,-635637813.22
unusual,-1.60379076756,-1617494592.6
possessed,-1.60212776161,-748151684.181
replied,-1.59974552539,-10516941.0515
older,-1.59940867181,-731972968.643
astonishment,-1.5943634373,-1052119363.06
willing,-1.59379578771,-245203233.105
teach,-1.59137731139,-957675620.999
calm,-1.58752107247,-398730305.937
acting,-1.58332014839,-1392284464.31
promise,-1.5829605035,-328194132.912
approached,-1.57218430569,-729185645.784
answer,-1.56869004193,-102337392.904
wicked,-1.55884764195,-1074825943.01
box,-1.55629954074,-121861104.211
reminded,-1.55611851374,-2052106941.29
apparent,-1.55578805564,-2089916713.26
wild,-1.55369786743,-41616893.8933
thank,-1.55197853814,-192195176.604
girls,-1.55057758015,-41451034.3788
riding,-1.54590895809,-504356170.128
wife,-1.54115503315,-16248249.1752
sorrow,-1.53761050946,-333530221.42
considering,-1.53252776621,-2489895094.04
strength,-1.52783788189,-232381243.775
hiding,-1.52708093404,-1244883411.5
birds,-1.52346582986,-171606125.095
completely,-1.51924962412,-674767056.172
patience,-1.51691508077,-1078221153.61
ten,-1.51529878847,-129901218.222
own,-1.51516482951,-11346272.0012
swung,-1.51459590551,-478691108.825
speed,-1.5099855184,-776178437.45
faced,-1.50990694386,-650820245.821
refused,-1.50617250752,-890645287.087
child,-1.50132718827,-10096113.258
fought,-1.49630661962,-764803148.262
younger,-1.49354015422,-728420686.947
queen,-1.4913155648,-42967177.2829
uncle,-1.49080343201,-17362323.155
fight,-1.4904659229,-145038745.901
neglected,-1.48816237587,-3001514446.78
tea,-1.48604758386,-66468232.8336
dreams,-1.48098152414,-638255074.049
pointed,-1.47988370869,-696745442.244
wound,-1.47881976255,-1192248950.59
you,-1.47827807221,-94925.8311942
else,-1.47800575529,-65807728.9621
discover,-1.47721713159,-1609733361.61
returned,-1.47500630034,-40748366.3365
delicate,-1.47487115624,-383165705.274
glanced,-1.47486776679,-216308579.52
law,-1.47448482628,-142689905.451
loose,-1.47090362261,-657037707.377
received,-1.46643870257,-185377896.605
belief,-1.46588700426,-1138267824.7
died,-1.46399830483,-260822425.613
entirely,-1.46380440522,-312589525.089
evening,-1.46120528601,-56551349.9662
attention,-1.45949620746,-285706844.571
slipped,-1.4525378448,-536880487.402
altered,-1.45127130822,-2851511897.44
kill,-1.44032620679,-206359706.688
joined,-1.44027245561,-1045282486.67
join,-1.44003041266,-1192685157.99
suddenly,-1.42965233767,-34786740.9684
jealous,-1.42104301487,-1204770670.59
mental,-1.41025017168,-597118672.861
ago,-1.40985546815,-139606425.391
yourself,-1.40871908788,-109203185.951
bring,-1.40867381095,-195609487.332
extraordinary,-1.40063195925,-852932820.524
storm,-1.39217360535,-307156836.192
flushed,-1.39051814196,-728736104.083
gentle,-1.38341415299,-378624346.788
ready,-1.3813539674,-115722775.683
abruptly,-1.38007538682,-501412137.632
win,-1.3795481303,-385415180.983
bird,-1.37802719546,-47960460.5538
husband,-1.37742172838,-23869347.6885
old,-1.36889921894,-2957588.06148
afternoon,-1.36481158673,-110547307.244
grave,-1.35731825846,-237140580.454
act,-1.35577656739,-314819460.871
care,-1.35183517424,-75494850.9817
roll,-1.35087956599,-1616140949.74
affection,-1.34794525005,-279472917.08
entire,-1.34597095305,-639530227.668
quiet,-1.34456210961,-118713749.216
will,-1.34005618881,-1411949.07597
miss,-1.33720177159,-1823363.59646
terror,-1.32793020613,-412837681.027
holy,-1.32686774225,-192004962.23
touching,-1.32666434879,-1799528005.95
divine,-1.32607021844,-522511094.634
previous,-1.32380504015,-739753634.0
paper,-1.32257367659,-110358883.33
nurse,-1.32137482527,-289160165.011
admitted,-1.3209888089,-612537847.523
tossed,-1.32038140488,-1780611023.07
crossed,-1.31963181766,-498244791.401
shadows,-1.31836607986,-463419877.382
tongue,-1.31351664723,-514209473.182
looks,-1.30836438614,-168386236.086
comfortable,-1.3062187686,-515752082.461
fitted,-1.30574929368,-2624829082.14
possession,-1.30525819754,-568435025.778
gold,-1.30291641074,-76890019.7128
show,-1.30004003041,-131897498.624
disappeared,-1.29976308363,-633661849.101
fashion,-1.2981654625,-404917438.938
off,-1.29809907836,-12397797.6575
returning,-1.29612764398,-891992117.671
fears,-1.29605281687,-1294752146.85
suspicion,-1.29604068183,-564830294.959
attached,-1.29451432994,-1958472134.46
ahead,-1.29358450774,-229854180.88
attack,-1.29299784806,-566060875.468
seat,-1.28975596677,-141030158.553
devoted,-1.28495262349,-1284729562.3
correct,-1.28445156749,-2472571768.83
claim,-1.28217215301,-836508711.561
warning,-1.27861231937,-1238948244.39
safe,-1.27758731684,-158781937.062
slightest,-1.27238998641,-1248028284.86
both,-1.27134148118,-54207450.3252
night,-1.27105843504,-13126022.0787
repeat,-1.26911239828,-2717354720.22
permitted,-1.26702715068,-1214883207.6
wasted,-1.26487572936,-2594723474.61
greeted,-1.26131062004,-1958590988.86
evidence,-1.25883243954,-176373953.892
handsome,-1.25698430591,-14281052.8087
save,-1.25667965527,-133503230.632
sweet,-1.25664747337,-72723291.3802
fierce,-1.25642339668,-647374557.295
asked,-1.25507351817,-9058189.22672
credit,-1.2515737858,-554065820.581
blessed,-1.25008005388,-482360146.696
absent,-1.24924378008,-1760283299.73
proper,-1.24910329004,-558962863.541
instantly,-1.2485789395,-425460892.446
stones,-1.24400745788,-348594354.012
catch,-1.24399213249,-363266768.474
let,-1.23943377926,-23836497.5273
try,-1.23906611171,-136279802.002
lad,-1.23802709575,-64098693.3
during,-1.23789892998,-85255288.5365
rage,-1.23707422022,-755970336.099
wave,-1.23239529654,-1011087856.82
thoughts,-1.22833825889,-86298834.9338
dinner,-1.22617302053,-68276023.4521
locked,-1.22042862202,-947285356.712
guests,-1.21761776044,-335708387.857
useless,-1.21388751445,-1107567357.6
lucky,-1.21107534429,-1261397603.54
striking,-1.20969104982,-2059737960.67
*,-1.20738412771,-3128813.01126
follow,-1.20730470436,-446002202.574
faithful,-1.2067781031,-747511267.849
if,-1.20443487955,-1797143.58552
meet,-1.19840435261,-181508270.546
its,-1.19808353407,-3936828.523
truth,-1.19654351586,-87695496.5648
nearly,-1.19146839647,-137754630.58
lead,-1.191190978,-633039357.876
faith,-1.18942816692,-146684767.371
fatal,-1.18884076806,-1286354148.51
concerned,-1.18356563726,-879680616.225
get,-1.1834243441,-5086544.52193
period,-1.18203128251,-690885945.635
table,-1.17815260946,-38262945.9077
indignation,-1.17794395444,-1258058540.27
keen,-1.17384572491,-655503151.705
closed,-1.1731298726,-149042922.37
take,-1.17163977634,-24792633.9802
starting,-1.16961053522,-1484616726.21
suggested,-1.16817251213,-306099909.847
childish,-1.16773566555,-1271144686.78
give,-1.16773550873,-32138197.7918
stream,-1.16769843454,-277529820.86
finally,-1.16506841477,-161582020.639
yet,-1.1636895823,-9488500.89589
visible,-1.16265675203,-737051886.001
leaving,-1.16241364282,-361536187.099
dropped,-1.15972162182,-238861336.156
guilty,-1.15688791415,-429338704.419
demanded,-1.15558632297,-198497879.889
dare,-1.15512092709,-240698462.201
opportunity,-1.15359559003,-296663842.78
chair,-1.15297461932,-52830236.4659
girl,-1.15267699076,-6524063.88681
form,-1.14866814765,-153337441.985
throw,-1.1416529296,-1103357977.95
occupied,-1.14063003398,-607750855.0
years,-1.13615480957,-19607909.3262
after,-1.13361297035,-9440882.60674
nine,-1.13310545751,-458188806.798
member,-1.13180022244,-698173174.562
a,-1.12979258605,-127349.600305
?,-1.12902886408,-277259.661792
abroad,-1.12747359379,-914956792.545
dreamed,-1.12014940508,-1296467654.78
straight,-1.11741117817,-138966773.881
likely,-1.11402751299,-185481881.091
nearest,-1.11173667433,-1457107946.37
green,-1.11014354501,-38274866.2738
'',-1.1094472444,-4512804.61343
dog,-1.10902306776,-19761425.9106
happened,-1.1086900012,-96664428.1218
informed,-1.10727787662,-575481620.251
south,-1.10078600118,-122957250.614
fingers,-1.09701186889,-118331961.536
please,-1.0874602445,-107964888.748
office,-1.08603678046,-36568435.3286
song,-1.08521629459,-235818129.191
afterwards,-1.0837447482,-170473735.465
necessity,-1.08341637937,-1107448301.19
bottle,-1.08318585916,-172153896.793
up,-1.07773491501,-1395657.72539
true,-1.07743742018,-54763481.6518
comes,-1.07398130392,-215036812.695
wood,-1.07192355142,-76160374.3624
lesson,-1.07076555875,-1041429896.79
realise,-1.06756854404,-445479114.958
escape,-1.06566992812,-167933686.952
mrs.,-1.0646921252,-991638.913616
fighting,-1.06341323161,-311047044.637
silently,-1.06031028009,-757039327.395
grace,-1.06008912689,-7691463.43486
sprang,-1.0596871884,-365907410.635
wings,-1.05954601308,-373759805.687
flash,-1.05542976602,-846082032.563
urged,-1.05353473933,-1014522602.42
usually,-1.05256957388,-419775043.642
given,-1.05132957429,-100294453.558
message,-1.04811385004,-431373197.048
features,-1.04765059512,-383849239.358
stairs,-1.04618185466,-110079882.943
pillow,-1.04469551844,-566616796.876
finish,-1.04440105057,-1418894411.61
bank,-1.04415247688,-98643280.8206
turns,-1.04346903893,-843163862.766
visit,-1.04248528916,-154182967.692
spot,-1.04197316325,-254439559.827
unconsciously,-1.04164519475,-2037683401.0
eyes,-1.04141215566,-4330112.2434
buried,-1.04071500957,-680121619.767
tore,-1.04037325852,-1773165815.45
",",-1.03996196635,-7142.63348756
slip,-1.03887374565,-1317792615.58
proceeded,-1.03787486544,-295774053.544
earnestly,-1.03693914768,-777539819.222
busy,-1.0355713616,-243757504.084
measure,-1.03470519023,-1187809517.95
rock,-1.03057029531,-89008446.4278
footsteps,-1.02562074408,-1165702223.86
shouted,-1.0251639289,-144142309.045
school,-1.0164828685,-15886059.8545
accepted,-1.01510047297,-587225024.629
sign,-1.01395264019,-404967585.49
sure,-1.01219376807,-24999180.3237
takes,-1.01161125859,-571571341.549
staying,-1.0097371418,-1424960807.35
crimson,-1.00595782185,-520610357.145
mile,-1.00460192861,-338321802.3
readily,-1.00394774734,-1332115886.12
prefer,-0.998364282298,-1716083295.31
welcome,-0.998196143674,-458866839.844
dawn,-0.997512417296,-495952128.336
eleven,-0.995170643392,-989503692.136
helpless,-0.995056677182,-807913606.719
use,-0.993664257188,-122139645.053
seldom,-0.993471671969,-689811334.08
contained,-0.992150360535,-1031404855.05
across,-0.991989404682,-28266308.7535
setting,-0.988267444289,-1222841113.98
directly,-0.986009635397,-352882569.057
former,-0.984938550363,-358980177.857
wandered,-0.98461414177,-1191961020.61
can,-0.981815208823,-6121469.44622
impulse,-0.980838476426,-637544231.475
charge,-0.979435918362,-296640705.544
fat,-0.978189698302,-220239963.939
ii,-0.975942213839,-224338961.657
#dayoftheweek,-0.974395093437,-29163636.802
violence,-0.971856414439,-1459699877.0
necessary,-0.97028521106,-215171008.056
drew,-0.968492493821,-90141024.9441
killed,-0.968489187964,-134714974.777
future,-0.968013566959,-148546300.257
dance,-0.966346258811,-124674701.086
rid,-0.96604060682,-1490446203.66
thoroughly,-0.963357451243,-468402675.781
brings,-0.960665043378,-2503530962.15
throat,-0.959195816963,-250302644.097
fed,-0.956498415559,-1393190932.94
seeking,-0.956076684722,-1082997936.47
trick,-0.944229794618,-1028931224.03
continue,-0.944173645919,-1455404643.85
store,-0.942424689998,-123935843.492
immediate,-0.940674896383,-1173815085.28
trembling,-0.939117348324,-393133067.717
number,-0.93861247066,-170778975.809
beneath,-0.936648418006,-78932169.1055
receive,-0.934949852301,-511344290.801
end,-0.933895567051,-46339565.2893
intention,-0.933090112672,-634567501.875
around,-0.932992069852,-9702913.2245
desk,-0.932544414606,-123207681.452
might,-0.932274936258,-6324035.56555
wo,-0.932078772764,-32084153.0528
impatient,-0.929779956218,-1233511165.8
nervous,-0.928780541811,-435999667.535
soft,-0.928240051916,-96547037.2196
saved,-0.926908981407,-530549328.104
minutes,-0.92561975224,-70782348.5613
pockets,-0.924566380972,-900386261.984
oh,-0.924494711496,-4556842.78415
dream,-0.924476494336,-199524995.956
shock,-0.924449292646,-632918669.688
jumped,-0.922787347911,-567356517.944
part,-0.922232877436,-49827931.1217
instead,-0.920692470269,-186461525.955
recovered,-0.917096680013,-1105997896.55
answered,-0.911732896628,-7398912.12687
hastily,-0.910820857945,-345521819.852
king,-0.909804150938,-3405702.40027
departure,-0.909384490946,-705639818.839
yesterday,-0.907319409223,-374691244.756
proved,-0.905631934716,-399634024.19
check,-0.90445203594,-491265622.429
golden,-0.903419709095,-153106723.223
murmured,-0.903414765648,-166892633.062
prospect,-0.902516560675,-744137742.14
finished,-0.901681796696,-223936818.309
still,-0.900919452191,-12059449.407
knows,-0.89942112327,-150841259.779
blind,-0.898575847474,-143648282.526
who,-0.896822632147,-1825545.78276
pleasant,-0.888233520268,-84119358.3965
contempt,-0.888155259813,-896102793.462
has,-0.887811750818,-2293420.07657
worth,-0.883231477691,-130227000.273
refuse,-0.882646015292,-829670450.384
again,-0.881002203792,-5438725.8516
angrily,-0.880571691273,-797549920.738
complete,-0.876659636067,-468227983.306
are,-0.870659792276,-1252318.04384
agree,-0.868165830124,-846208807.459
wise,-0.864154454084,-180318393.586
pile,-0.863813604181,-455287035.942
sensation,-0.862376545346,-860190257.87
aloud,-0.862212941753,-437603141.425
utter,-0.860131773247,-587516666.565
staring,-0.859783910835,-213746364.089
beautiful,-0.859211964359,-28244780.5793
keeping,-0.858485010969,-530967633.571
although,-0.855467638382,-30158850.2321
almost,-0.854144280739,-17087432.195
altogether,-0.853741248693,-172269986.961
senses,-0.853257372506,-767847703.469
sin,-0.85112059182,-192325648.321
events,-0.849073067882,-236344641.429
waited,-0.847440636671,-167509757.805
watch,-0.84393708524,-84806462.829
dashed,-0.841982760234,-1012444798.29
desperate,-0.841860902383,-706493794.041
assure,-0.837395737948,-806385447.105
',-0.835701776326,-15835.2620741
uncomfortable,-0.834428128773,-1180774508.21
rolled,-0.833006480086,-483961520.873
triumph,-0.829777720062,-784305222.809
rate,-0.829405106612,-157987761.863
stole,-0.82837335195,-475906225.244
rapidly,-0.828222163024,-260326645.654
calmly,-0.825608762257,-713985418.357
gazed,-0.824614633095,-285682208.028
draw,-0.824533114535,-559556863.634
fish,-0.824325773113,-57227438.8341
goes,-0.823105430637,-225640609.789
've,-0.822550681411,-2925566.94894
occasions,-0.819408259218,-1208687282.03
handle,-0.817093373401,-1006932250.35
making,-0.814563844448,-108113393.74
hour,-0.811048879464,-49025298.3917
presence,-0.811043381614,-116739339.829
coat,-0.808875713974,-115657520.369
cheerful,-0.807857433647,-498014729.571
pointing,-0.807401887029,-730151241.229
smiled,-0.804825091936,-45326229.0517
blow,-0.80274594092,-293547614.291
well,-0.801707485848,-3518564.57541
believe,-0.801223747672,-26416108.0663
remarks,-0.795304099831,-838419794.933
pressing,-0.794824234313,-1418510784.67
settled,-0.794096067519,-362456665.809
dignity,-0.792489902293,-516071028.156
anxiously,-0.792049742434,-795596723.093
interview,-0.792036570324,-367032777.294
spite,-0.790730151865,-156977173.149
send,-0.790660561691,-172695624.807
shook,-0.789391686407,-68010773.0945
glowing,-0.788239322122,-1254532876.25
confessed,-0.788224809875,-789584918.741
decide,-0.783245071343,-1111828613.42
sufficient,-0.779777815035,-450961238.129
singing,-0.779148684454,-205188195.075
flying,-0.778500373999,-494662926.95
plans,-0.776582839512,-330606135.955
private,-0.77457834153,-164529861.499
movements,-0.773947212293,-839439822.561
inside,-0.772249522807,-88809961.7004
voices,-0.771656459032,-202058970.424
st,-0.770872655653,-7840698.62024
turning,-0.770075899274,-125009719.694
story,-0.769941222197,-33813090.927
delightful,-0.769662517812,-380749312.679
handed,-0.765877521573,-426187713.983
loves,-0.765244396074,-432209538.834
firmly,-0.762706200992,-681187374.211
through,-0.760526824319,-7599071.47546
removed,-0.760501309287,-546572632.241
best,-0.758963077127,-39756690.2097
front,-0.758922827124,-39291033.5985
decision,-0.7583346715,-549614880.126
inch,-0.758192184387,-965385746.439
pray,-0.75812582956,-182609265.316
practice,-0.757706535166,-766773314.214
sight,-0.754776249159,-57364358.4057
branches,-0.754498015019,-460355265.306
curiously,-0.753789818946,-661830475.318
farther,-0.753431620807,-276420003.137
drank,-0.753259076197,-464267616.088
suffering,-0.752229328497,-213292639.035
burden,-0.751611204673,-714512089.126
hundred,-0.749673214261,-36626097.7873
allowed,-0.749530055958,-253166629.314
married,-0.747741862306,-39845478.3965
gently,-0.747221674722,-209592156.516
mentioned,-0.74585172666,-473501727.928
pink,-0.744263267415,-241555445.729
efforts,-0.742177247654,-784901181.571
violently,-0.741136718111,-1271303152.75
delighted,-0.740637414906,-363429131.395
soul,-0.74011445905,-32737273.5088
big,-0.739866997743,-11427553.9747
searching,-0.739296067488,-1162657655.51
hurt,-0.738920558499,-126862844.623
mighty,-0.737784657014,-109164477.543
clear,-0.737760292137,-85288611.2545
surface,-0.737598273428,-298402439.309
finger,-0.735586742778,-270887174.194
watched,-0.733232366263,-98700976.1065
tiny,-0.732068471441,-195775154.619
stare,-0.73146831863,-964982978.787
fortune,-0.729076216388,-121925973.844
gather,-0.728323188951,-1345763869.03
revealed,-0.728130131083,-728358614.291
reasonable,-0.728111255483,-1297245173.43
wherever,-0.726619533488,-1191774739.47
warm,-0.726409622758,-126903400.285
remain,-0.724854647698,-197103830.505
glimpse,-0.724811420704,-1078408318.24
gaze,-0.723792868509,-225862538.414
carry,-0.722729752513,-223242345.951
band,-0.722645753721,-324246719.052
stick,-0.722119834236,-321155878.029
too,-0.720983400278,-5294596.50195
declared,-0.719267495807,-134987031.384
highly,-0.718828343184,-901071941.046
spend,-0.716682520608,-418458831.077
to,-0.715414604982,-65628.5857174
!,-0.713864562772,-109770.924428
heart,-0.712435525389,-5025734.23449
word,-0.7098593273,-35576605.1987
stuff,-0.707366425612,-268204715.941
young,-0.704191596888,-3555158.85429
open,-0.701912214451,-49334828.0939
bones,-0.7016893049,-648873814.994
chances,-0.697371762987,-1338364946.67
troubled,-0.696411855918,-459052738.148
regret,-0.696259399594,-414380703.06
leading,-0.695338348286,-486254535.128
few,-0.694267581111,-16150344.0086
passionate,-0.694001100271,-455676639.521
interested,-0.692456910758,-205979360.952
summer,-0.691314034041,-72931638.7101
determined,-0.691053365753,-167989244.593
friendship,-0.690991169176,-306152292.517
powers,-0.688386288582,-314504161.7
dim,-0.686377232047,-327641855.105
church,-0.685725487436,-15965741.8824
precious,-0.6851588293,-519215517.314
dining,-0.68396730164,-315572593.737
pause,-0.683579223221,-217521348.213
stepped,-0.68333324095,-166905649.606
ca,-0.682991075006,-11465475.8275
#monthoftheyear,-0.682550728482,-2582651.96919
our,-0.68163880167,-1473348.59341
stiff,-0.679443377432,-625684529.93
is,-0.679266645249,-155575.482394
sore,-0.673808158505,-771393970.775
days,-0.673788891086,-29913744.6724
fate,-0.673101250115,-194863133.11
visited,-0.670121487507,-927299723.641
it,-0.669941064591,-105832.780466
men,-0.669293749145,-2543670.20682
meal,-0.668462924659,-400876499.224
village,-0.668127075288,-28494993.6837
keep,-0.668025751491,-34926581.5402
letter,-0.666823805171,-16462465.6185
circumstances,-0.66668700702,-131942120.969
carpet,-0.666259927909,-607835510.45
loving,-0.66428118904,-190701603.704
weight,-0.66427140809,-321513844.222
blood,-0.663499174101,-46565103.5238
start,-0.663194024768,-148063563.152
properly,-0.66177929084,-1326697028.64
reply,-0.661687477713,-77935786.358
short,-0.661276651825,-71096368.2018
meanwhile,-0.660420877699,-244358276.633
drawing,-0.659712798923,-98981938.0781
tired,-0.659461043194,-87523895.7697
skin,-0.65943950704,-215925790.234
hands,-0.655637862439,-14685724.0139
lady,-0.655631126585,-2003857.40071
power,-0.653213020794,-38257208.959
cost,-0.652424588876,-384768392.415
day,-0.651296175231,-4282505.11095
knowledge,-0.650165426858,-127988172.802
generally,-0.650010202829,-211130707.902
remarked,-0.647840599575,-56105514.6745
anger,-0.64611184103,-215338334.464
double,-0.64604490464,-562169958.08
safely,-0.645965112985,-1018601607.04
son,-0.645175553838,-10990050.975
knees,-0.643886595051,-161087110.002
clasped,-0.643112714939,-327098832.873
safety,-0.641335043435,-348487411.795
're,-0.640504170458,-4482945.44767
play,-0.637223162389,-56341272.5648
accident,-0.636176486589,-248184886.262
n't,-0.635878343623,-92406.1144005
rights,-0.633254609583,-502574419.958
beyond,-0.633065867293,-59189697.9096
cruel,-0.629206118954,-188195852.474
cousin,-0.628442329549,-13396130.6047
sunk,-0.628163203912,-853684446.131
watching,-0.627893895942,-115465506.871
order,-0.627808100436,-53467617.9441
breathed,-0.627354811977,-1200389200.3
thoughtful,-0.625607999406,-1033194900.19
possible,-0.625313519929,-48701255.9734
flew,-0.624953607603,-442045466.128
fit,-0.623678681473,-284774926.16
splendid,-0.62205269702,-309031983.995
swept,-0.621629361314,-309045217.842
happier,-0.621509553113,-1145841909.5
demand,-0.621458883214,-1133931263.8
forward,-0.620291864819,-38873604.5792
wonder,-0.619499600523,-77245912.893
spirit,-0.617411704662,-65375615.3971
door,-0.61599472799,-5057668.67213
presented,-0.615613684658,-488193094.725
side,-0.613967124027,-16473301.7812
master,-0.613636529563,-5250042.53355
fire,-0.611324927878,-19629308.0097
lift,-0.609544431039,-624037731.505
changing,-0.60901250557,-1371807185.58
far,-0.608494628379,-17532359.2387
awake,-0.608348274878,-638054810.706
modern,-0.605795250437,-395336234.742
comfort,-0.605149214211,-142751633.862
kind,-0.602181739182,-14245959.1424
firm,-0.60104649311,-273955729.949
feared,-0.600624259062,-328962402.418
memories,-0.599988244373,-559540047.429
lived,-0.599957784226,-71202944.9196
sees,-0.59962228878,-638152198.609
terrible,-0.59898495249,-86384491.0597
favourite,-0.597371535235,-320670436.182
agreed,-0.596919286148,-163292599.933
threatened,-0.596793760262,-1411832482.25
utterly,-0.595087838289,-219123985.477
object,-0.592825285237,-150962113.806
smiles,-0.591872326107,-726627934.951
glances,-0.58852515083,-948729666.875
happen,-0.587649985135,-154559662.087
lines,-0.586328938567,-160799886.328
amount,-0.583520986077,-416200484.181
delight,-0.583359347791,-199273825.869
first,-0.583161874308,-6729855.51626
virtue,-0.582809525531,-623474628.663
river,-0.582548140494,-14805479.1547
study,-0.582347000666,-107826130.669
quickly,-0.579989671482,-34875061.1213
friendly,-0.57791672375,-281347925.065
stretched,-0.57695370528,-285883873.625
longer,-0.575727808737,-66587692.9125
discovered,-0.572097973783,-133617730.109
broad,-0.572044405416,-152113932.324
secret,-0.570636699769,-66361205.9607
quarter,-0.569743391406,-144150114.82
somehow,-0.569036533613,-84847613.0017
expressed,-0.567898845393,-425855011.29
nonsense,-0.566901266741,-281472173.334
disposed,-0.56625059603,-543689310.586
waste,-0.562292946508,-481500606.461
engaged,-0.561641856713,-163645354.684
down,-0.561261497598,-1899132.80799
tone,-0.560376087635,-26017947.8162
wish,-0.559813896444,-23366878.3912
seven,-0.557721410287,-105260969.365
lover,-0.557044909781,-119441245.585
attracted,-0.555759191982,-962082751.36
cause,-0.551677650684,-90652416.4923
happiness,-0.55133108479,-61426494.5894
beauty,-0.548500514874,-35439127.8656
weeks,-0.546798085931,-103876656.251
foot,-0.546242258403,-65373320.7072
shown,-0.545617340425,-484356307.146
sharply,-0.543291830837,-210236149.348
'd,-0.542741187964,-956030.830999
preparing,-0.540970762675,-1450050680.47
ruined,-0.53668489602,-898762107.263
heads,-0.535948018609,-191934911.699
station,-0.535567229012,-81033900.4007
directed,-0.535163535796,-506421474.349
facts,-0.534808745404,-229794985.101
certainly,-0.534655083923,-38128860.6285
somewhere,-0.534627545859,-146817345.654
shocked,-0.532940544215,-812364165.814
provided,-0.532886420176,-627958240.715
resting,-0.53279813495,-578800967.044
admiration,-0.532299908677,-398624627.069
here,-0.532274030566,-3654979.32635
hesitation,-0.530669926646,-1023974592.38
tight,-0.529637118019,-304798424.759
rode,-0.52958143628,-75213787.9497
maid,-0.529313211178,-33137100.5323
but,-0.52923385432,-341425.036835
custom,-0.526335823975,-284810606.51
move,-0.524354009265,-129518009.046
help,-0.524274876203,-19226591.3131
led,-0.52360928941,-93989001.6359
severe,-0.521488710357,-687159759.407
shy,-0.52052405678,-440652285.215
brow,-0.519601872581,-170046043.68
dared,-0.519155112404,-310719099.741
sent,-0.517675929921,-46634252.3393
kindly,-0.515698072081,-184819455.899
unable,-0.515230617873,-357200278.023
nervously,-0.514715189476,-775448644.471
de,-0.513456082058,-246056.02499
suggestion,-0.511625539102,-330195800.53
exclaimed,-0.51135521545,-12114387.5018
rushed,-0.511305584917,-280717163.348
news,-0.508430346639,-61364081.7165
drawn,-0.505392907985,-186946903.333
doorway,-0.503953334429,-228893143.72
while,-0.501087895124,-4645201.78124
chief,-0.500080281981,-10307092.9371
beginning,-0.497602294884,-118984171.067
savage,-0.497573497701,-84352381.4309
account,-0.494484848868,-81093537.4886
shame,-0.493565190378,-150334999.255
stop,-0.491362002545,-67476233.6662
cover,-0.489207955197,-469119461.256
perfectly,-0.487236734981,-60621145.6706
know,-0.486684590509,-1339445.11389
probably,-0.486684179451,-51356579.6852
upper,-0.485946480783,-241652314.574
event,-0.485385587502,-508137273.394
otherwise,-0.483108541,-283696110.478
tree,-0.482138789363,-22578441.2783
yes,-0.481674857392,-3042306.1755
thrust,-0.48150198471,-139638868.884
floor,-0.480783768729,-39813146.9141
filled,-0.480674000658,-69805698.9814
accept,-0.480200091585,-236957699.086
chosen,-0.480024792534,-463143360.351
stood,-0.478958579325,-6890398.31127
parents,-0.4788720126,-169291708.429
followed,-0.476339442111,-46729963.8278
stars,-0.475508961133,-156697619.379
stands,-0.473484187818,-574617469.587
tones,-0.472077292795,-158423301.552
sounds,-0.471564143372,-283471849.774
lean,-0.47011630486,-554762070.079
lives,-0.462307353021,-109954208.419
opened,-0.458366368538,-45059215.032
innocent,-0.45587925361,-177778490.223
case,-0.455389869502,-16300386.3137
tables,-0.45473309406,-484151392.15
tied,-0.454583437757,-327548172.352
suspect,-0.452821037105,-465592351.941
north,-0.452248414559,-24109096.7887
sir,-0.451496484513,-1227931.01058
luck,-0.450116355178,-128807324.122
separate,-0.449861842557,-808313823.975
therefore,-0.449406392456,-42648682.2235
satisfied,-0.44858575585,-137019154.689
neighbour,-0.44743019942,-269178706.638
impatience,-0.44358661933,-855067113.265
suit,-0.443356077922,-181575981.869
deep,-0.441620626836,-26840838.1579
crowd,-0.439893551873,-48898896.4153
wrapped,-0.438738253848,-526870345.258
marriage,-0.438234867332,-38916157.6906
trees,-0.438007279632,-29595199.9679
delivered,-0.436233524889,-755804512.586
temper,-0.435060896633,-173949265.542
what,-0.434375055319,-650313.281063
fancied,-0.4331641062,-211945826.707
closing,-0.432527786088,-974469566.64
out,-0.432481740623,-689430.937515
benefit,-0.431971662636,-764675230.984
bed,-0.431849121847,-10031876.296
stuck,-0.429620929311,-352492008.252
advantage,-0.429403428661,-285167632.655
thousand,-0.429286506692,-23413452.9471
immediately,-0.429180744112,-75223843.8876
asleep,-0.426583399988,-235497526.487
wisdom,-0.422276127615,-369918100.523
wait,-0.420017170297,-62498107.1077
silly,-0.419809897682,-115044770.062
responsible,-0.418634370991,-858030894.869
hearts,-0.41470123437,-146989412.581
moments,-0.414657186812,-83179748.5369
uttered,-0.414187763938,-196379088.254
line,-0.41392241127,-33401796.3289
polished,-0.412640144437,-843682184.613
approaching,-0.412401199359,-338507304.382
bill,-0.412197983581,-2470683.86763
bear,-0.410246563763,-36214293.2883
shake,-0.407632893155,-430773692.187
size,-0.404899435818,-381115686.494
youth,-0.40465843886,-53235929.2266
past,-0.40364281321,-31297144.1196
hide,-0.401168701164,-271949942.0
why,-0.400275825809,-3840236.42011
something,-0.399090057294,-4351778.02742
hair,-0.399058973917,-17497737.1842
considerable,-0.398558589236,-181010427.006
support,-0.397480921293,-315419098.396
experience,-0.396714384284,-103213838.205
gave,-0.396500080406,-16549531.9258
besides,-0.395279049214,-69864759.5057
orders,-0.395009981576,-66056606.4431
agony,-0.39461288341,-209667481.948
warmth,-0.394295686873,-358291011.614
need,-0.393419778572,-35626815.7684
hours,-0.392327996927,-44229387.5779
that,-0.391836945364,-60675.780445
us,-0.39153021707,-1541574.51425
hungry,-0.391523752141,-255101133.77
learn,-0.391336130536,-121874333.699
stretch,-0.391106927814,-925756764.497
touched,-0.390216034961,-111089677.085
command,-0.389535247454,-114770010.95
flowers,-0.389468628607,-27907424.7649
attitude,-0.389118457574,-182186245.046
expected,-0.388789422336,-93428299.6099
respect,-0.386350754003,-123557188.912
vast,-0.385360372055,-173268126.53
met,-0.385320665175,-39387527.422
fail,-0.385072084324,-359443557.921
arm,-0.384590845728,-26558634.9093
impression,-0.383230350137,-189263316.363
music,-0.38229493577,-33842589.5535
discovery,-0.381676395542,-359716166.279
brother,-0.379317209365,-6273053.07839
harder,-0.378161707309,-644774006.047
since,-0.376224306721,-17584092.4691
'm,-0.376074119659,-1154169.61363
consequence,-0.375239061052,-260874094.232
effort,-0.374818302823,-89554098.8447
guest,-0.374669056797,-60636261.726
before,-0.374488698404,-3461207.47586
awful,-0.374236073455,-74283032.6577
feet,-0.374179276616,-8437313.37733
balance,-0.373745468982,-907391927.791
seems,-0.373469391408,-35095305.826
mother,-0.372663482102,-742566.603532
gazing,-0.372650432403,-161574883.707
breath,-0.372457523303,-56687707.6371
violent,-0.371748508118,-440099045.732
glancing,-0.371374263897,-422676090.477
proud,-0.370936724486,-105643512.885
purpose,-0.370775183081,-82918703.937
did,-0.37070664923,-664849.667901
memory,-0.369903925779,-75387120.1716
notes,-0.367401465549,-110105089.494
glad,-0.366968272958,-20755123.3243
danced,-0.366559772097,-463582598.272
behind,-0.365424187566,-11207769.7707
quarrel,-0.364172859968,-343884133.536
forgetting,-0.363507277941,-926872959.348
six,-0.361600241767,-46480244.898
example,-0.36107022545,-339654138.092
fifteen,-0.35856439889,-197623775.291
loss,-0.35775999304,-205303652.664
added,-0.355755603729,-12798421.0215
freedom,-0.355713532839,-183601972.108
strain,-0.355684221956,-500680281.025
difficult,-0.35524270067,-99003510.7294
produced,-0.354081029198,-259211576.311
sleep,-0.353750928028,-55922259.7729
step,-0.353649533985,-65607622.3874
cool,-0.352852310266,-134282811.04
grass,-0.352177147677,-49483434.4166
condition,-0.352133340762,-98676987.2728
choice,-0.35157578521,-305193334.071
#sentencelength,-0.34642472771,-0.0158723559395
bent,-0.346061211007,-77837821.3959
won,-0.345310177157,-85046632.1277
entering,-0.34509257577,-488211110.35
teeth,-0.344108607249,-80839591.4194
forgotten,-0.343092430477,-86737371.2756
announced,-0.342076450803,-179180056.967
sacrifice,-0.341765511694,-197552666.672
instinct,-0.341360567169,-295928007.106
lot,-0.340407110007,-28460056.5495
hurry,-0.339795708781,-143858901.71
recognise,-0.338779042364,-431067188.065
torn,-0.33765191381,-406061702.589
hit,-0.33606144022,-10348910.712
gratitude,-0.335307950897,-335767363.537
furnished,-0.335099166029,-580784646.976
exchange,-0.334911311414,-526616923.011
cheeks,-0.333909139679,-86897530.9013
subject,-0.333243609655,-33726322.0537
persuade,-0.333106015367,-657574826.243
brown,-0.330566419356,-10844243.2186
listen,-0.329982593982,-50367682.484
party,-0.329755963482,-11436151.2836
boots,-0.328451778636,-153201609.771
poor,-0.321531066457,-3029337.98758
taking,-0.321170187145,-41895745.205
vanished,-0.320524163724,-230897876.259
wants,-0.319210363289,-91903941.1075
see,-0.318461817678,-1871656.13821
rough,-0.317298128255,-118592423.534
real,-0.316049831379,-24178478.2179
he,-0.313941883715,-12551.3298663
addressed,-0.312629343891,-233568076.202
right,-0.312268132786,-2554389.51874
spoke,-0.311171127205,-11538340.1385
changes,-0.310824887453,-591869292.375
grew,-0.310245749877,-22020045.4558
due,-0.310122629963,-186015254.484
add,-0.308963954451,-547944977.672
sink,-0.308128546009,-296981597.491
silk,-0.307840541377,-132562355.776
raised,-0.307714395608,-44246735.8071
feels,-0.307325147613,-130424843.65
look,-0.307095373605,-4394006.07787
breathe,-0.306619211949,-842710685.86
appeal,-0.306316102518,-285378387.164
words,-0.305999745806,-6970728.61044
leave,-0.305350369101,-22110846.6667
closer,-0.304682478637,-313052674.281
knew,-0.304058250495,-3411290.52076
material,-0.303639741213,-387012939.053
wandering,-0.29932983258,-428226439.123
worthy,-0.298877108135,-173759082.153
startled,-0.297108871378,-141763778.778
sell,-0.296108713658,-47207188.0269
sick,-0.295535817299,-40704857.6017
parting,-0.295387709819,-477590577.524
exactly,-0.29492234299,-44949017.7165
reading,-0.292674460929,-88157795.8431
rare,-0.292479931851,-234818019.996
way,-0.291801428268,-2526813.79242
weary,-0.290635876093,-116189346.548
wear,-0.288766639201,-117772794.878
believed,-0.28656950667,-48868582.2643
room,-0.28509352693,-1727521.05625
clung,-0.28495681793,-388967243.035
disappointment,-0.284782048777,-237240382.568
excuse,-0.28398551883,-146023108.387
find,-0.282994201813,-11319268.691
am,-0.282798553256,-764009.103919
so,-0.281862393626,-289747.512048
mystery,-0.280640109041,-137199318.764
served,-0.280612740153,-206581409.825
lost,-0.280425584314,-25701064.4324
spell,-0.27953855828,-208482814.672
lips,-0.277071841667,-12210161.6608
stage,-0.275381705136,-20806858.1986
forth,-0.27224751842,-26941032.4669
raise,-0.270944346636,-283039281.666
elbow,-0.268504478514,-390879550.1
thirty,-0.267310520171,-61329420.4989
friend,-0.266766135876,-4319374.9914
unpleasant,-0.26626437815,-262556496.717
pains,-0.266002927177,-589241070.756
vanity,-0.264704681765,-283287467.3
horse,-0.262549990439,-4589571.60755
explain,-0.261386161376,-114076443.44
plunged,-0.260791842051,-449458985.941
signs,-0.259596791671,-302532421.781
report,-0.257265197811,-99985409.0783
badly,-0.255766005096,-284799141.835
compared,-0.255135088231,-700087098.213
shelter,-0.253696371396,-201395826.937
wounded,-0.253329439475,-64298587.7193
established,-0.253191149916,-361164604.314
effect,-0.252305267657,-68307277.1515
attended,-0.248954258187,-453487650.3
attempt,-0.24860294087,-79101784.5777
stay,-0.245304129431,-25110066.7578
neck,-0.243349021492,-49333035.6439
be,-0.242792866118,-203713.259147
midst,-0.242651705212,-173716706.967
work,-0.241095911461,-3125713.34097
hint,-0.240837370146,-260135788.912
pursued,-0.240216626418,-183666852.105
autumn,-0.240144531611,-194086536.817
occasionally,-0.239758681474,-135607712.339
successful,-0.239081370854,-262702648.813
stories,-0.235431295656,-104288112.608
receiving,-0.235078326695,-486054845.8
dark,-0.234998990863,-7053028.95165
ignorance,-0.234887789307,-309956040.183
failed,-0.234276556852,-138587207.672
presently,-0.233076776786,-12258192.4777
elder,-0.232776153786,-113542723.574
waved,-0.232105296706,-272321344.924
choose,-0.231757540044,-148044606.33
want,-0.230369876807,-2133847.98678
loved,-0.229558440666,-10522295.1473
offer,-0.22884690554,-79830912.8021
trying,-0.225972193754,-20497956.528
wonderful,-0.225148200209,-44810894.8897
throwing,-0.222176250311,-315327158.853
remembering,-0.220871989803,-365374816.151
calling,-0.220120270412,-102216582.364
edge,-0.21863842899,-40742685.2214
touch,-0.21713789537,-52994039.5397
hang,-0.216850090499,-187901699.463
better,-0.216778272314,-6406029.03543
sing,-0.21597319933,-24312889.8985
knife,-0.214641956973,-52854201.4157
clock,-0.214076324829,-78121981.9894
however,-0.213437470341,-4537612.7127
stand,-0.212367656482,-30235369.8575
final,-0.210947317607,-149447172.103
dreadful,-0.208941893673,-49483312.2047
about,-0.208920491801,-440926.524004
satisfy,-0.208371654392,-508287632.152
feel,-0.20810318117,-6604884.76077
begged,-0.207741426915,-150186919.59
thin,-0.20752580853,-34986247.0367
like,-0.207511674576,-396996.133952
realised,-0.206825300427,-36825868.2799
bitterly,-0.206209257766,-161592125.8
extent,-0.205906279389,-283113345.188
concealed,-0.204860162649,-284219700.647
ruin,-0.204657122812,-136829744.726
moved,-0.204512128524,-17633127.3078
evidently,-0.201538027224,-29505719.4246
arrived,-0.201388915206,-37709945.9696
arose,-0.200177928059,-57226811.3304
according,-0.19842478648,-98159882.4969
says,-0.196891754213,-1245519.84966
entered,-0.195656821403,-16087976.3602
flame,-0.195549823928,-136340843.774
hat,-0.195289789681,-19094246.1861
brave,-0.195070245372,-57522426.4757
piece,-0.194300653182,-41615478.763
flung,-0.19377081158,-53439467.0056
graceful,-0.191812587597,-232109792.623
rush,-0.191770838716,-161148130.107
plain,-0.190374904947,-36777273.6394
further,-0.189739601968,-25502319.3951
situation,-0.188756423404,-48092404.2539
difficulties,-0.188683075913,-232425951.872
mood,-0.184926228779,-69020819.145
his,-0.181023856848,-17838.2660125
sat,-0.180345835208,-3665662.47436
known,-0.17880594535,-18818963.7819
next,-0.178669688854,-7979499.93675
direction,-0.174540608234,-29663113.6332
half,-0.17218656772,-3810981.4696
building,-0.171866927712,-46249308.6045
description,-0.171053527572,-254222199.504
happily,-0.17096008132,-287328845.971
direct,-0.170527923122,-249729537.185
treated,-0.170420159999,-162493247.576
scorn,-0.169108566612,-205520601.948
capital,-0.166874816418,-99750131.5451
reaching,-0.166214676329,-222667284.94
class,-0.165587865196,-39047314.1621
white,-0.16433285546,-1445726.2442
intent,-0.161162756113,-284722559.611
also,-0.1571954501,-5089355.2033
nose,-0.155485037297,-35056436.7636
bar,-0.155448403303,-39315618.3391
nights,-0.154714130681,-126643887.357
kitchen,-0.152980666344,-12209265.7785
repeated,-0.1523620615,-26404373.9115
wondered,-0.152094779425,-26873911.0144
sympathy,-0.151579580443,-42907851.7348
wrote,-0.150495279994,-35279975.5968
acted,-0.148942930914,-226692089.383
chin,-0.148449472729,-87105834.6325
value,-0.147225572416,-96132692.4031
written,-0.146730696819,-35622352.3126
plate,-0.146595547633,-111688717.448
tie,-0.145786773643,-187523462.511
shed,-0.145095273877,-101956849.322
weakness,-0.144214336096,-127260406.283
blew,-0.143479966744,-131856074.067
walk,-0.141817928482,-17194691.8476
content,-0.141814794234,-65582806.4003
would,-0.140286626604,-159890.078929
enjoy,-0.14000889918,-70082173.5283
narrow,-0.139138863255,-36310471.5306
confidence,-0.137874942521,-47072882.668
itself,-0.135500965643,-8921959.25238
ridiculous,-0.13492440789,-123956655.686
noise,-0.131872170119,-44337368.6341
approach,-0.13059612722,-139644883.413
threw,-0.128094324626,-33956685.3837
ancient,-0.126727954486,-47660890.4753
points,-0.123450515372,-160407285.997
mind,-0.122314188634,-2059548.00941
escaped,-0.122190332504,-93611670.648
fast,-0.119899344729,-22744098.4337
minute,-0.119695068272,-10286674.8824
gloomy,-0.11776948472,-136669358.168
sisters,-0.116504544229,-40779667.4903
chose,-0.116476928755,-137944813.469
career,-0.116251767658,-94862142.6504
upon,-0.115552975743,-107774.996652
duty,-0.114833791186,-13103573.8636
glass,-0.114215816199,-11510147.5426
started,-0.114038657672,-6315076.71603
and,-0.105771816208,-2902.77233563
boys,-0.103987456563,-1866711.05457
leaf,-0.103860071675,-200808957.111
ought,-0.102302262551,-5302439.41783
sides,-0.102121654081,-46096242.6715
corner,-0.10160863354,-12086923.4011
devotion,-0.100578338473,-94168234.9962
ran,-0.0976329779163,-6816187.97354
sister,-0.0974454788677,-306169.262167
stronger,-0.0963930441466,-106649026.833
regarded,-0.0963733543495,-34229245.7692
their,-0.0958017288742,-112538.521417
easily,-0.0949830031055,-27449075.8376
advice,-0.0947452580095,-47300910.4301
there,-0.0947136409171,-122781.165455
worst,-0.0905801031738,-52601979.5805
deeply,-0.0901520164273,-34556120.7951
mr.,-0.0895373754195,-40523.0521186
burn,-0.0879937920884,-85613420.316
success,-0.087905058643,-18991098.5
count,-0.0867849345426,-1793728.42046
pieces,-0.0862522091524,-59347439.4586
shop,-0.0860834278425,-3232472.43486
needed,-0.08554651285,-33345482.4812
alive,-0.0829386108218,-26839488.7676
considered,-0.0814337035942,-29291944.3173
tall,-0.0791321812983,-15251417.1778
picked,-0.079113971157,-23830458.4539
post,-0.0785887747052,-19920094.533
raising,-0.0778408568524,-100743057.147
weak,-0.0776532057309,-27588550.9731
gloom,-0.0773404609225,-53895604.0073
force,-0.0763821354035,-18860679.381
time,-0.0763288173519,-509878.697108
rested,-0.0753009457434,-45941353.3681
whose,-0.0752519987679,-2878325.15987
bottom,-0.0748978424207,-25568665.4426
resist,-0.0746797412254,-138394648.516
same,-0.0704621071112,-2605003.9028
stranger,-0.0702109781284,-9131918.04546
lights,-0.0669532077297,-20263435.8567
were,-0.0659744435754,-75615.2749148
beaten,-0.06593292083,-113066660.919
ears,-0.0651167333357,-16762675.0191
hurriedly,-0.064091323633,-50082235.97
movement,-0.0628398382364,-19750651.0207
town,-0.062588746042,-1627507.75632
land,-0.0594399719566,-2366933.35128
"no,",-0.0591742243738,-3801871.19444
fled,-0.0586591369414,-58275584.7912
near,-0.0583664478177,-2837596.4098
constant,-0.0578308194667,-65140939.2895
gate,-0.0565322943709,-5866929.57121
hers,-0.0551388868415,-14132169.3162
waving,-0.0535986795305,-94292543.9705
dressed,-0.0529754035347,-18463179.945
easier,-0.0519671556562,-75837709.6795
bye,-0.0506009490398,-13095726.0946
body,-0.0498051101752,-1597508.21269
sensible,-0.0497643162464,-56487445.561
another,-0.0493070199367,-1361233.12435
prove,-0.0466200487476,-21213015.2277
wishing,-0.0459126442701,-75143791.9922
back,-0.0454090304211,-171305.040215
portion,-0.0442994236129,-29293192.3042
smooth,-0.0420996430633,-30529727.3351
fastened,-0.041306607901,-56997952.4834
inquired,-0.0396577975618,-4587399.80384
possibility,-0.0378924924021,-48171087.7332
trembled,-0.0351753674183,-26367681.0914
round,-0.035070958457,-409393.437344
on,-0.0320641433981,-18673.8887092
gets,-0.0304120436223,-20106910.4579
fear,-0.027602791521,-1878052.01128
fact,-0.0268738995797,-1107534.86807
journey,-0.0268728793673,-6282712.17518
entrance,-0.0265910435582,-10371053.8528
huge,-0.0264294484094,-6425592.61965
sought,-0.0253968157042,-9107865.08533
goodness,-0.0252049625347,-26972525.7761
sold,-0.0251599028115,-6086241.8206
/,-0.024744940432,-1157911.22591
darkness,-0.0247002727518,-2641793.07209
wide,-0.0245200348601,-4972298.19087
love,-0.0240541874531,-114260.921589
have,-0.0229523369922,-14924.0093241
this,-0.0228275438081,-23186.5513407
particularly,-0.0192760869611,-9801908.7788
became,-0.0192642106983,-1058834.89999
one,-0.017758101672,-29897.2198882
cutting,-0.0172348545433,-39298793.2555
bridge,-0.0167948846523,-1242198.07559
darling,-0.0155011036148,-1001219.42781
glance,-0.0150295421927,-1559972.04471
rolling,-0.0147481057227,-14043015.7256
,-0.0137130430513,-1553.46341491
wondering,-0.0136439868621,-8168947.80221
away,-0.012314793175,-121510.211964
eye,-0.00984693179836,-560349.919187
slender,-0.00940902561946,-6802930.58659
named,-0.00821313641265,-6994239.90817
reward,-0.00792974035235,-9880841.99464
expecting,-0.00792805214037,-13827085.2996
drops,-0.00538266735248,-11545424.9095
creatures,-0.00481390921062,-2673055.49078
joy,-0.00474245812696,-604356.066456
sad,-0.00159367313333,-263487.704763
spare,-0.000955618817224,-909066.746682
die,-0.000419478242648,-59591.2361264
terms,0.00420735739685,3093260.03624
my,0.00438964238886,686.097885771
greater,0.005124265068,2399325.4573
headed,0.00616383447598,4832055.1248
(,0.0101637653902,40106.5133535
details,0.0102007411105,8499321.66998
calls,0.0115543023136,13341578.7431
bought,0.0117537168067,2542576.72459
pulled,0.0127245067501,2425566.95137
evident,0.0151612339347,7190004.78495
course,0.015280039977,223952.585746
favour,0.0158243053094,5862242.59575
arrival,0.0162107668902,8029085.31481
towards,0.0177761800284,368177.437268
god,0.018273938417,145487.377982
telling,0.0184073026438,5819775.51891
supposed,0.0186637240705,5809698.21828
forgive,0.0196808695912,6749646.03365
where,0.0198418514507,180468.430675
connexion,0.0207734951843,25786386.0888
uncertain,0.0218865764053,35354414.3143
evil,0.0221227293059,2589259.95015
name,0.022546291082,832484.104387
arrangements,0.0248701335224,34818605.3026
aside,0.0251736335516,8996949.68517
break,0.0251766468707,10560625.0045
job,0.0266959420599,2168488.49561
arrangement,0.0282633039743,52711868.3265
request,0.0284560338204,31367196.6116
him,0.030954305452,12127.6031085
greeting,0.0309823034943,69735169.489
water,0.0311893221339,501352.948618
herself,0.0322229826001,180917.016967
read,0.0331334106383,1604213.63471
remaining,0.0331560667311,49016097.7843
pay,0.0333377755642,2267656.69692
bore,0.0337123011077,25132190.0241
most,0.0370731118766,554922.981306
heavens,0.0384066858854,45000516.4169
along,0.0385491765573,1016564.87029
doing,0.0385550521638,3888479.75125
avoid,0.0400621054321,53087211.5623
important,0.0400644011559,13051694.7687
stroke,0.042075514599,98914602.5033
face,0.0425496393866,238355.763852
bag,0.0425723562856,9069351.52866
actually,0.0427704198896,13251589.5317
second,0.0428982882971,2884027.05702
dressing,0.0473678160763,28709206.3996
exhausted,0.0476178439613,66394481.8531
thinks,0.0480916457037,16021409.547
from,0.0486633017609,76138.9957867
understanding,0.0524135232071,48319322.4806
inner,0.0530426486809,29783584.1591
level,0.0549136068207,40306569.0555
hesitated,0.0559208343664,25406615.2797
softly,0.0568192511613,13749257.5758
history,0.0569159257763,20092650.9919
habits,0.056957385353,82949357.7438
between,0.060533607643,2417577.44496
h,0.0605906767707,40817158.8025
papers,0.0626570769684,12410643.9303
stout,0.0628306534859,62871642.5251
meaning,0.0644095630041,12876056.3336
misery,0.0645593862041,26671128.4696
continued,0.0645869806779,2677204.63159
scene,0.0657190120561,11518478.7813
shoes,0.0667541745388,22562514.2927
pretty,0.0669751231877,2032251.57671
hearted,0.0683052673697,53187343.9376
was,0.0696134792143,8077.76703143
hurried,0.0704669134573,23661568.5233
taught,0.0714251476203,41822477.2864
lying,0.0719828639484,12217444.3597
hear,0.0721145572652,3593318.37069
required,0.0721837106235,47057075.3777
observed,0.0721916773621,6518930.67235
several,0.072335814964,5201211.11242
cleared,0.07267756736,92102544.6098
closely,0.0731163295502,57912321.2544
intense,0.0755328521896,51826238.1484
appear,0.0756671123699,39400845.2197
space,0.0805281379298,31968656.6525
sorry,0.0808849292035,7583715.03249
four,0.0816516996549,4557574.36687
gone,0.0845768582466,3409308.30522
bad,0.0859085331783,7102309.5526
enjoying,0.0886062408939,156953698.689
lightly,0.0888180836004,58153105.6603
fruit,0.0890133448379,41444216.7867
appeared,0.0907754927737,7657038.59631
rich,0.0934592761269,6018554.95481
dead,0.093821488205,3457973.49779
desire,0.094112330803,17676024.1206
roses,0.0942293533876,35215258.1282
handkerchief,0.0990196950761,56220359.6349
drop,0.0990770287129,65581694.1475
heartily,0.100167485356,126535961.131
members,0.100221890159,71071214.5245
eager,0.101104690285,40079917.5188
.,0.102437047374,701.166090706
colours,0.104277766225,91263677.3716
strong,0.104292715152,9276425.53602
other,0.107606284087,1069544.77256
earnest,0.108083426583,39057268.568
enter,0.110836656018,72909258.2478
concern,0.111331471098,167262904.534
brothers,0.111397214125,39840149.5292
over,0.112808102512,601290.471272
wanted,0.113554822948,2651664.39487
very,0.114643891541,158638.598953
surely,0.114663156361,16825663.0758
ordered,0.118041896955,39200336.2982
breathing,0.118302212132,117320579.514
ate,0.121637822248,71021872.8122
control,0.12204615536,71089902.1229
large,0.123175255499,6990408.68269
then,0.123221648629,284212.107061
snow,0.12371274931,4639254.58503
sleep.,0.123760466554,153388878.706
slow,0.124005738612,42833812.6076
usual,0.124874378423,17329635.95
works,0.125064434289,57735934.2884
persuaded,0.125690823901,216508598.283
plenty,0.128215606613,38059847.641
wished,0.130377523351,22608136.8446
others,0.131405280657,7034332.06852
month,0.133773462084,23312611.2604
animal,0.134014151688,6864747.39807
carefully,0.136836776342,38702380.2657
minded,0.136958616469,152230720.774
mistake,0.138938176982,63055089.1906
gentleman,0.140642877056,4428643.06198
against,0.14314850551,2772613.24538
depths,0.143663489151,167748529.587
we,0.14467343679,92090.2913496
glow,0.145324459759,112626148.003
distant,0.145455818355,47985670.7167
washed,0.146294728103,175580485.382
strangers,0.146423253002,174958928.467
convinced,0.148237865088,99953438.8372
contrary,0.149899457165,131378308.716
eagerly,0.15006533223,55874065.7454
say,0.150752703829,860560.09834
square,0.151356450901,22113868.4315
walked,0.153198035796,6831027.46827
"""you",0.153627591645,32458537.6643
suffered,0.153681929063,87106280.2826
active,0.154412391468,225753937.0
colour,0.154547242465,33949414.3565
conversation,0.15635313877,21297675.7293
lock,0.158603570584,118485187.312
run,0.159216260664,13081600.6189
fresh,0.159227491235,34437796.8145
becoming,0.159289380827,138900165.491
curtains,0.160555953163,157461469.51
crowded,0.161184295466,133432468.396
perfect,0.163016669271,33673126.212
running,0.163650353136,27952467.9157
solid,0.166046523286,123702400.249
whispered,0.167275653811,19633782.5989
three,0.169405468744,3602541.02992
instant,0.172619062039,16497248.5431
when,0.172723769886,384475.662063
place,0.173535057989,3994360.08075
leg,0.174535348402,98182372.1513
bedroom,0.17670725758,47959915.9707
assurance,0.176840403998,333903772.634
surprised,0.178722853148,49860352.7224
having,0.180407382735,4613202.38574
east,0.184252890655,42645111.3766
bound,0.184651687329,57989350.3617
letters,0.184694625158,23861798.2414
supper,0.187582278981,32159814.5217
enough,0.188060446536,4184923.28852
city,0.188130034202,6502768.70339
chairs,0.188603637563,141178191.713
ventured,0.18892941662,234502013.778
regard,0.190133827959,37229517.7875
tears,0.191918759813,13453317.5262
feeble,0.192252584711,240978728.732
pace,0.192314738592,223569995.121
at,0.192751080885,194584.294916
restless,0.194057652713,223142338.594
begin,0.195322433504,61189591.6842
tells,0.196129288784,197021263.074
:,0.197115908396,81145.2362665
unlike,0.197340952559,392891396.926
streets,0.198126069795,25393087.638
shade,0.19905642824,141444038.816
sank,0.20318462698,106135543.541
note,0.204397800972,37517364.4654
long,0.204479777288,2760765.06264
kindness,0.205656957933,81429516.9595
row,0.206425554537,59617337.1316
picture,0.206571731691,17471651.3159
vain,0.207435203762,102034813.395
apart,0.208659351778,111111542.948
ringing,0.210934422007,315604908.301
painful,0.212395552006,123702372.648
occasion,0.212509860594,63681215.3145
clever,0.212795198139,68892730.7394
justice,0.21391129929,84188346.5745
nobody,0.215092214381,19259483.1387
visitor,0.216312284589,88538904.7673
meant,0.21684211866,27397338.4441
glorious,0.216931563231,183983031.184
difficulty,0.217435998531,94647595.8502
puzzled,0.218042017836,165399966.712
recognised,0.218954572795,102266655.688
quick,0.219230074452,31772767.2511
wake,0.220154310895,289265718.648
stricken,0.223765170087,394489643.045
live,0.22403279709,18710308.6301
invited,0.225991092558,206367456.183
easy,0.227736982177,48314525.3383
catching,0.229214675585,557243125.815
blank,0.229711265927,251760392.758
alone,0.22982423084,12149976.3341
cold,0.230146690537,12625562.8072
outside,0.232001773283,28675484.6993
motion,0.233749025969,202978763.058
seen,0.234935875476,10565452.7196
train,0.234945292793,21140935.0414
crown,0.235142637732,57383817.2893
terribly,0.236318754491,193409431.694
grief,0.236704398904,77553214.9582
present,0.237179365404,14018799.5205
truly,0.238067180918,120999361.819
french,0.24078032676,8285263.80327
happy,0.241067291055,9346452.24645
dried,0.241714999935,497174990.904
strange,0.242668121233,12246311.6151
divided,0.243620852676,618602060.924
silence,0.244847381957,14329300.5344
strongly,0.245649339103,374054711.121
lower,0.246535188405,131004833.087
baby,0.247719193601,10575447.0443
top,0.247784206559,33492121.3339
false,0.247932224019,155620468.684
ourselves,0.257775255023,110194052.978
hotel,0.258199870818,17638306.7319
sang,0.259098152723,96480809.4162
mention,0.259376806488,225739906.625
opinion,0.261472515731,48228211.4302
childhood,0.261709541545,264115089.661
worse,0.262697594766,78856613.6002
especially,0.262729597547,75090708.0121
committed,0.263122734462,297470741.764
sorts,0.264443669162,316589970.841
house,0.265052598086,1522460.12707
-,0.265890735647,344718.319444
reflection,0.266379773041,319284862.618
with,0.266837621957,164322.30696
i.,0.26790044467,21367281.5953
bewildered,0.268884554874,274160839.226
"'""",0.270723218649,54526758.3365
awoke,0.271730059958,288459176.695
consideration,0.272348462162,272392446.726
social,0.272922097837,43706479.6476
careless,0.273969407125,380613694.639
than,0.274245854674,1374179.84429
hard,0.275144392569,12361028.5044
idea,0.275433749353,16687103.3263
army,0.276226241307,18324604.0506
bread,0.27723260036,62389599.7055
broken,0.27792566699,55838367.6075
servant,0.278338777027,56136758.1449
endure,0.279857034763,356759898.939
tell,0.280418795705,3059119.9792
exact,0.28077456781,335874029.706
relief,0.281099610492,117272334.133
cannot,0.281581608354,7408182.15823
passed,0.282249828369,12529000.2532
simple,0.283855114069,48358358.6346
unhappy,0.286472869047,108794547.181
sitting,0.288964818549,25903416.1889
questions,0.290228964308,93218096.3015
host,0.294971648419,95474022.867
kissed,0.296737463714,59962647.9457
labour,0.301247344104,64003220.5464
progress,0.30277127091,227515184.924
desired,0.304388976876,178780734.013
played,0.307000022754,110870753.966
seem,0.309079049788,32899615.7417
spent,0.311764780718,96400207.7519
travel,0.312968026738,347861208.912
eight,0.313894590929,94880818.5276
advance,0.315344453203,291882214.563
angel,0.315400712356,22796796.2101
lonely,0.316245146968,132180904.943
names,0.31713085611,218536230.317
dying,0.317688223536,106472047.596
gained,0.318621667297,268933133.653
dry,0.319167815428,99196947.1419
season,0.319260097681,124092437.177
miserable,0.321755221729,89985655.2552
"""",0.322096636994,1504.91849442
cheer,0.322249171686,370807297.687
stirring,0.322760169732,775309137.7
walking,0.322927031228,87551813.8482
lighted,0.324433979718,174047722.485
cast,0.328741285534,85163121.1496
conscience,0.328972235779,161294673.201
built,0.329122868113,150000955.405
equally,0.329762499873,296327447.079
horrible,0.331907818455,175303785.213
gathering,0.332047821239,432575628.826
matters,0.333183049393,97375854.9154
eaten,0.333302248812,629983709.604
happens,0.334611435315,548254431.031
close,0.338077828069,25860821.6867
clean,0.339281037941,77038565.7753
murmur,0.339527929431,480362112.752
hoping,0.34095315879,353399851.565
rather,0.34306541495,4419223.20291
danger,0.343890996377,58208828.0474
wooden,0.344096850996,189962123.213
twelve,0.345480615219,170403277.117
smoke,0.345971441204,67891091.2174
twenty,0.346629925319,30621168.7039
sufficiently,0.34755551935,425715356.968
good,0.348191118783,1768140.08413
exercise,0.348340255366,531766307.34
places,0.348739839136,139248233.553
covered,0.348751536353,103447094.248
changed,0.349174771785,91500003.7046
owner,0.350152192697,195107257.14
felt,0.350600297923,4085645.51304
imagined,0.350882828304,195952439.149
resolved,0.352423009704,133767170.408
bold,0.35383809821,335924267.759
helping,0.354198165374,790382712.288
dislike,0.354297562244,566570677.355
gleam,0.355409972838,431671068.944
sentence,0.358881801047,248687290.248
war,0.359740668268,4295345.88302
pleased,0.360874480925,81114766.1095
clouds,0.36154478864,123463503.785
ground,0.362328013568,20033971.2992
grasp,0.362382175026,754102632.068
described,0.362497100264,399588136.555
looked,0.362810585431,2115134.96532
settle,0.363811398949,499572753.999
broke,0.364114989491,57244929.4792
by,0.36431646004,445145.287348
bell,0.36562762291,24015514.9248
introduced,0.366216466379,607324783.317
growing,0.367269131563,144336421.979
heels,0.368319524093,415802847.828
boy,0.368921038948,3102067.55055
service,0.37020514522,71867684.3253
pull,0.370621692031,179846679.253
manners,0.371738182638,249158709.744
language,0.372912589191,103033901.228
chance,0.37293803484,40315084.0216
question,0.37336772881,29660719.4461
atmosphere,0.374819607161,175644875.111
helped,0.375254411462,248622905.432
duties,0.375579847431,268341628.558
lifted,0.376617215389,58711800.1232
thing,0.3768780143,3485386.60689
kiss,0.37741632006,120426717.79
christian,0.377644298049,10638125.9853
physical,0.378454987356,168866080.451
strike,0.379174897541,87001404.332
charming,0.380269861799,114838604.656
till,0.38104506228,5838656.76274
bosom,0.381109596045,102989746.064
must,0.381297531534,2366461.1516
alike,0.38672600147,494284023.313
really,0.388186186171,6006378.21999
style,0.388460245259,256419346.029
collar,0.388814881554,310298933.153
doctor,0.392174036563,1721928.85512
smiling,0.393300426728,66215288.9696
ball,0.395861739553,68887028.1794
pair,0.396979720925,135498959.272
guide,0.397211325343,200849022.856
accompanied,0.401063989608,355959929.315
makes,0.401324044751,83294863.3417
creature,0.404116392961,64751218.7572
sounded,0.404807901484,238765244.25
natural,0.405630369677,78060649.1094
seemed,0.406036239922,3067277.95998
moment,0.406879461349,4345841.20825
cases,0.409133259858,269098522.108
checked,0.409380976012,663406316.025
board,0.409575411455,16895966.9883
dangerous,0.410439591027,277259602.617
nearer,0.411165869486,157102976.576
standing,0.412829244419,44934676.5258
slight,0.413164955245,126840213.239
moonlight,0.414270065879,216792851.977
fearful,0.415294000504,290785380.22
thousands,0.41771251825,367321329.163
getting,0.418974265621,33263082.0771
rushing,0.420065954019,838094192.516
faint,0.420524357721,118313292.306
the,0.422385369117,4204.66877768
gracious,0.426064174295,261402066.557
taken,0.42640796107,32365954.0526
view,0.426764088304,59995201.2205
visitors,0.426998440329,484058479.212
beat,0.428573119552,132820245.77
harsh,0.429122834227,856990074.655
aware,0.433377360902,77098427.7625
outer,0.4340144857,418077610.471
partly,0.438234588299,283649530.689
knocked,0.439479433769,429054229.81
gradually,0.439494399568,279350038.412
conceal,0.439651546779,818250909.208
circle,0.44195532968,154669402.13
me,0.445262738454,122843.683952
likes,0.448112692719,526176246.379
decent,0.448635112702,310570190.885
perhaps,0.449216083069,7525797.59402
shut,0.449500319069,81898145.6692
iron,0.450470290639,105067633.219
being,0.450723654999,6077854.16829
trace,0.452028949677,653950030.502
satisfaction,0.45219328144,240918636.309
neighbours,0.452466557595,173282593.398
haste,0.452468183379,331846493.287
impressed,0.453029108546,691246940.436
into,0.453031790715,1790035.26283
playing,0.45486819964,212169710.046
arranged,0.455608625317,382473474.586
go,0.457805535226,2158433.68855
think,0.460106331891,1656521.91021
gown,0.460281625316,224932857.205
manage,0.461184574581,324230851.29
garden,0.462099412102,21338306.0241
cheap,0.463210406268,452599119.687
turned,0.464481730065,8263775.05493
faded,0.465134693416,414278053.251
taste,0.466879017666,259135851.742
guess,0.467537799489,28231796.9055
personal,0.469171425802,154723151.385
black,0.47014225279,9397494.2323
prayer,0.470612034279,131006835.606
blue,0.472513057199,21764480.3833
excitement,0.472994747151,144509601.673
those,0.473083282753,6696346.04021
worked,0.475552404538,118659397.97
though,0.476534320368,2358601.5632
write,0.477141755695,57683126.5061
explanation,0.477299523845,326372529.093
gravely,0.480610402701,254930917.868
increased,0.480780182377,485542448.112
failure,0.4810565373,500613359.888
sum,0.484317442909,278322606.009
key,0.486590896639,80165167.8033
aid,0.486637364117,221695961.078
come,0.486690842928,3272713.09875
fashioned,0.487212821861,587513782.304
special,0.488196934782,234326416.934
health,0.489906211111,150517753.774
attend,0.493280449899,714414766.189
servants,0.493357901097,129904826.588
year,0.496904105018,23615021.2521
spoken,0.500256386256,131973810.907
shaking,0.500931921454,318284773.243
small,0.501353454992,13875923.0837
belong,0.503179883775,358289989.178
coffee,0.504972128469,133068700.602
reality,0.507659355037,378107534.205
resumed,0.507728567614,280169534.345
enthusiasm,0.507837271509,507122652.149
thought,0.508194270569,3106829.27055
constantly,0.508232951313,505390065.347
full,0.508285331258,31424263.658
stir,0.508881897687,606332521.513
tried,0.509899288774,38241092.7423
alarm,0.51074693215,360459565.378
leaves,0.510891918738,106875912.451
fully,0.511949103671,204155604.988
hated,0.513719440407,215491102.784
burning,0.514717461836,350071961.061
carrying,0.51649924022,454897716.431
boat,0.518150741287,5931625.58203
insisted,0.520760317078,389927073.061
action,0.522346714123,166279468.825
found,0.525950903521,10908811.8213
ideas,0.526544018688,189528021.833
passage,0.527701000856,159307278.828
greatest,0.52870409238,371269543.506
breeze,0.528765135347,269594973.705
none,0.529644153315,72568225.2628
head,0.529950783446,6365940.36538
influence,0.531565133395,133950752.15
managed,0.535560409497,348752758.037
heard,0.538620224841,13667939.8344
faces,0.538806565375,107793288.808
dress,0.540071133428,50300072.5148
using,0.540187440294,1047776198.08
dancing,0.54018807705,231942567.819
late,0.540461954366,86155653.3659
under,0.541990536558,11807249.9107
doubtful,0.542058639759,1382811072.88
share,0.542487814674,342064450.006
earlier,0.542701367022,477789478.503
liked,0.544114453131,49060015.6304
horses,0.544434311371,26478504.0581
knee,0.552164289493,337710742.463
conscious,0.552582782611,130727261.778
gentlemen,0.552648449034,51034586.654
walls,0.553949803316,105728962.835
family,0.554557556428,15779595.012
distance,0.556282789656,76339957.6142
remarkable,0.557058716306,502793804.33
anything,0.557225328512,7684448.27126
lap,0.558558301129,537705477.529
"""it",0.55922949469,294896402.118
forgot,0.55939302083,362372222.768
seated,0.55965252917,133038649.564
angry,0.560195804318,129044834.352
arrange,0.561853257339,1468743666.38
#typetoken,0.562710788508,1065.20095825
tale,0.563947022659,189632418.817
losing,0.566355481018,1265128429.65
persons,0.567537282952,119857203.982
mounted,0.567688904225,287652262.461
father,0.568121067239,1385045.41942
eyebrows,0.569538957844,512629510.325
struggled,0.571015179077,1016723347.53
lies,0.572290856902,275603100.053
ugly,0.572930884934,485310369.235
surrounded,0.573283443834,819596076.71
coming,0.573391964252,31550348.1179
scattered,0.576821779815,834045268.527
going,0.576922455719,4311133.94398
point,0.577131845567,46256560.4492
wanting,0.578370825654,531180935.547
curiosity,0.579550790601,342271295.012
despair,0.580390219408,304066863.075
intervals,0.580418074097,714952597.596
liberty,0.582276865019,395485113.416
odd,0.582643914999,141413748.423
build,0.583500783921,629814546.146
been,0.583993609462,1035463.85663
interest,0.584851662014,55501541.2471
without,0.585200100728,13809511.9096
difference,0.588741396475,305681345.383
trusted,0.589825915552,924682575.615
cook,0.59053959254,125839017.817
fell,0.590968498465,37082403.0836
slowly,0.591036916813,28724734.6332
certain,0.591164793614,34152223.8569
set,0.591306864113,21275606.3548
they,0.591982055171,270929.852272
speak,0.592914212368,23814652.7321
thrown,0.59564816276,352476538.412
within,0.597578721577,26065679.9397
connected,0.598084269079,576880829.991
ease,0.600504569568,514425548.25
pass,0.601867427407,12414330.9089
wedding,0.603078710225,159302651.442
ladies,0.604019082608,37706267.4625
curious,0.605797352226,143891554.26
dread,0.607449153685,350006086.422
household,0.607672762568,365996793.04
pale,0.607702950195,63377917.4655
interesting,0.609163202229,265856712.661
moon,0.60932185048,108140121.475
degree,0.609408750477,393874698.185
below,0.610179578387,66669800.3783
trouble,0.610698835535,65741378.8874
paused,0.610810210117,77750311.821
reflected,0.612435766068,372043768.024
daily,0.612486502914,216683852.98
i,0.61365008208,12970.7616612
asking,0.614211742813,367103623.548
pipe,0.616414538931,135369971.582
#placename,0.618549203666,454364.753062
voice,0.621371962644,7951252.84905
charm,0.622212960782,365028900.018
bearing,0.624682750371,462176578.135
purple,0.625677912783,351739259.977
mistaken,0.62633971238,640087835.901
pressure,0.627803620848,1043092468.47
tenderness,0.629193450554,368859374.948
noticed,0.629274514426,124773224.023
freely,0.629902262255,940347119.252
keeps,0.631151715087,1369919646.29
curtain,0.631774005679,561409120.503
prevent,0.632361748619,574911047.259
struck,0.632706679651,118609266.84
arms,0.636357089174,36951177.248
spread,0.636623566217,303616948.106
travelled,0.639085910612,1053084628.94
ever,0.639527937699,10517712.9362
upright,0.639948331931,1288555742.45
deserted,0.641104908412,693071320.489
pulling,0.641833352697,866498829.611
fellow,0.642407167678,22749739.5761
assumed,0.643060253078,878372434.523
sunlight,0.645272796399,556460054.329
race,0.646290500209,68594275.8491
midnight,0.647078705908,487634979.582
hold,0.64995037001,86906117.6647
wash,0.65066790878,332977154.183
height,0.653015584781,590746751.86
cares,0.65460614142,1083510020.75
beds,0.655162824908,729074374.352
breast,0.658031993945,160327461.629
cared,0.659393364016,279852565.046
shoulder,0.659400104517,113376645.431
breaking,0.66088798807,688643246.791
self,0.661688503094,53415606.2425
shadow,0.664264096302,114650900.262
showing,0.667940888274,617342826.248
sharp,0.669459741107,184309882.035
eating,0.671425742938,705322075.191
;,0.673052973835,39557.8839187
heavy,0.673669629107,63203238.8241
remained,0.675384345666,94686422.244
eat,0.678227792464,97402960.5659
much,0.678677140165,3967520.02106
driven,0.680283639736,594376542.124
sometimes,0.680520814216,32742882.1529
miles,0.681362474468,67114804.671
forced,0.682222209958,350238842.395
sleeping,0.684052077561,461028523.69
sit,0.684777107013,104248930.512
suffer,0.689849931639,494965769.053
every,0.693678661637,9109932.06284
doubt,0.694859425108,44929635.921
burned,0.696899686395,459309476.284
concluded,0.698069735126,422319277.307
dogs,0.699948931386,69474384.7512
pouring,0.700013310473,2087475538.11
man,0.700621518995,1043979.74981
worn,0.700757592596,475437293.262
excited,0.70327654181,386805408.922
main,0.703638532955,230432116.201
suppose,0.704175959344,23612820.7669
hope,0.704281716853,13763707.126
native,0.709449108399,189354121.976
avoided,0.709833416101,2099590865.08
,0.71018453818,51922427.9737
light,0.71106597458,16066949.3563
beating,0.711271940421,822565407.956
judgement,0.711621831616,514784790.841
fill,0.712180624702,966814968.705
done,0.712369953545,13731608.7412
pictures,0.713473068769,181829896.733
doors,0.714165881816,280788085.602
understand,0.714297727548,42344349.338
pure,0.714875141696,178157790.664
afford,0.714984340396,646671890.87
legs,0.716016646434,102957252.333
roused,0.717644309663,640868373.586
wind,0.719543719167,23769511.0504
manner,0.720788716589,36131966.8975
confess,0.721978873384,488281083.736
motionless,0.723802299037,714559489.867
nevertheless,0.724939340601,206392917.845
coloured,0.725229028006,126628685.484
impatiently,0.725989033654,807320267.937
pick,0.726983197065,477349080.001
dirty,0.731924308715,352238500.275
),0.735734107169,529753.98331
milk,0.736079799292,249517075.207
shirt,0.738956447204,255967685.144
accustomed,0.739274350731,633500331.91
longed,0.739821003805,558769311.814
woods,0.741012538028,50947523.0521
finding,0.741921807891,361640963.479
himself,0.743692898524,3829040.80194
window,0.744314835842,27177897.2983
either,0.74573389868,81043513.3752
each,0.74650368384,18704600.1062
proposed,0.748325650486,815197794.792
bow,0.74975102958,304506671.258
witness,0.751184179387,309088448.13
ask,0.751471972879,49868967.8802
bitterness,0.75172061894,827238236.522
wine,0.752232145636,96589188.0928
five,0.755996166315,32712015.4008
distress,0.756394242412,669342504.522
bitter,0.757005313669,199908376.424
ill,0.75733884295,73020792.2845
passion,0.758348955024,118269603.175
temptation,0.760460896626,708055347.117
everything,0.762214531543,27559235.046
neither,0.762228866756,96602619.2044
feeling,0.762659077804,36941842.2264
life,0.763565723877,4341618.54333
myself,0.763729696976,9433492.75252
shot,0.763973739362,66771711.4552
laughing,0.76428647514,128977061.558
j,0.765086818758,184070634.964
fields,0.766954423392,176274453.544
o,0.767030563156,1720632.10912
ear,0.768945015549,252615194.257
meeting,0.771282337782,155860368.534
silent,0.771577979766,76676611.6669
sending,0.771681173525,1781107051.86
suspected,0.774373947664,758786735.95
noon,0.775179720927,607950014.709
rooms,0.775962846329,116899506.541
means,0.776283911839,60574901.5932
once,0.776961646888,13547949.4898
nature,0.778001064543,39656194.2206
seeing,0.779505743594,139435088.156
cry,0.781977362577,118146634.241
whisper,0.783158523119,587148979.61
beside,0.783233896312,40478634.4865
delay,0.783387975024,841197637.191
following,0.785910981813,179957407.234
superior,0.786809792661,647118843.172
determination,0.787382694344,1340266820.21
leaned,0.788603218038,145261420.91
education,0.789503823456,497663093.135
paid,0.790238463098,182834240.786
wrong,0.790524022828,89404799.3863
group,0.795935182967,310592145.389
m,0.796119980476,36686714.1069
laughed,0.797031816242,26329994.8331
called,0.79920657916,40577079.1876
unknown,0.800778226399,484449200.395
flood,0.808571703449,752012121.116
cut,0.809195039149,115566239.343
affairs,0.809589828867,319833313.497
wall,0.80963049378,42018197.6556
faintly,0.81099609626,881355203.739
authority,0.812043834387,733107763.636
fault,0.812672395282,390551814.335
humble,0.814777404676,723161493.274
v,0.816408309978,17586504.984
listened,0.818914346149,264136902.28
spring,0.819088643345,47518668.9537
got,0.820039092411,2187687.74386
emotion,0.820314554674,308536421.46
drink,0.821158912443,84405866.6185
rising,0.821965882298,276754383.148
companions,0.823256090479,430703178.771
conduct,0.823823673201,452300836.506
months,0.823947437365,121697804.138
dust,0.826355617442,234980144.85
anybody,0.826523396699,94482506.1018
belonged,0.826725576409,1080959228.33
judge,0.829315957061,25477263.1587
already,0.831698311942,51392637.0274
fever,0.832582110211,289038726.306
buy,0.837279140798,163506257.913
sheet,0.839140722675,768859067.78
parts,0.839436264159,840711858.256
hate,0.841037034098,219285145.552
brilliant,0.842397626579,387750752.413
talking,0.843214800644,92628700.0262
become,0.844714765281,71483751.3183
thinking,0.845610957884,56185622.6168
pretend,0.845725158486,1685222940.17
consider,0.846806066951,363129809.75
painted,0.847595906543,560789119.99
world,0.851333220232,8773519.85807
hill,0.851608738523,58981912.1441
patient,0.851980303159,310852437.307
smile,0.852209911284,40089967.1957
do,0.85483190012,488229.302316
of,0.855079126107,35460.9039564
born,0.856131435995,180827144.238
in,0.856649673484,233904.507251
capable,0.857324667272,773438920.257
saw,0.858216825824,9258067.60436
straw,0.858701340929,263661210.624
seriously,0.860029968852,751670518.405
anxiety,0.861441847451,380109060.843
excellent,0.870675943394,399113618.813
enemy,0.870836478885,117486923.066
date,0.870914530466,1179156483.31
arrive,0.872721597462,2075495360.73
address,0.875650235998,484919618.827
thus,0.876693088551,27745658.4729
struggling,0.878637502254,1830439212.14
sighed,0.882302697972,319247503.583
held,0.883093478728,53445731.1599
various,0.884054582847,332828710.688
society,0.884785830094,92793420.7646
sensitive,0.884886651628,1202815473.96
flush,0.885880842011,1367690861.2
fetch,0.886503706409,52790060.6815
whenever,0.888022406706,613952687.373
higher,0.888468912187,425134547.655
them,0.890162667168,1544815.40496
business,0.891224100747,23009456.2415
greatly,0.891405299492,371404993.496
cap,0.891904868202,289373231.82
whether,0.893794003683,45218125.6977
laughter,0.898572263444,255503592.545
generous,0.901789211181,716027091.003
street,0.90455561832,15165111.8081
amused,0.904938069155,713429300.096
travelling,0.906519180345,463319650.014
foreign,0.906829286686,610735763.393
secure,0.908162358037,984514225.682
hand,0.909470641542,10866304.232
sun,0.909736392161,53604650.8102
passing,0.910122592221,356136501.452
allow,0.911224584009,315656430.096
star,0.912450768338,719460598.073
grown,0.918697960663,320449038.552
minds,0.919017699889,859451633.115
type,0.920032691415,874382632.948
food,0.920899708688,145121630.392
highest,0.921327738179,1077467152.2
waist,0.921417610282,976107819.282
red,0.922521733374,23767622.7672
powerful,0.923721343884,575549507.498
crept,0.92572336284,498007318.791
pressed,0.926197938464,381574520.316
confusion,0.926788272106,695874691.878
looking,0.926900291168,18802778.9281
art,0.92784366779,58249466.6968
ghost,0.928028600755,187134976.089
gathered,0.928422262164,390687193.604
remember,0.929184858823,60778791.2546
steadily,0.929583303818,669530363.653
fall,0.93102891236,245337811.882
swear,0.932312823132,716052703.848
n,0.932658632958,12500409.9659
frame,0.935916583322,986443827.942
folly,0.937305523536,795469514.699
writing,0.941721373379,254084068.253
grow,0.942198869132,471521963.292
putting,0.942268472726,397773958.919
couple,0.942536493959,188651720.004
high,0.946073652277,54932109.3886
heap,0.949253323655,769425479.367
laid,0.950241393698,120368600.393
hidden,0.950754230107,389187924.879
peculiar,0.950830140412,541439503.446
forms,0.95285754246,747277190.76
sadly,0.960900732073,718094248.456
moving,0.96549988384,327317593.444
coarse,0.97088215437,1016332171.52
mist,0.972417524606,292164251.073
#arabicnumeral,0.976316240192,169938.025977
field,0.976770066302,28289187.0108
had,0.9803418319,165017.102417
thanked,0.980422199974,1694459996.02
knock,0.984896536345,1265106752.63
rapid,0.985131052434,871456674.905
woman,0.988124285368,5118770.82508
somebody,0.988174428225,137164122.279
ship,0.991290586791,12789811.3923
mingled,0.992848921206,1136132838.01
hot,0.992957685751,133907557.187
indifferent,0.994202513918,1226906441.53
relieved,0.994434013686,1302874017.93
only,0.997291772149,5462101.77373
mild,0.997513542382,1471251210.14
above,0.998905086071,59037373.896
brief,1.00041872048,424856364.25
whatever,1.00074147386,170742165.701
conviction,1.00257907126,913524999.338
result,1.00469361395,425240240.204
distinguished,1.00573941245,1049782428.51
fortunate,1.00993302267,1498950120.72
least,1.01094033123,43688083.3928
flat,1.01175869065,134244604.357
remark,1.01187442772,465101094.56
waves,1.01379697198,414599221.649
troubles,1.02035978759,1240558020.35
hitherto,1.02387510907,883503268.884
company,1.02797524142,45264637.6356
shaken,1.03081161115,2161305935.58
ways,1.03117380832,312779251.892
shape,1.03707244089,672354622.624
nothing,1.04125055477,14681052.7479
press,1.04390055615,1072913490.9
road,1.04636947366,25946941.2234
visits,1.04703196626,1570273026.65
talk,1.04866567503,42984963.946
e,1.0491712857,150077472.414
affected,1.04986467539,1378830315.09
expression,1.05175085408,94832940.752
mass,1.05197082709,590050587.666
went,1.05550787197,4553046.10707
state,1.06000478288,74702618.517
able,1.060472227,80101735.1081
quality,1.06102709232,931735934.608
pride,1.06125579243,104164254.496
re,1.06296441348,72663589.9984
fine,1.06351507924,68098758.574
understood,1.06430254513,315622218.874
used,1.06545843521,61227353.6552
grateful,1.06689692771,845905803.519
trust,1.06788890088,89267100.1665
her,1.0725675669,45328.2549808
enjoyed,1.07641486701,814023892.376
winter,1.0770828655,68157376.0495
noble,1.07771724869,161183944.015
feelings,1.07845833835,144101579.542
hopes,1.07923638601,600964168.705
began,1.07932030824,20317584.4647
seized,1.08456699637,538691440.782
birth,1.08588836507,1082227724.42
afraid,1.08701377785,59047666.1087
she,1.08858331276,44412.9146438
smoking,1.08940039411,946345918.207
r,1.0916498354,226434899.754
speaking,1.09187884141,239138168.643
admit,1.09193805289,540145200.824
apparently,1.09773703916,278398784.151
money,1.09837258374,13459038.9925
candle,1.0991446577,369257475.369
often,1.09923644498,59530299.5514
things,1.10053391967,9361867.02049
centre,1.10290315532,446762053.043
falling,1.106724275,467273100.978
friends,1.11214250296,43635880.3523
strangely,1.11500513156,977256146.827
carriage,1.11846966105,108442446.642
bay,1.12040624182,275000065.477
english,1.12074488364,31848838.1867
lie,1.12201624269,111043540.75
struggle,1.12538732185,769803446.979
deeper,1.135239098,1209596335.86
absurd,1.13965688858,805994843.477
sense,1.14717833624,67256502.4344
joke,1.14735360393,1077341417.74
clearly,1.14865084274,653489681.971
importance,1.14953329697,1049965678.23
fallen,1.15023397445,382853165.61
flower,1.15034786861,364508951.55
absolutely,1.15048741765,471538381.878
loud,1.15254201862,466264776.268
remains,1.15622159678,2261659117.14
ceased,1.15711947152,624434335.442
forty,1.15778807238,546890093.808
mean,1.15806454233,35371215.9599
deal,1.15904647942,84610479.9662
blame,1.15918364942,748217223.721
silver,1.16024456982,143497636.607
explained,1.16140084564,280830331.077
common,1.16184582307,231730012.689
retired,1.16294058825,1102609715.95
lit,1.16311324623,355202945.378
an,1.16418912324,3067857.85359
carried,1.16506570035,226929031.187
brought,1.17193785825,86904335.3267
acquaintance,1.17452519313,462281498.828
treat,1.17525988999,717637792.344
familiar,1.1766071099,438008125.925
human,1.17712037436,67342016.9843
companion,1.17763400401,137710485.605
sort,1.17871000784,26997991.1444
express,1.18124963352,925260565.795
shining,1.18242109421,491411023.996
idle,1.18598560747,1091080872.53
together,1.19278349945,68406264.8755
humour,1.19307927613,706774759.259
country,1.19329616264,37970276.1126
empty,1.19386442175,314201050.798
turn,1.19389210325,173757270.966
these,1.19480005516,10013277.5871
fourth,1.19636790787,1432838487.62
suggest,1.20299880624,1818558876.25
original,1.2030791577,1214743911.62
lay,1.21006166507,40321810.9537
somewhat,1.21170858435,181857622.818
slightly,1.21527229497,395947660.527
formed,1.21953943597,706698580.359
trade,1.22252180279,489591613.68
parties,1.22479269813,926392727.049
honour,1.22956725995,164982725.614
yard,1.2322308933,111654572.667
pain,1.23468946129,118474487.855
came,1.2382158852,6371344.2283
stone,1.23992731869,131988927.644
consciousness,1.24109078883,510608903.251
rude,1.24304375057,1155053715.8
not,1.2457445623,353362.854796
mine,1.24642819396,15229153.3705
knowing,1.25257109428,402017565.949
could,1.25362940212,2329348.19908
gain,1.25534834577,1665986323.78
distinct,1.26207851423,2677826943.4
pushed,1.26309200959,319886258.332
even,1.2663393288,9872028.25591
heat,1.26772552117,509692782.609
existence,1.27441573337,392362043.413
steps,1.27444070027,163596903.774
actual,1.27740756805,1333673233.45
paying,1.2797754672,1849165024.76
stopping,1.28251599852,1767090578.06
cup,1.28361988468,458550283.297
fellows,1.28447262098,313435193.35
bringing,1.28749567117,1185764770.86
impossible,1.28951833936,247302690.787
drive,1.29695922216,279655784.192
expect,1.29921826892,293944279.286
matter,1.30379732948,55976653.6409
grey,1.305118069,48011929.1494
rise,1.30721668263,899679779.155
daylight,1.31026188609,1418829999.5
plainly,1.31310529625,988532577.205
never,1.31425196303,6564543.35392
letting,1.31490817278,1996213852.41
risk,1.316480937,884226819.136
kept,1.32247472914,107376352.229
recalled,1.32695407538,1086850891.53
furniture,1.32715631205,796967642.601
evenings,1.32745768043,1432156480.51
now,1.33000189751,4036001.31279
which,1.33155186359,585232.846828
granted,1.33187975187,3041670458.0
wearing,1.33203545213,1287729773.1
whom,1.33221285367,34472765.4075
farewell,1.33345326526,1295499770.89
speech,1.33443154661,325950834.589
no,1.33765304137,3534291.90229
preferred,1.33769792163,2000147956.25
longing,1.34220188744,1272302858.48
absorbed,1.34272496153,1495621825.21
air,1.34297961103,50102872.9079
change,1.3434770537,238005766.455
loudly,1.34939625654,1852966318.38
week,1.35010387023,111213750.619
sacred,1.35458046088,815418949.787
sole,1.35515243131,3171720901.74
sky,1.35696956796,141456931.39
tune,1.36084951528,542881177.993
melancholy,1.36424915283,688849650.238
lingered,1.36602617713,2602817516.25
all,1.36653399166,1654926.12661
slept,1.37255884986,589710255.888
notion,1.37552099058,591074698.573
sunshine,1.38229306788,370801397.927
reason,1.38591307577,154171250.256
page,1.38694483114,678608800.894
nerves,1.38741935007,1197104518.64
uneasy,1.38897431189,2261714931.38
marry,1.38977186283,82780653.4107
holiday,1.38990228165,1748278723.99
base,1.39135681623,2011373117.68
took,1.39193512979,31433838.6464
sooner,1.39547778921,974910374.252
listening,1.39645976344,703066540.827
offered,1.39985333988,550504502.277
admired,1.40288828863,2155668046.27
damp,1.40321968035,1817577699.82
vaguely,1.40886570997,1178733827.64
obliged,1.41186171395,469010890.047
anywhere,1.41538460535,1090253787.7
practical,1.41560264585,1132954573.86
some,1.41674505929,5924895.07037
guessed,1.41736642762,1022516978.0
less,1.42006368188,80953627.2536
should,1.42163678597,5913204.23263
quarters,1.42205351176,891444307.26
new,1.4264837728,14244271.09
books,1.42838437905,94869186.9626
responsibility,1.42850009712,2013814368.7
advanced,1.4285945689,793959315.336
smell,1.4304380905,335513809.116
hoped,1.43216029159,811229383.853
length,1.43346974289,125830659.235
solitary,1.43521000703,1832865815.0
ah,1.4549151347,3914919.66938
fancy,1.4561309374,209087813.201
serious,1.45802618101,495774823.695
amusement,1.45834159766,1805010918.85
single,1.45927159642,350798604.81
pleasure,1.46188625454,180721988.555
opening,1.46413591767,670710105.715
countenance,1.47439568612,213046018.22
working,1.47830955423,381250238.105
sons,1.47966365859,635993735.484
dragged,1.48506940958,1372176851.84
general,1.48727568041,25842658.2426
anxious,1.49263153552,315213914.728
more,1.49426578616,6388487.7231
weeping,1.49581620955,1601212951.02
shone,1.49738873481,897636679.384
gesture,1.49899113326,545435171.117
wet,1.50203284478,299758165.195
west,1.50279220573,119874824.464
hung,1.51735114003,320657439.227
oil,1.51877481467,1325081172.66
made,1.51932020362,21129507.1403
serve,1.52001874831,1013931490.5
showed,1.52316876488,330071248.986
learned,1.52742206071,297368005.582
argument,1.53335213425,1781650946.51
shoulders,1.5383525136,262529509.464
figure,1.53873948369,141430400.736
harm,1.54117921508,762725184.101
disappointed,1.54134028358,1637903637.48
poured,1.54226433708,1437559318.09
neighbourhood,1.54408615899,873514880.151
vision,1.54933038601,544076651.645
deny,1.5504536963,1968537829.84
horror,1.55190790641,801054586.035
any,1.55303217249,6283463.0958
property,1.55412185666,262924732.959
ing,1.56104549012,59123482.2465
ours,1.5625198826,1718473243.02
filling,1.56258488564,4318858858.89
frightened,1.56420738915,406592372.797
ice,1.56434150572,577755780.51
third,1.56937183725,278321920.989
book,1.5702607961,56153359.0528
stern,1.57326687176,568750365.326
disgust,1.57397914795,2883988720.46
intelligence,1.57858021589,1637869327.34
pity,1.57918518898,303937997.063
low,1.58026459749,53486598.4082
equal,1.59222075062,1266296058.72
relations,1.59333178929,1288014784.7
because,1.59521079739,16101825.6992
f,1.60073455677,179431213.5
leaning,1.60336136676,907442246.568
lord,1.60662624408,9870462.90588
current,1.60671332491,1638515664.97
free,1.61022420339,218833950.14
middle,1.61464418336,450294692.264
stock,1.61665899011,647988597.675
ordinary,1.6186603102,673785105.301
ended,1.62139052463,1067154307.46
holding,1.62425057587,458888172.994
everybody,1.62434341854,224364385.552
how,1.62700201571,9164534.4214
living,1.62750793213,215275473.522
parted,1.62937812424,1518385235.98
houses,1.64469847001,295925026.365
laying,1.65452190622,1862931169.54
themselves,1.65727436437,119291947.335
saying,1.6605247769,103894022.983
careful,1.66279634078,1130061535.06
said,1.66685684801,297582.542517
offering,1.66993387845,4075706589.5
call,1.67611337839,157782797.795
rose,1.67646925599,14083531.7642
many,1.68348810813,28920540.5269
yellow,1.68481933805,274761440.279
energy,1.68550773413,1505588692.41
figures,1.68657069127,964483302.548
or,1.69187236174,2415742.21279
such,1.69804621832,9933716.69165
thick,1.7024837339,523404721.482
whole,1.7142297519,65724653.8865
steady,1.71567114294,1001166247.24
confused,1.72178930039,2005299960.7
honest,1.72466620763,303974937.942
talked,1.72784424914,291610215.533
drove,1.73167195999,581175861.065
courage,1.73199434697,620033650.924
remembered,1.7350748524,284561426.987
lest,1.73553814469,984708606.37
drunk,1.73784252541,479723605.959
person,1.74085916365,100247594.333
hid,1.7504763935,1751868331.44
daughter,1.75092099159,43919075.8448
extended,1.75294139623,1988537495.65
intimate,1.76482734968,2149887918.19
lately,1.76795431398,1022358225.2
directions,1.76972493872,5141624350.72
#linelength,1.77121175485,0.737996707472
sound,1.77140480715,134399256.198
waters,1.77430085416,149869477.022
driving,1.77532757275,1601103873.07
fond,1.78768289821,477241673.204
t,1.79258615294,2971055.80118
sea,1.7936603624,25942452.2475
heavily,1.8004720593,1444289405.55
departed,1.80566681079,1565750413.9
interests,1.81490114765,1780627302.84
folded,1.8245721396,1755664425.85
fixed,1.8338691043,538840492.96
character,1.83504922287,247141120.768
indeed,1.84956373842,33026119.7502
learning,1.88228759295,2946278319.15
clothes,1.88636146493,210847755.991
habit,1.89755713707,1021338888.7
public,1.90943833747,236982725.61
roof,1.91006848043,698004363.82
lamp,1.91748908981,632722932.652
stayed,1.92742522853,914959707.124
except,1.92849781721,154165902.869
corners,1.93175922086,2754189277.38
smaller,1.93415720079,4487537208.1
discussion,1.94242835964,3114498339.26
wore,1.94998741025,584831517.0
laugh,1.95094144558,210015120.337
aspect,1.95280744568,1097264333.74
larger,1.95717759688,1925853458.6
foolish,1.96410474953,968680527.194
healthy,1.96555015287,4076693347.17
great,1.97563209719,11826209.2902
bare,1.98003976498,826938165.673
imagine,1.9831851954,621318964.743
frequently,1.99451343406,1488543058.95
image,2.00864193928,1391794391.27
pardon,2.02555578692,1035526075.37
twice,2.02690839288,1113797230.09
nor,2.030944119,48543272.5001
chill,2.03601373581,2765100240.96
rank,2.04201015363,2003075449.15
weather,2.04256820764,605717492.397
cried,2.04481400814,22140549.3517
indifference,2.046505306,2061193257.99
stupid,2.07287867564,1335463706.27
spirits,2.07554227234,1130319686.0
beg,2.07729107681,636283209.805
d,2.08411899405,98876640.6347
vague,2.08422253152,1007800947.91
tide,2.13274626134,992350137.869
rain,2.14144951261,171131236.732
lifting,2.14667139231,2849181605.76
pen,2.15174716452,599449782.447
respectable,2.19892299424,2375416555.56
wholly,2.20118504614,904043776.774
drinking,2.20313498863,1858040004.63
crying,2.20416120747,952942486.994
ashamed,2.20796958915,904913654.367
gay,2.20892693743,75737549.7258
s,2.22339055885,1879270.18857
chest,2.24370361017,1601724458.8
risen,2.24938490896,3968842235.33
everywhere,2.25076174,1746129817.78
needs,2.25798964417,2277868912.55
hopeless,2.259035072,2697090932.68
ignorant,2.25943704562,2644872323.43
cheek,2.26325630771,537515391.45
polite,2.26373538531,3053158917.04
betrayed,2.28009113799,3002339340.69
begun,2.28086445889,1264402441.73
different,2.29360205858,278382983.137
put,2.32217781701,35470514.6599
burst,2.33516171095,876606132.984
venture,2.34817520764,3200139846.99
counted,2.36467497712,5065894682.32
forehead,2.36826280059,907885980.227
".""",2.36836491845,1271019353.54
lack,2.37475116095,2658688879.07
merely,2.40077805629,289440984.566
times,2.4119073383,269978707.832
court,2.41675572583,135750336.167
contrast,2.48023039253,4028018538.88
mouth,2.50584050136,191705044.724
women,2.51628419787,50275285.335
lip,2.51892033516,2115459310.76
windows,2.52338665301,524202983.794
cloth,2.52520094937,1319092926.88
agreeable,2.53987826053,1789191072.37
bowed,2.55514392818,1019565067.22
hearing,2.56798796164,1395026863.92
hardly,2.57756190555,174674114.557
mere,2.57772505558,421601348.915
always,2.58532644638,21551406.6233
aged,2.5861923315,3552226676.97
trial,2.66660869527,1036696401.59
people,2.70541949909,19054978.2842
stopped,2.7813177468,193794524.416
pushing,2.8245617761,5780008897.37
solemn,2.84543678404,1870290747.44
hanging,2.90295177284,2097958230.52
regular,2.92984296698,2976685533.26
reasons,3.03249096986,2771045381.99
dull,3.25435102415,1093967536.77
moral,3.30848393103,1544359672.52
descended,3.54801684331,3396865642.5
among,3.66676615096,90945775.7274
