oft,-4.48315948753,-49056722.8687
command,-4.33111918027,-441251756.057
'll,-4.2183384194,-8509394.04892
shed,-4.11121895003,-216857419.896
greet,-3.98037581402,-291383526.59
run,-3.8790924009,-113736914.458
throng,-3.83404792704,-244147338.539
their,-3.79501336178,-1385093.75281
gleam,-3.51251791359,-226881731.635
lines,-3.29371040133,-57821490.1245
'tis,-3.27710778328,-51527422.5519
view,-3.26319304669,-78733547.0771
hence,-3.1886309546,-319049238.089
#linelength,-3.16872130159,-1.05488766546
within,-3.15745214074,-15458343.7963
duty,-3.15378994845,-86504290.306
scene,-3.13421114791,-61302045.3641
guide,-3.10486243576,-282749343.273
lord,-3.10139909477,-5763293.08031
son,-3.06356438344,-34138438.1114
hell,-3.04712959288,-88911907.1412
',-3.03416056779,-203465.52904
fill,-2.97383745399,-86406761.4454
reign,-2.96577591521,-235700386.274
hail,-2.95993107428,-75423632.7121
safe,-2.94756375828,-229958159.524
began,-2.92555976381,-283585473.712
glory,-2.90087538926,-26018134.4818
them,-2.87913079292,-2631061.32047
friends,-2.87541439008,-37979215.6825
fail,-2.84449518148,-307877867.22
hours,-2.80935616272,-45721345.3836
*,-2.79448639463,-7443375.59821
time,-2.78235521703,-8595752.92769
#placename,-2.76992227119,-1550972.11879
wondrous,-2.75111173553,-127782781.302
bell,-2.72513241569,-129376779.774
true,-2.71600266837,-10319346.8076
sway,-2.71291503234,-272457699.188
•,-2.65265580093,-13910061.3816
for,-2.64570479621,-715600.022402
fond,-2.63297493183,-112104897.64
three,-2.60310601635,-34632324.5612
appear,-2.57567374612,-225908694.255
tomb,-2.56186240322,-33431401.7186
we,-2.54695561275,-343893.836878
voice,-2.54660489311,-15283289.828
slept,-2.54109662457,-156147029.765
sleeping,-2.5316760757,-253179385.501
in,-2.51520970114,-272889.076929
'er,-2.49792087445,-2488891.15154
above,-2.49394627923,-16614517.9423
nest,-2.49339265595,-176371724.247
northeast,-2.49019091076,-36281557.1079
seen,-2.48370765198,-31049445.2812
/,-2.44371309007,-113552006.94
maiden,-2.43095796844,-48673087.8544
cries,-2.41150518856,-69377265.1976
brave,-2.4110531873,-25402671.1832
nigh,-2.39504488777,-187164674.255
precious,-2.3851410147,-104650609.601
spray,-2.38483675792,-267979278.483
weeping,-2.37962203032,-258827070.567
amid,-2.36740120561,-47540333.8225
learn,-2.35547365089,-171747814.363
twas,-2.34156306263,-72346602.6073
until,-2.32732343871,-27579527.6728
each,-2.30770033074,-5030225.69062
home,-2.30291195124,-3910006.70937
this,-2.30118153204,-1600245.75982
grand,-2.29203302085,-47695895.7652
tried,-2.29101153999,-223588534.321
sin,-2.28799280933,-25059231.0074
open,-2.27635534671,-62207522.5381
fairy,-2.24651973309,-33311867.6186
waves,-2.23056739386,-36362646.7437
has,-2.22336941728,-5312148.9477
wealth,-2.22077348041,-98903443.3766
oh,-2.21068555825,-2769105.52479
play,-2.18383157405,-25454313.0106
midnight,-2.16767108083,-78868327.818
echo,-2.1671644927,-169112258.035
onward,-2.16492030771,-147338570.162
feet,-2.15450343576,-9822894.98571
as,-2.15232918063,-608019.004899
while,-2.12991798703,-3505104.23892
bow,-2.12282182151,-57004140.212
years,-2.09476327835,-13604958.8058
till,-2.09421843637,-6623793.62543
distant,-2.09030085707,-73072388.5082
've,-2.09003719152,-8951781.7011
himself,-2.08469042313,-30312305.3872
thus,-2.07239369804,-10541831.4418
pray,-2.0690050787,-44262290.9641
thoughts,-2.06570547831,-34516351.9596
sweet,-2.0620007902,-2447196.49088
restless,-2.05996710422,-246573961.583
word,-2.05372860854,-17472865.259
sweetest,-2.04642682607,-170416675.544
cross,-2.03559684063,-47153544.0102
our,-2.03025795365,-670681.404397
bless,-2.02959773254,-69943168.1162
curse,-2.02704963725,-163916869.797
making,-2.02370319712,-299349664.961
flight,-2.00858839397,-71652526.248
angel,-1.97277193219,-27788015.194
o,-1.97182523287,-722898.829941
ever,-1.96968774263,-7800700.20336
tell,-1.96820743082,-11696351.0781
gathered,-1.95623760366,-139683659.025
press,-1.92488172569,-127155199.042
gazed,-1.92233976795,-160646306.953
earthly,-1.90728242778,-95311878.9843
flow,-1.9064811726,-47559071.2841
bore,-1.90586065068,-99000575.2439
worship,-1.90380087411,-71870990.6222
kindly,-1.89931589366,-262288798.597
few,-1.89694509357,-21132278.0156
to,-1.89364020281,-61848.5455103
every,-1.8878386464,-6616596.7571
magic,-1.87704459778,-73756706.5592
gold,-1.87218866711,-15071342.814
battle,-1.8714996716,-21777450.3742
noble,-1.87003047148,-51242889.1357
they,-1.85184567567,-590627.115309
mad,-1.84177407241,-139116706.797
by,-1.83784324471,-752384.762629
speaks,-1.83458973481,-350310792.531
#arabicnumeral,-1.83322485514,-86479.5518088
listen,-1.83193918382,-185150893.654
filled,-1.82624428985,-96383603.3803
lips,-1.82584691613,-14861707.8367
thy,-1.82407011622,-307976.905774
soon,-1.8214878078,-18273729.66
quiet,-1.81383950055,-42667078.9997
never,-1.81197444719,-3555780.36527
sing,-1.80472766335,-12191520.7409
awhile,-1.78259080142,-236546748.329
almost,-1.78247065728,-64943228.6896
strange,-1.78185877301,-23175040.0231
gloom,-1.77897371063,-45073427.1408
line,-1.7769633883,-48667974.6658
very,-1.74559702072,-3556934.84212
nought,-1.73229990317,-45039422.2431
angels,-1.71478491154,-22706269.4473
hundred,-1.70198660982,-96427199.73
its,-1.69823806321,-750200.22052
torn,-1.6963851559,-24993896.2313
shore,-1.69548139602,-21209951.9896
echoes,-1.68513325748,-186390933.152
land,-1.67898678627,-7532293.47706
vale,-1.67287454361,-102596594.583
spread,-1.666198638,-50219971.6922
fingers,-1.66187513461,-66473303.3978
took,-1.65966298273,-12355559.8402
heavenly,-1.65931216922,-12715746.0952
prove,-1.64744950542,-170453131.856
pause,-1.64663234569,-203222500.282
can,-1.63960629208,-3964402.83555
went,-1.63636259239,-18357075.6443
wing,-1.62814069879,-60352590.8316
ring,-1.61001042854,-12457930.1315
'd,-1.5973981864,-82421.4859327
father,-1.58578726212,-8959673.79895
little,-1.58013516293,-934090.670863
church,-1.57531558833,-32502749.4132
kind,-1.5735350353,-7498491.89354
river,-1.57181897668,-10355436.0416
lovely,-1.55660299254,-33401863.9508
fame,-1.55219612149,-47894695.5554
learned,-1.54627053123,-128230943.393
believe,-1.53747337266,-63167251.4392
mind,-1.53736465537,-8329235.64729
faithful,-1.52571641879,-49826523.0621
catch,-1.52487631897,-154826544.417
comfort,-1.52256269131,-71444584.861
form,-1.5210966579,-10423902.8197
try,-1.51574358528,-76039192.4724
unknown,-1.51262023205,-88913729.1189
higher,-1.50785342992,-36565685.7298
from,-1.50778498896,-543500.812201
eternal,-1.50757370853,-18625048.9165
find,-1.50612175554,-17468890.6699
hills,-1.50545294287,-21181261.165
storm,-1.49948714508,-30872770.7314
lands,-1.49679009485,-72420641.5374
hopes,-1.47947880696,-58549907.1809
fight,-1.4683761383,-35868903.5912
float,-1.46473439665,-225540744.237
fierce,-1.46414995561,-72429116.668
lay,-1.45646061931,-10160946.5628
ready,-1.44410886218,-91585076.6399
burn,-1.44244179736,-126021384.45
wings,-1.43244378988,-17818884.9758
short,-1.42359740008,-90088541.0346
n,-1.40575515061,-20491925.7481
early,-1.40340900012,-35867263.8101
could,-1.40077348164,-3937846.21678
story,-1.40065236557,-31932260.7756
glittering,-1.39812067889,-129180280.547
children,-1.39772096865,-6763303.20472
state,-1.39761906364,-43897059.1939
won,-1.39734191703,-69969406.4053
whisper,-1.39012448039,-119614707.21
boy,-1.38808262241,-14136888.8644
f,-1.38549857012,-26601695.7384
takes,-1.38293196268,-136732808.272
cheer,-1.36864378712,-46596317.9911
fear,-1.36768650091,-21758201.8665
pleasant,-1.36606940026,-64829651.6818
lover,-1.36270068024,-13842528.8375
shone,-1.35801637018,-89949778.0653
lit,-1.35105680933,-15594740.5635
.,-1.34988082866,-7786.65195193
content,-1.34985063907,-124307770.372
band,-1.34906221413,-79989204.9672
should,-1.34415960443,-2208895.3783
are,-1.34196687625,-654344.746404
heard,-1.33997865757,-11838986.5452
spirit,-1.335911679,-5286181.00864
god,-1.33381588801,-914970.373595
awful,-1.31824685932,-83530635.7298
been,-1.31589470868,-6081712.34305
walk,-1.31444669171,-38974664.4247
gates,-1.31388398662,-72251294.6151
snow,-1.31199959688,-13345459.3236
bliss,-1.31199925913,-17970120.327
crimson,-1.31121809203,-39297860.8491
ones,-1.30939917731,-49397638.0384
an,-1.29791389474,-3059010.88397
worth,-1.2956670607,-48434313.2523
pressed,-1.2944483808,-196515104.782
some,-1.290780572,-1197628.11787
happy,-1.28968175001,-10489192.016
heads,-1.28492148859,-160519957.472
stern,-1.28434452809,-122886608.817
strife,-1.28218718887,-42431475.9737
tread,-1.28072744653,-82618807.6735
weak,-1.27778716982,-84066259.1441
spot,-1.27424054289,-57328141.3592
right,-1.27212737684,-10299671.8437
sacred,-1.26902517886,-23003329.8397
perhaps,-1.26875433192,-9692604.97462
name,-1.2654027175,-18700403.8372
tis,-1.26465391436,-5246794.32691
cause,-1.26451152842,-24396106.4381
kiss,-1.26401483196,-9560236.19921
coming,-1.26039587695,-54911739.3078
sought,-1.24249345798,-50694880.9198
taste,-1.23569987237,-186531758.043
unseen,-1.23472774419,-108907692.944
live,-1.22820368723,-14984536.2885
holy,-1.22750531871,-8278902.00923
wait,-1.22715968232,-34328171.9572
voices,-1.22632633041,-51459998.6525
foe,-1.22330047445,-45723331.6907
shout,-1.21838354067,-111435493.715
cares,-1.21834965485,-149893719.039
longer,-1.20552804133,-92979723.6352
breast,-1.20486367297,-8276951.31731
lights,-1.2047555496,-100880831.855
-,-1.20025071975,-189347.543777
future,-1.19854552216,-41260774.2671
waking,-1.19538002234,-217514756.744
ray,-1.19303976104,-42135849.6791
itself,-1.18975197764,-83319553.1024
so,-1.18432200476,-525053.713434
there,-1.17670269942,-656073.447777
sky,-1.17145049192,-7351052.12013
on,-1.16598617877,-533022.912354
grief,-1.16319513412,-20916262.9714
maid,-1.15291090997,-32082533.7335
loud,-1.15196547149,-47855053.1385
bend,-1.14881637558,-150009622.528
deeper,-1.14757906254,-204655891.119
ear,-1.14491933449,-42449006.751
loving,-1.14299380386,-35753705.6962
like,-1.1392508304,-590897.218523
those,-1.13484354554,-3112224.54283
grew,-1.13067113346,-22555584.947
ears,-1.12823522516,-99094900.0858
have,-1.12650364043,-734837.725328
's,-1.12369555063,-81794.2819606
common,-1.11986611365,-78208774.0965
night,-1.11758017708,-1629972.20559
head,-1.11543278205,-10941285.2264
rest,-1.11072313771,-5805490.72273
sons,-1.10106309317,-25743322.2835
do,-1.10089814553,-1071227.59359
smile,-1.10054976328,-15285909.0243
light,-1.09835460596,-1456712.68039
#monthoftheyear,-1.09742857274,-375328.426423
sight,-1.09093004984,-20180980.0374
race,-1.09001330925,-30673397.8245
kings,-1.08557199009,-62652009.1943
birds,-1.08401622129,-5583067.59746
led,-1.08334255249,-29035639.8438
drops,-1.07968902708,-62427450.6363
struck,-1.07350496341,-98295663.8786
away,-1.07124654473,-2360486.85652
hearts,-1.06229425732,-3343087.23707
law,-1.06164791168,-33894415.0101
forms,-1.05861251034,-40426889.0433
it,-1.05275459075,-165116.498313
side,-1.05139905237,-7834218.08837
follow,-1.05139577175,-31569729.5855
tide,-1.04336316447,-29767229.403
having,-1.04288657843,-10790283.9353
blood,-1.04024542177,-7597230.13096
fills,-1.03423008034,-130794007.741
flowers,-1.03095900646,-3732886.60237
window,-1.02857892405,-38571791.3428
burst,-1.01588127131,-126497869.938
proud,-1.01415636026,-17679847.3451
picture,-1.01105301777,-13256617.8525
rare,-1.00677646713,-35000453.4402
tempest,-1.00470381748,-73900329.8418
hour,-0.998157825681,-9767902.82857
m,-0.994249783049,-8010649.51082
out,-0.992044528607,-1687758.42844
over,-0.988709855956,-3749496.11037
joys,-0.982567901621,-15523822.0214
deeds,-0.98087245222,-46056778.7337
marble,-0.979921577672,-90470067.4905
laughter,-0.97862492609,-15088701.7282
daily,-0.973263748508,-32895628.0927
us,-0.973029702143,-904366.067611
memory,-0.969175348492,-20601103.7971
lovers,-0.966996290374,-64005470.681
fold,-0.966543393552,-60330528.7412
gaze,-0.965332324262,-17584069.2078
welcome,-0.960921905564,-4953591.66942
his,-0.957748687133,-106576.19196
meet,-0.951175844946,-13092441.0241
gather,-0.942591742233,-38778107.9129
upon,-0.939685331955,-1314973.59534
waters,-0.938074984465,-19551101.5444
dwell,-0.937990516917,-43447697.4945
glowing,-0.928418435582,-71295577.629
again,-0.926280171568,-1505470.18885
win,-0.926174463018,-70092968.8682
flies,-0.924133092736,-124973362.685
bright,-0.922009069253,-2539029.99598
same,-0.921680801532,-9026291.77576
leave,-0.916837352945,-33970523.1033
golden,-0.915677138379,-5662957.83081
end,-0.910666232116,-10740021.6197
laid,-0.909189148124,-27858779.0783
faith,-0.905778536324,-10664400.7953
remember,-0.899157744849,-31370207.7585
mist,-0.892350044971,-44548038.7395
rays,-0.891201735927,-66493863.157
had,-0.891101577223,-441433.504233
most,-0.882798286067,-6270520.79101
farewell,-0.881309689836,-31423665.8906
throne,-0.880237770799,-16409607.4428
brief,-0.878070146999,-39278768.8102
no,-0.871650600309,-943386.716111
will,-0.869373318762,-472152.913911
gods,-0.861966311224,-15083104.3776
teach,-0.858221271638,-57832998.0556
fast,-0.849750702824,-24503630.439
make,-0.847138655463,-6016126.29619
wander,-0.841637244045,-102035455.286
forgot,-0.840891448286,-38818617.9571
ways,-0.839546471416,-27383518.8959
clad,-0.839478574576,-57262022.4266
behold,-0.827299439306,-20988920.686
shine,-0.825715896448,-4736058.11787
raise,-0.824232745619,-101705354.075
store,-0.814440457399,-112576349.754
dread,-0.811245055115,-39107211.8066
year,-0.809059426746,-3136372.85846
cease,-0.79050358792,-23736035.6656
j,-0.789043921526,-3571914.76666
repose,-0.787476770896,-60807054.9284
hill,-0.784526818543,-9597150.05185
trust,-0.780247950654,-13657257.5185
woods,-0.777097465234,-24664756.687
day,-0.772335300464,-703919.128604
notes,-0.77020706821,-29363359.1269
keep,-0.76804412492,-12837496.6161
e,-0.762585489194,-6186432.76773
page,-0.756893576607,-8136590.34669
straight,-0.755833062998,-88513451.232
grace,-0.751066782318,-7200605.24428
fall,-0.75104770852,-11506938.0538
'st,-0.744011606712,-5136995.97497
eager,-0.743724956107,-66702651.5488
point,-0.741168953967,-105337144.406
both,-0.734846478451,-13748153.3264
wish,-0.730647197763,-23660155.7646
themselves,-0.728998248918,-44560788.5321
poor,-0.727719679168,-1851044.90047
'neath,-0.727421027145,-22348522.8134
singing,-0.715943296497,-17815968.6806
dew,-0.715068659406,-25547689.5563
rule,-0.710329293569,-10067295.841
firm,-0.705122213318,-21511701.3809
cruel,-0.704943531892,-25167100.2466
old,-0.701828637674,-1028618.21503
fain,-0.698355118013,-63659246.4113
tree,-0.695703672841,-5378704.38185
glorious,-0.693173945937,-19252715.5285
nearer,-0.684704541197,-76926402.752
flash,-0.673851160533,-80556381.0914
blessed,-0.669155025826,-7250953.23222
is,-0.666581439309,-89772.7693672
many,-0.662325282135,-2422273.5872
mouth,-0.655514114438,-54996033.342
lose,-0.646207187603,-61908466.6066
thee,-0.645615589286,-273728.236605
hold,-0.638767167176,-15536696.0121
yield,-0.636401774303,-37831662.9726
behind,-0.635377112947,-5338955.22221
sounds,-0.631687357813,-49078496.4925
fair,-0.631061949896,-1803617.57338
flying,-0.626923580033,-103044129.761
roar,-0.626656226302,-51936203.4719
^,-0.606637794335,-452920.018188
note,-0.606279109086,-17025455.8934
better,-0.603904752632,-4460626.62026
comes,-0.601800277001,-6398029.78146
seas,-0.598933446032,-30502131.5745
street,-0.596500039955,-5668460.47283
move,-0.589958315533,-10840654.9382
childhood,-0.587114669131,-32852246.5462
pour,-0.58225587801,-65126503.5378
sail,-0.581128003987,-22023490.0702
loves,-0.568247314539,-26332136.0026
whether,-0.568086961234,-58424656.756
told,-0.563343221877,-15379988.4185
dream,-0.563000317996,-4791434.41888
calls,-0.561271920259,-69255356.677
let,-0.555464646457,-373275.803232
thought,-0.547807885812,-2585512.29625
r,-0.544746845469,-5377818.95757
star,-0.541004705297,-3142751.9891
often,-0.540481005884,-7023724.79847
empty,-0.539347696995,-33931068.4378
wrought,-0.538275584361,-20842345.5597
art,-0.534078612547,-1743311.53271
shines,-0.520741001444,-44627665.7914
endless,-0.505393231487,-31563483.405
brook,-0.505250424992,-43671100.2047
sword,-0.504798694295,-10408226.0253
evening,-0.504107862729,-9424415.26522
given,-0.502584471555,-10122546.7535
dawn,-0.500590735145,-11241492.6703
something,-0.496532436856,-15276735.4103
joy,-0.496303109701,-2114185.77512
cheek,-0.49104011747,-19880500.2001
poet,-0.485038548792,-3239078.45925
times,-0.476131047058,-14724113.6834
rising,-0.472777737705,-53242927.9999
thing,-0.470061437623,-7310235.05306
lift,-0.466170350517,-6363032.06214
image,-0.460795855237,-63100179.6329
morning,-0.459401911133,-1138009.79152
songs,-0.457919030574,-13066320.8413
master,-0.454302167244,-7728785.86294
music,-0.450977000536,-3300073.28437
radiant,-0.447529944414,-37440482.6931
power,-0.44577022239,-3126751.93449
fled,-0.441230572204,-19839489.5323
deed,-0.44112397141,-45436799.9807
labour,-0.429340066152,-830204.74036
was,-0.427881216074,-69591.1683849
might,-0.423503931273,-2488201.3059
birth,-0.423257738322,-14474038.7156
buried,-0.420340158978,-24654632.5448
love,-0.417709944616,-69359.6495486
sense,-0.416375775222,-13457148.4783
into,-0.414841519315,-1539682.11615
fed,-0.412996271293,-47857339.9941
weary,-0.412618582515,-6135993.05674
forest,-0.406336147028,-5175461.48431
sings,-0.403791515724,-25667002.1366
war,-0.402850513495,-2735909.64586
of,-0.402819310149,-4405.6847433
wood,-0.389798551315,-5347719.87964
spirits,-0.380920668336,-8483622.59142
fit,-0.376857004246,-36114234.2841
wild,-0.375661218667,-1550891.23651
without,-0.375358198168,-4009655.37117
passing,-0.370564152585,-22280000.9978
splendour,-0.367713507606,-19449732.7487
sent,-0.366789385505,-11479821.0309
new,-0.352271382237,-750729.226734
my,-0.351950787729,-30945.079106
mighty,-0.34988472091,-5553697.41534
burning,-0.349544158351,-20517371.9574
girl,-0.347735275666,-1435550.11379
fruit,-0.345205664713,-28289860.7192
eye,-0.339945281232,-1126614.88063
ocean,-0.337827012879,-4870102.95832
path,-0.328761825488,-6318090.22849
king,-0.327110901506,-604311.811067
spring,-0.326335793321,-2526851.51486
book,-0.325095526198,-3742350.54077
just,-0.320672505773,-1124872.40737
since,-0.312746416705,-6553227.76117
tears,-0.307445047692,-1201039.70488
ye,-0.305799922969,-394820.008536
call,-0.301896506521,-2404765.78463
noon,-0.2979095118,-26581691.5085
bird,-0.297236743208,-2800530.22091
up,-0.296260261303,-115036.108601
one,-0.291719593119,-333592.503852
built,-0.287159355672,-21557495.0957
work,-0.28689112565,-2440976.13451
full,-0.285930045776,-2051220.39525
thousand,-0.277788892676,-9156844.99906
court,-0.277636418037,-23604404.3871
clay,-0.27288915068,-16972395.4705
did,-0.26642474427,-237246.576559
lone,-0.26557507309,-10498163.1585
caught,-0.265441388859,-15164957.0601
forget,-0.255320200359,-5549977.33296
sad,-0.253340932034,-3474449.3646
gently,-0.252747358592,-10907596.9744
flower,-0.239356892054,-2721947.95185
more,-0.236405801961,-448254.566586
merry,-0.236197074039,-8224163.94006
arm,-0.235368177301,-8036725.56804
tender,-0.234430263875,-3778526.83805
trod,-0.231187070796,-21441624.9713
bring,-0.218299984949,-3346582.08977
honour,-0.217862526563,-1111601.18337
wake,-0.214664234597,-5604370.0954
plain,-0.213183005564,-3300016.46321
freedom,-0.209552571776,-3027467.22495
glance,-0.206438758583,-7646087.12183
changed,-0.203743375111,-15445482.8353
reach,-0.203368494826,-7945820.00618
burden,-0.203329185778,-38729882.4855
paradise,-0.201717741355,-1193143.27043
lives,-0.200885768787,-4525485.36641
powers,-0.198664836091,-11297448.1213
yes,-0.196412044287,-2385654.00561
fly,-0.194611040352,-3769030.9909
with,-0.192278394028,-31391.893997
strain,-0.191198905179,-12061697.1118
gone,-0.188075327797,-799827.51143
author,-0.183840113466,-5315834.26872
but,-0.175677496388,-72671.7506048
weep,-0.174536448662,-8341317.44061
spell,-0.173974647903,-13807661.5108
either,-0.17313564221,-22547147.9036
these,-0.167327156933,-276328.616937
softly,-0.166780342477,-5176843.3833
used,-0.165933197212,-1279690.79912
cast,-0.162924304059,-1907275.43708
return,-0.152686105743,-4205580.33525
seems,-0.147213769443,-3742470.34221
o'er,-0.141398118128,-3908851.94797
things,-0.141290823228,-702540.353703
mean,-0.139184285481,-2912033.44872
much,-0.134901468538,-992918.281194
soft,-0.134384213989,-1378221.74841
glow,-0.132355320714,-4027454.17845
vain,-0.129165529835,-1220186.9043
thine,-0.127645921261,-645642.05354
perchance,-0.127249130627,-9557404.19671
tone,-0.125194113592,-8652070.22196
dear,-0.124471718374,-78339.5702779
look,-0.118052753549,-197530.32851
surely,-0.117988113925,-354679.68487
hot,-0.114645466564,-5644723.56496
take,-0.109146833026,-907633.19774
four,-0.104669446423,-3995971.27381
loss,-0.103571214767,-15390650.776
morn,-0.103409293758,-1155021.58116
see,-0.098615609535,-101448.025623
any,-0.0959954973753,-424581.911709
mid,-0.0958790753836,-3114025.99757
off,-0.0930565330862,-592123.273969
unto,-0.0897757100368,-844661.525101
dust,-0.089052741769,-845732.968759
bid,-0.0839240837484,-6115210.19852
only,-0.0836133284687,-241743.582584
written,-0.083044569147,-3802139.00184
heavens,-0.0764419012943,-3161549.52618
nay,-0.0720952122578,-1332132.29968
blue,-0.0697278296884,-481747.404293
called,-0.0631230562556,-771169.714778
clouds,-0.0613493616219,-1073083.31462
road,-0.0597194449402,-1446098.52798
came,-0.0589715494774,-198383.81269
peace,-0.0528284789255,-362184.190864
drew,-0.0524434822747,-3419157.36567
library,-0.0521243471113,-667939.946879
set,-0.045619254463,-556846.230475
—,-0.0429939596567,-1315.94291221
trees,-0.0310515102827,-231582.809958
lot,-0.0303748751927,-2722584.02409
#sentencelength,-0.0250096852856,-0.000637484786386
skies,-0.0240580422545,-116672.200206
made,-0.0238562050178,-41141.2915182
drink,-0.0230527012073,-1479056.91971
sea,-0.022296598844,-26559.7760656
waste,-0.0206204163217,-1719337.98176
own,-0.0164092274702,-61304.7679877
crowned,-0.013146487345,-799422.556826
hue,-0.0110988364721,-1541403.94144
purple,-0.0110608022988,-402134.183812
men,-0.0106504119174,-27516.8520265
bold,-0.00387851526289,-211505.995873
wall,-0.00347186066809,-86608.6773744
now,0.000417829529234,436.814197356
words,0.00302485375854,35250.354967
hush,0.00720649641614,272109.563011
days,0.0077695593707,10944.9397877
part,0.0137176056538,178963.102554
forgotten,0.0184342244415,1770953.21254
song,0.0231641068584,44234.0221261
want,0.0279832796187,1526293.54049
free,0.0285009203042,9848.52923725
whom,0.0324985075854,379507.720715
hands,0.0354672888398,64949.9087723
dry,0.0435864427101,4839965.97084
across,0.0450190705069,405535.051234
heaven,0.0460178625279,63181.222981
ah,0.048454670329,200318.872079
",",0.050316380932,186.515407642
said,0.0553718083517,47447.7212079
smiling,0.0560923633396,4341426.56666
than,0.0655357671102,93658.7644233
lo,0.0656193981274,1233797.75389
know,0.0660102349054,41267.0459078
guard,0.0686266385082,8512085.73437
treasure,0.0729885553871,771436.046902
doom,0.0799985527308,8574243.96737
swell,0.0865623073928,11599638.2517
though,0.0934417067642,131031.87412
east,0.100131730815,5290731.78406
near,0.101855584788,1075809.78895
fires,0.104135691262,14703505.8736
works,0.107468785074,2753596.31247
met,0.110943358006,959803.70719
done,0.111874501971,803139.062475
dance,0.115536813755,2471176.90611
along,0.117662772159,1199182.67509
moved,0.125857276176,11864934.4904
next,0.12627471086,1390881.21136
streams,0.127708686845,7085014.78694
way,0.128823657498,514304.053176
\,0.130036402756,379197.842115
drop,0.135358317819,1405935.90883
arise,0.136554028324,846997.079329
indeed,0.136972495697,288349.184579
talk,0.138820298382,6115638.21242
glad,0.140205909017,2268507.05262
beautiful,0.144454567759,1865140.1706
scarce,0.146997646258,1973241.39141
vision,0.150523132699,4047216.91953
if,0.15102620983,155053.791327
after,0.165561014076,946343.262646
breathed,0.165709091836,22034888.9492
moon,0.166542397435,1659790.4833
friend,0.168720145467,127788.846021
place,0.170188240253,2345542.09635
brain,0.176980354888,7063008.88405
pity,0.180017452023,10514869.1768
say,0.182980534827,506701.115695
bent,0.183707320227,10604455.199
taught,0.188639526103,2026580.06105
which,0.1906903828,104305.989543
silence,0.192941728243,3225300.53735
alas,0.198362419713,6110513.44222
blossoms,0.200045895009,7883659.85309
prayer,0.202039282711,2701512.38596
wet,0.202506234903,17601163.4655
bride,0.21348234034,888846.931975
ago,0.220319203309,5665762.76483
lie,0.224804804804,365876.481051
rather,0.226531022504,3153065.71238
ages,0.229261864289,11277631.3073
tale,0.229435281145,6498689.65718
beside,0.234539295565,5019305.58139
before,0.238004842119,989045.800758
hall,0.242269027391,5996956.7531
under,0.24228739667,1367032.10481
use,0.243634246969,626255.93713
good,0.245255622741,388463.97246
come,0.246393753683,191269.175153
closed,0.247308956964,40849053.7188
country,0.248990458227,3079202.74315
watch,0.250323843016,5878644.05108
truth,0.251686389589,961712.811317
brought,0.256835352865,7218879.64415
held,0.265648306075,9644609.38927
pass,0.266211587467,1535784.40731
think,0.2711610137,327866.76844
sound,0.273190052609,4095214.75565
grow,0.279811351591,6954026.75971
#typetoken,0.282834171458,243.666885515
young,0.283084446103,2273296.91625
hand,0.293133651423,709335.250899
breeze,0.298244634738,7861633.47414
broken,0.298318371973,14941579.3899
once,0.300378697473,1282297.17348
room,0.309205531889,6497318.67047
passed,0.325812349162,2760934.33191
stream,0.328919239397,7271829.51312
rise,0.330196377507,5094802.84707
blossom,0.332098345331,10368860.8991
read,0.337348561398,8119321.55451
be,0.341150687368,146925.355435
dead,0.345891198445,690274.400954
length,0.34598682289,15673650.5494
ask,0.349853872479,7044628.56044
toil,0.350180132411,5911278.38986
ancient,0.351007600831,7713014.78004
valley,0.35106183304,23872266.8386
would,0.352127882573,354468.048108
act,0.355740443893,1083139.71652
foot,0.359345935909,6073157.17404
the,0.362824242873,2117.80058246
or,0.369841657706,150235.928123
then,0.371798818978,271602.681149
heart,0.372695377669,275778.40651
myself,0.373858339979,5715650.3205
living,0.375194888247,9946945.81801
stay,0.378767943342,11594517.5727
sigh,0.379152934306,12990114.3657
north,0.379702170867,22812840.1726
brother,0.382961739434,9018429.75742
reason,0.387719088371,6654231.76952
gave,0.387869449501,2896071.44645
sweep,0.390635863921,18641776.3143
all,0.394227949007,107061.718195
seem,0.399910888799,814593.420299
that,0.401061354307,43796.2370908
gift,0.408311728982,21754486.0142
course,0.409681549746,2975948.76914
flame,0.412625780382,11778950.8855
immortal,0.41681389452,13538553.1075
hear,0.431259791296,2271444.03793
force,0.432994060788,29706483.1709
faces,0.43780130218,16743821.4648
branches,0.443119862784,14916280.8234
deep,0.45086009625,2662466.009
rain,0.452252053913,6557848.7948
earth,0.455389740395,685706.45575
cool,0.455552977821,26499003.6721
train,0.455814791882,29409067.722
hair,0.464785831848,3323383.12524
laugh,0.464942897275,7031698.25139
other,0.466361066374,4131368.08391
about,0.467603448005,2252770.62632
tear,0.473389835683,1452173.85856
always,0.474827899775,4277690.29527
sunny,0.476596538464,25146163.5356
slumber,0.478272753939,39327038.3035
second,0.478625022188,30006606.9113
back,0.484454175802,312586.413949
care,0.484552824687,7298665.95593
him,0.490102653825,258235.773189
shall,0.493248926816,387695.16329
saw,0.493317170291,2715414.23239
shade,0.496267862101,2630375.71595
grave,0.498545048274,1245222.81977
mark,0.499099677031,25130774.6183
ease,0.502891939598,1104225.02785
wife,0.5035377938,8617686.19573
shining,0.505142681243,12002908.6525
darkness,0.506362712024,9329856.44121
beneath,0.508999369394,5572475.3082
nature,0.512052840743,2110017.94299
mortal,0.513121208651,10846576.5249
here,0.515981606191,808070.472604
v,0.516753429735,20844913.3831
ground,0.516757066823,12289445.3847
blessing,0.517862560212,30644568.0627
south,0.521327349262,28400134.31
hidden,0.524098268516,30684831.767
murmur,0.524638366593,76645504.2189
left,0.527314237647,5714606.48792
found,0.528500315744,934466.643601
rosy,0.530012879015,26907164.8428
west,0.530593796841,13100178.9631
help,0.535032584438,1177909.82761
being,0.535387993544,5350594.03039
together,0.536518360545,9104775.54599
;,0.54247879692,18821.853463
bound,0.543194724837,15309192.0396
rude,0.546230038218,73266011.4799
grass,0.548075610641,6741510.21632
sung,0.552760100808,47599358.8377
else,0.556343108297,3337801.17605
turn,0.563033935007,1155229.78435
eve,0.563740212865,22175140.5906
well,0.564042550339,1423425.95199
fears,0.565827731115,36441326.9001
chill,0.571489249037,45045684.7245
sighs,0.571819293071,66305786.0093
i,0.572775531913,6099.37922561
city,0.572983273552,11203946.5543
he,0.57592650202,69339.6909759
stars,0.587936460874,5333162.71563
summer,0.588140174101,1653495.65687
enough,0.589978011643,35247227.4273
house,0.590269210892,7861887.61027
trembling,0.590949384239,44624421.8986
twilight,0.592165328768,17166178.7422
delight,0.596441162956,3070344.3827
breathe,0.599908200919,50770532.3399
late,0.600599333379,21919924.0001
gleams,0.60925864502,90464580.8434
looking,0.629396579496,7374167.99084
sunshine,0.630378626633,19161276.9753
beat,0.630724873474,9991589.62711
remain,0.631208874514,115572858.176
lost,0.631319028572,6772575.26974
around,0.631621775957,3586611.45119
silver,0.6332971957,14425161.9254
daughter,0.634565343674,22916748.018
seek,0.637761285446,16058041.4946
between,0.640417398591,1755223.3931
hark,0.644010194049,38750755.0826
were,0.650429354182,281526.65289
gives,0.657948339901,23389630.7551
too,0.660423255724,1732111.5859
eyes,0.66226771905,1156273.25736
wave,0.666377610361,16767858.9859
me,0.669713134009,132675.638906
divine,0.669834513783,2788514.70432
wonder,0.670657920111,38573284.6183
secret,0.674294395446,17654918.9418
arms,0.676797952925,10580307.6918
cannot,0.677442565104,9183691.63954
dare,0.677501753908,19385545.6147
bade,0.680228530527,66910847.1842
quick,0.680597466375,13750066.2465
leaf,0.690218896761,26876231.4654
trace,0.692705782229,65841046.1742
lake,0.694589394149,28731071.9229
because,0.69959322891,7246599.63979
lonely,0.69975607837,19024862.3336
alone,0.702288272128,1818173.75908
sleep,0.706600859423,10787027.4941
quite,0.707089578619,2772854.00893
waiting,0.708055240501,18791749.4563
silent,0.710610069218,7796019.43505
pride,0.710984289044,14443004.0459
visions,0.712159424392,61672672.6264
among,0.71412254176,9171751.84462
beyond,0.72029983179,10115511.252
spent,0.721786644403,15216595.3707
haste,0.729982764075,64881803.4122
rich,0.736496218141,5083755.76927
sink,0.736623591187,124125604.785
none,0.740221074568,11978902.042
known,0.745683437237,25745841.1204
"""",0.746636817643,9562.13459984
fields,0.748454684308,10890522.2931
kept,0.749803361834,45125212.7094
keen,0.751738258654,54202056.4682
forth,0.753584192043,4741842.45271
please,0.760348419785,1584400.06013
stand,0.769412081651,3015270.1519
brings,0.775060717151,70664492.3929
doth,0.775130260903,3762406.97376
morrow,0.777014596282,9383560.43694
two,0.7858124535,1653755.91348
down,0.787047380613,1687733.23747
fine,0.788905375087,19310874.6269
garden,0.798350721148,8007965.70093
go,0.802723860337,1364419.26758
charm,0.806138337785,29847583.9291
death,0.806467069558,2188304.11141
rock,0.811211799642,12387197.7167
hate,0.812507643722,2411472.61329
show,0.816050976938,17727552.316
gate,0.817391922708,51222674.7257
dying,0.818649357357,31116981.4311
present,0.828886377123,4752617.37662
praise,0.831436262362,3858569.0668
cry,0.839172051084,10979810.3358
simple,0.844327896553,4757564.46725
small,0.851365818603,19244362.5729
past,0.852194415851,3925509.67393
gentle,0.855566140188,4372487.55041
ran,0.856886359067,15044897.3759
moment,0.860814882446,23769433.4774
rose,0.861261244534,242086.909226
turns,0.86160025838,122890872.621
hast,0.864470910387,13450824.4946
hide,0.867181761586,62852867.6463
bosom,0.868313748426,10396548.0159
pure,0.871631637869,7837208.81563
flood,0.873877866343,77196341.8603
sat,0.875240176705,28362083.7955
ship,0.876903571447,21525280.4656
knee,0.879374724906,77045588.5151
#personalname,0.88014862052,11366.4505954
rough,0.883303587283,18863643.8607
springs,0.883668554534,97936036.2334
sure,0.884496151063,23384443.9633
claim,0.893859036289,39210600.1418
pain,0.894374412254,3834216.00522
a,0.894759887747,23966.6204036
sweetly,0.896062067513,10164027.7197
whole,0.898298960554,2583557.03183
felt,0.900747801469,5276717.37604
wise,0.906055425335,14810379.7605
vast,0.912516312586,5041212.00511
tongue,0.913332643849,35311729.45
door,0.917390970667,11418399.3891
dies,0.91918112885,102286511.727
mild,0.920812217277,123035743.363
chain,0.925342507173,41776732.0038
feast,0.925972554611,13483190.2609
touch,0.929728779248,511480.146337
why,0.9306712058,2515203.10833
die,0.935895836216,14025475.7714
strong,0.943853286343,12560758.8108
gain,0.949111265599,9873811.17305
:,0.949467540833,73000.0896888
winds,0.950064604586,13443236.0915
afar,0.958811504563,56548094.7908
souls,0.96210755299,14781247.9596
loved,0.963012684447,7574839.9212
grows,0.964362537414,5896679.044
wine,0.965819232682,3987586.30654
hung,0.96809657021,92229259.1156
knows,0.969747118295,12944706.8029
gay,0.971090789402,20284268.2277
promise,0.971578363054,81547896.0129
women,0.973815257004,2858517.36526
breaks,0.975100013452,127477692.772
autumn,0.975755267181,17085516.7299
aside,0.977658458921,125524097.564
shadows,0.98010806689,14219243.9993
neither,0.981472821003,76748376.3314
draw,0.9824454548,115252889.145
ere,0.982828990553,13000726.4776
lead,0.98356686347,43146998.1264
hope,0.986758722765,5677656.07637
mother,0.988244954184,3867253.30874
wept,0.988483500516,79608368.6384
air,0.989274701762,3749416.35671
ill,1.0041391461,44329471.6739
human,1.00755742915,9118441.64212
turned,1.01092479906,11482449.9893
feel,1.01120326773,14041074.6267
mountain,1.01385638313,12959228.6693
drawn,1.01557350896,124361306.371
wrong,1.01801441594,27603171.5628
sunset,1.02032501952,41810642.8718
cup,1.02325596075,46855263.4026
ten,1.02412432049,43651660.1294
growing,1.02571295004,46354554.4174
white,1.03059659092,3022325.1935
pleasure,1.03322926373,20358643.5341
share,1.03377519152,38579616.2021
scorn,1.03463154859,3157070.54726
step,1.04103824409,70123901.5324
ours,1.04133773462,36799355.4097
need,1.04145852339,24374964.7481
floor,1.04743450164,97022874.0548
taken,1.05585256079,24142698.0032
presence,1.05871874586,44726796.1341
speak,1.06189779111,11871875.6908
brown,1.0623176261,19850749.9095
sun,1.06804096623,4441376.11526
host,1.06906581643,43740918.3745
sick,1.07626974625,70638897.8573
iron,1.08212038732,57204250.7718
task,1.08639214436,100675473.466
soul,1.09306295604,1506541.60509
fate,1.09334192965,15303.9294875
high,1.10357657068,5787831.92262
best,1.10395391821,8169689.74135
at,1.10836026011,447993.886584
another,1.11117124097,16800978.5432
great,1.1161277521,2881328.23885
winter,1.12362154165,12771752.4385
s,1.13612762106,588939.251433
sang,1.13992401007,6313973.60507
face,1.14268250705,5182291.87145
desire,1.14325181697,14638669.8793
break,1.14330690669,41656558.2645
when,1.14808700116,609710.778508
sister,1.15010819248,32218196.4294
burns,1.16054996482,201574526.11
knowledge,1.17653190392,81411404.9093
depths,1.20311010206,108403662.776
died,1.20316990953,31588918.499
!,1.2075684293,32015.0308955
and,1.20852664587,11643.4222877
body,1.21311815355,20800224.8945
your,1.21391169509,123561.46507
you,1.21475769755,28698.4178869
lady,1.21931461004,17023.9598729
awake,1.22403109123,54963459.1897
such,1.22608067485,3347394.33356
sits,1.2287877408,35772859.9483
poems,1.23646245706,29879474.5666
flowing,1.23797257373,173169903.404
dost,1.24130956955,26535048.0524
speed,1.24918221447,152100207.021
sudden,1.25571161142,51088363.6751
i.,1.25717159428,2570809.74325
serene,1.26155119478,166702832.096
desert,1.2705802627,96159840.7752
ii,1.27494325972,15182063.4337
put,1.27827510246,1457613.12897
sometimes,1.28202631669,29957349.0466
how,1.28492300397,2078102.18584
fiery,1.28770521971,117444590.446
doubt,1.29203761468,36091525.0285
queen,1.30432261937,9990445.70795
town,1.30559624385,11716585.8215
thunder,1.30729294276,100910453.575
(,1.31035447026,675551.934868
others,1.31181806343,35614347.6411
thou,1.31678673565,369135.932851
roll,1.32508409845,92104927.2076
sorrow,1.32959371981,15366214.8759
fell,1.33055149238,25808731.5232
wear,1.35123233705,37052041.2179
dreams,1.36279605527,17868479.9624
save,1.36332661951,29913018.2611
leaves,1.36584232658,5622436.0226
bloom,1.37087618055,24273168.4853
nothing,1.38707449064,7334241.71487
whence,1.38870979157,84446735.5602
am,1.39408605968,6104937.86814
people,1.39866305924,17143016.0178
born,1.40233084541,20255236.2245
life,1.40780841803,19683.7392888
cried,1.41836787566,34588140.7594
bearing,1.419690694,394955989.757
mirth,1.42056618697,55768954.4953
fade,1.42622063304,167053864.808
least,1.42626526737,102437586.564
shalt,1.43970524345,65507219.6388
woman,1.44601185952,4010410.66576
who,1.44694363359,767486.180579
despair,1.44769298707,58229631.8303
space,1.46093654174,81617850.7049
brow,1.48976231936,22611187.3511
through,1.49132386505,1955498.30921
walls,1.49270292435,68169756.4946
grey,1.49438144296,13467967.0239
crowd,1.49931015771,159353231.576
falls,1.50567876128,71252391.5175
must,1.50781486638,4506506.36973
shrine,1.50891827344,104047233.575
stranger,1.52085302676,118936808.589
where,1.52878365683,1240256.57235
seemed,1.53321945236,21884735.3845
shadow,1.53739135373,22457129.9346
wisdom,1.53775455904,45099421.1255
strength,1.54396661339,25802779.0992
shame,1.5467817783,9284948.87981
dreaming,1.54802302752,104816905.47
rocks,1.54874871052,109794239.639
goes,1.5500244731,28175349.1182
tall,1.55565480844,70148285.563
water,1.56077366814,16559783.3454
cloud,1.56848606321,44551847.7923
fire,1.57028704024,18136122.6341
hid,1.57371539075,119668116.13
mountains,1.57421451779,38865270.2119
close,1.58472968784,38012424.2603
stood,1.59280633064,15694835.4402
height,1.5967584667,78203784.3619
bed,1.60531057265,24858451.6051
lived,1.60722988013,9880204.20363
give,1.60923291891,11856902.8154
smoke,1.6120010627,198277598.64
half,1.6227210403,5355826.79451
blind,1.62723840638,28455569.0756
hard,1.64163658355,24441317.3398
does,1.65286631338,25470326.4938
smiles,1.65975464373,90823881.9833
altar,1.66387967023,92661422.6814
world,1.66997491906,2179246.63984
),1.67703053139,863341.914778
child,1.67978800745,7960747.44947
fallen,1.7053153646,97307952.6207
dim,1.70878513254,26182893.7891
blow,1.72873166301,44054568.385
bare,1.72955904995,43415329.1429
bear,1.74041696507,33476630.3066
t,1.74896548433,7574303.16996
last,1.74934552379,2636383.13657
answer,1.76138449804,68950782.2463
green,1.77323624881,12871463.9967
whose,1.78822671034,4980186.85488
false,1.7888497482,147001927.401
steps,1.79421200434,120334790.281
less,1.80057834304,2121990.92098
?,1.80422556936,261765.670127
knew,1.80589522816,14092696.4095
falling,1.81464578562,120056123.677
roses,1.84326048629,34687682.1076
long,1.84615647587,4022831.7998
hath,1.878130851,5839036.60728
large,1.87886102606,60410621.5047
sand,1.88218907264,136232255.353
broke,1.88326684986,187464873.11
still,1.88504111902,3770719.03365
change,1.88953939102,65049106.5122
not,1.89454715532,596296.679175
what,1.92327344602,1389130.33045
yet,1.94502428388,2928731.36802
far,1.94618631158,6769920.97515
raised,1.94675515069,165397475.007
broad,1.95801318948,68750174.3532
yonder,1.96479188773,103170419.533
low,1.98258320216,20067127.648
red,1.99452227662,14214529.3524
watched,1.99700052834,161260065.722
sake,2.03085049174,38162270.553
yon,2.04025207836,61143475.595
calm,2.05027134897,33146849.5425
beauty,2.07779700476,7979366.10958
sit,2.08037889735,53707539.8832
send,2.09922136031,80174875.2504
lightning,2.10926222503,340800183.861
wind,2.11719328678,6927503.36905
self,2.12326644089,20758739.7763
sleeps,2.12472582284,228212294.617
dumb,2.12549252159,180714957.996
cold,2.13054226087,27220571.5835
breath,2.13430580749,28299439.7649
stone,2.14776261785,53322047.9291
field,2.1557414488,67938554.6175
mine,2.16756147509,9410371.3234
veil,2.16920606347,115189724.236
youth,2.17569202901,24011960.954
wide,2.18090225669,38729854.5523
woe,2.18329133463,43783470.0701
solemn,2.20260752214,43499008.5912
single,2.20454965255,206199969.799
due,2.20940325712,108742271.818
pale,2.21384816556,38920824.7181
man,2.22114879156,1836668.44045
passion,2.23167671328,66273274.218
foam,2.2323112626,218033401.779
hears,2.23834089135,344967352.385
swift,2.24220575409,58824472.2565
moan,2.26268452449,217694191.127
lies,2.28137200555,26113560.58
looks,2.30109260684,109694470.527
makes,2.31567491054,45656894.1675
nor,2.33446093214,5388765.80215
flows,2.34001806507,303727679.421
dark,2.34636714276,13579074.9905
smiled,2.34673222275,215238040.332
warm,2.35299476429,59250832.7124
bitter,2.37446224415,82024427.0996
faint,2.38651986143,94902616.3386
against,2.45866729581,29102033.9849
clear,2.46455482509,16554082.0595
first,2.46569027652,16102236.0352
looked,2.49516684369,29666837.5325
sees,2.52892299273,259146224.539
hollow,2.53243562537,116999535.799
below,2.53411391334,62352152.8068
fancy,2.54521687045,56074290.1206
apart,2.59488764122,198764610.208
fresh,2.62743991837,110961016.825
heat,2.6285578829,351238696.44
she,2.63753725647,263781.055888
thick,2.63915577844,136492944.872
crown,2.6735119988,19126626.8286
heavy,2.72365968982,199119561.851
stands,2.72748712838,127382340.179
her,2.73825250368,193505.583279
wandering,2.74367381535,201807174.442
lest,2.76981756641,120365816.578
wore,2.77674558045,223370101.326
round,2.77710822862,15763904.3121
dull,2.80883094341,113365808.61
blast,2.8169577758,321875329.578
stately,2.82185180875,356165056.421
age,2.83545622707,62913961.4498
narrow,2.85264943642,471521900.947
pine,2.8725116111,161515281.035
swept,2.87269068286,288864002.97
yellow,3.03363715344,142304884.322
speech,3.04501947258,202837958.76
worn,3.05459704067,146172085.857
even,3.09367122913,19899141.3831
perfect,3.12123273812,87401201.5453
spoke,3.2190945227,195558205.871
grown,3.39281635402,181928128.893
slow,3.40922476359,95565610.4376
black,3.43358237858,43172145.8548
sign,3.46152669796,182689303.366
slowly,3.52719067361,124085367.617
holds,3.53023234154,421905091.401
evil,3.67445797564,189232550.819
chance,3.69260212354,329269982.107
shut,4.12539323797,545571344.353
