'er,-1.02957779353,-1363145.65003
'll,-0.962376775148,-1829127.89643
home,-0.95406442199,-3854598.32022
northeast,-0.906557809279,-26811078.9075
oft,-0.893606111422,-11849794.3854
given,-0.885934748071,-19736801.3174
our,-0.88582500066,-235961.826501
brave,-0.879628152416,-6933762.10551
fill,-0.848231773465,-42254225.5836
earthly,-0.83628343022,-24892419.2452
view,-0.83462710486,-26286812.4268
guide,-0.829814806112,-70047705.9906
greet,-0.813157287914,-51991619.6216
scene,-0.808519849445,-25756194.9036
twas,-0.794161779218,-28383077.2875
ones,-0.792509394825,-16890093.7232
wealth,-0.78965273214,-31496293.6402
victory,-0.769596361296,-58353797.1716
blessed,-0.757959471659,-7295232.34802
friends,-0.753755109909,-10331318.9161
father,-0.747464164238,-4879018.24448
hail,-0.747331900458,-32059194.26
angels,-0.731573162479,-11326242.3591
beams,-0.731229243102,-55390145.5673
form,-0.722600982541,-7286305.53691
we,-0.714576270938,-97992.7358307
cheer,-0.712777802914,-22718376.4552
country,-0.692985950269,-15701387.3086
grand,-0.692316573946,-12406236.6309
onward,-0.662428212464,-43839177.1125
land,-0.655369227555,-2240961.77248
reign,-0.655040479018,-49174756.0948
holy,-0.649775862009,-4441150.87821
magic,-0.644262926063,-33624141.2566
sin,-0.641548929742,-6897487.61949
throng,-0.639773691348,-42412410.4063
power,-0.635458056473,-4578924.15145
rays,-0.635081102977,-45532270.935
o'er,-0.627662050109,-15410362.1095
early,-0.624236742154,-16054101.5561
flow,-0.622225135036,-9826329.38631
vale,-0.622197885641,-28645039.7887
'tis,-0.621441619234,-16090681.2174
#placename,-0.620343599334,-201412.404547
wondrous,-0.619955520416,-28327175.2603
angel,-0.612985767034,-7505181.35096
peaceful,-0.611924947618,-67018712.7375
true,-0.608944675742,-2134314.5472
give,-0.607070236008,-6915356.76611
command,-0.606850798624,-49216781.7138
prize,-0.606601780483,-76557628.8028
claim,-0.599226666184,-31159688.9532
's,-0.593283807926,-46240.2592746
gather,-0.592987097418,-32408172.0167
strife,-0.591597607804,-13146608.0279
glowing,-0.591544370408,-46474257.4093
tell,-0.58855009326,-5525452.54235
their,-0.584966043247,-266604.462594
band,-0.583433399618,-8762154.79645
earth,-0.581682876404,-673627.452507
thus,-0.570789954494,-2846615.5814
ray,-0.569194456722,-19915760.9153
burning,-0.567588773966,-28781639.0791
train,-0.566649943999,-45219002.175
dwell,-0.565992019122,-27164152.7332
glory,-0.565517954112,-3271266.81835
them,-0.565326951076,-665328.757346
bread,-0.564943196982,-40763768.0106
course,-0.562353206799,-24471906.8887
meet,-0.560723130653,-7773836.65998
swell,-0.550343973928,-93603669.2066
roll,-0.549121508289,-27331223.8871
harvest,-0.548754138081,-14674800.8286
lord,-0.547520703983,-1101347.52453
won,-0.546716151752,-29004156.9375
thousand,-0.542797252785,-14815009.4465
longer,-0.541615511716,-38085755.6945
every,-0.540647286797,-1902331.23516
cross,-0.540394911065,-4108914.30966
rise,-0.530306783713,-9778093.95633
tomb,-0.52878193769,-6040881.80963
heaven,-0.527542352182,-1250595.81882
#monthoftheyear,-0.524762745532,-293216.637699
took,-0.524401267923,-3246904.56473
glorious,-0.523736506843,-9834308.46783
lowly,-0.52090800501,-64621547.8866
kindly,-0.51791751766,-68960559.1368
loving,-0.510288408849,-13484348.422
while,-0.507822638131,-914426.320454
church,-0.507719071596,-15695854.4003
brow,-0.507579216137,-11790009.858
throne,-0.506588799962,-12555120.7002
sacred,-0.506089893945,-11007082.7955
waters,-0.505463352224,-7260871.5214
store,-0.501677753927,-64078607.0283
bring,-0.501309986566,-8495249.42175
joyous,-0.500204452675,-53054797.6095
wife,-0.496875853981,-6571573.55345
open,-0.494242271633,-14638899.519
been,-0.490122785026,-2767978.23597
many,-0.487583995001,-1932430.03
noble,-0.486469887641,-12549257.9979
forms,-0.483831081113,-26085881.5337
sweetest,-0.483156412366,-34687816.4962
hopes,-0.480318345437,-15648082.4994
farewell,-0.480161537959,-18645203.203
prove,-0.479889552486,-32760322.1872
in,-0.477611054379,-56044.7870042
bosom,-0.477501459183,-14508438.421
blessing,-0.471823410665,-40194600.5618
weeping,-0.471009319955,-36197954.6838
freedom,-0.467088295746,-5630911.33792
rejoice,-0.464318061466,-33383783.896
sweetly,-0.463297339616,-49753909.0393
again,-0.461776024158,-1972978.87955
run,-0.460477760499,-11536426.5075
spread,-0.460226333775,-16906833.2844
',-0.459402642409,-28867.9767861
often,-0.458587030513,-10925542.9559
ring,-0.455046100069,-2975307.08141
wail,-0.454457021953,-44436077.2414
kind,-0.453044192477,-10297330.7895
daughter,-0.45287979667,-27847519.2178
lines,-0.452736217981,-10909842.119
battle,-0.448370779012,-3937788.2945
spirit,-0.448295287741,-2136370.257
pride,-0.447829975311,-13984479.2654
care,-0.447403894234,-5789138.82251
precious,-0.44366268014,-7383155.94024
weary,-0.442846346481,-5934596.63962
will,-0.44264012316,-157450.034909
they,-0.442015039882,-159280.961227
taken,-0.441465330578,-75397885.5541
rare,-0.439886622014,-13076711.7454
tis,-0.439647729898,-1727815.60231
christ,-0.439315121695,-2483925.20998
mercy,-0.43822452274,-37084692.5061
ever,-0.438121918941,-2197486.43346
've,-0.436415298821,-2500440.12193
sing,-0.43610218457,-2664400.07698
heavenly,-0.434359277669,-8802866.98237
return,-0.433429997954,-16702196.4958
around,-0.433062181725,-3969664.67515
ocean,-0.433024752861,-5110162.02107
take,-0.432980944353,-6201981.52902
gathered,-0.43238772895,-24799654.0879
'neath,-0.429851232114,-11754945.4094
bow,-0.429634071529,-12087757.3086
begun,-0.427395703643,-80389741.8659
teach,-0.42732593577,-60112554.532
bold,-0.427167272203,-17858007.1586
prayer,-0.427113409904,-5061329.87086
ages,-0.426712302372,-17843591.9051
future,-0.425252256949,-20782436.4895
from,-0.422012434586,-169253.817615
path,-0.421600337639,-14129488.4224
nation,-0.421080323228,-9899602.57437
forest,-0.421074416149,-5595461.62101
faithful,-0.420617032472,-24164216.767
bless,-0.42028878248,-10753780.8243
trust,-0.419633046356,-6253328.35922
has,-0.416307018814,-856891.542425
proud,-0.415874944551,-6332492.70871
river,-0.415362178671,-1314370.81096
o,-0.413094635621,-167719.04639
ear,-0.413025368587,-16661436.7414
plain,-0.41217942226,-6442760.20191
yield,-0.410749658702,-20605788.3061
have,-0.409527400782,-305938.811223
raise,-0.409245222871,-61683670.9684
golden,-0.408914870305,-1725480.75989
restless,-0.407659078181,-49323684.8829
shall,-0.407470166602,-273925.183918
drear,-0.407268082678,-69932073.8202
bell,-0.406498736029,-14896905.0404
duty,-0.402397036659,-11117938.3837
god,-0.400413426965,-293955.029126
-,-0.40017721274,-131269.217579
burn,-0.398821048324,-31747564.2766
soon,-0.398444948857,-4601075.37509
cause,-0.398341635607,-7669700.01735
distant,-0.397886675476,-10586431.9343
state,-0.39703146151,-3653706.35656
ours,-0.392984920676,-13940869.4113
parting,-0.391828936759,-46216107.3011
never,-0.389234757588,-1268750.56879
radiant,-0.389153737798,-32552587.5238
'd,-0.389116473769,-29870.6970411
hills,-0.387770906605,-5811421.62311
fame,-0.385491769586,-11990384.4146
toil,-0.383212652774,-5466996.2656
sunny,-0.382804255036,-14596431.8456
work,-0.382666689156,-3481749.26133
can,-0.381162402632,-888884.577616
m,-0.380897850223,-3217907.86114
foe,-0.377973224486,-13741613.0358
triumph,-0.372931117221,-25518185.443
clad,-0.372041065994,-32446706.8386
forever,-0.369188835026,-2280182.02324
mountain,-0.369115068872,-3841241.27838
trod,-0.36498198523,-42647892.5588
lone,-0.3645958595,-9657124.67762
clasp,-0.364122169247,-38610758.9627
called,-0.363806140529,-11665659.0003
mother,-0.361017908564,-1332493.3712
hearts,-0.360468299563,-943875.628296
sent,-0.359200179838,-13153073.6834
joys,-0.358364234854,-7768740.91282
bliss,-0.357397595268,-5117940.24882
cares,-0.355982381337,-48398299.72
met,-0.354276265509,-12731108.9684
higher,-0.351721674427,-8284789.18699
keep,-0.351504839345,-3849266.64335
thy,-0.350910435345,-75181.000417
grain,-0.349399407084,-21823672.1197
appear,-0.348493438452,-23960867.6281
^,-0.347243117274,-229666.600149
step,-0.346873918358,-23735707.5891
beam,-0.345141938021,-23047585.8337
gave,-0.344694360815,-2653953.08334
breaking,-0.344473485939,-69812064.2099
*,-0.344471112606,-993104.361537
within,-0.343653446926,-1747786.81343
for,-0.342296190469,-91621.6973717
share,-0.341490954063,-23986255.9631
distance,-0.341126762957,-29825210.7765
seen,-0.338984017085,-4646645.57271
streams,-0.338168662514,-18731781.6985
written,-0.338080133895,-11829591.1882
lake,-0.338078581411,-1147199.40042
anguish,-0.337573315727,-21591456.299
spirits,-0.337329649227,-13046512.1428
cast,-0.335772239356,-2049899.07287
pure,-0.332679908303,-3310639.22701
fought,-0.332613050544,-26165476.1898
found,-0.332210123159,-3312138.61943
morn,-0.331527517386,-4435665.90054
each,-0.331073909597,-716524.352279
shore,-0.331058608252,-3045450.16265
year,-0.330346298767,-988783.261946
walk,-0.328768295174,-12750973.2829
slumber,-0.327279728395,-19514092.0098
oh,-0.327150223197,-471786.237475
birth,-0.326629152198,-10576552.8516
way,-0.326582421127,-1580072.08823
ask,-0.325698434742,-7061975.90463
midnight,-0.325138028697,-17105956.5596
worth,-0.32053395522,-14769545.5338
waiting,-0.319962745163,-18002757.9136
years,-0.319954764374,-1667035.92035
to,-0.31864109838,-10678.3955106
up,-0.318008867209,-249607.407816
r,-0.316731237423,-3026638.94371
#arabicnumeral,-0.31576142545,-23578.3540737
trembling,-0.315517772994,-25727584.5201
amid,-0.31467884161,-5392820.88891
bright,-0.313864084596,-581974.51877
eternal,-0.313468420773,-5433723.50217
fail,-0.31192560503,-24537736.5503
bride,-0.311247357239,-13617382.3223
happy,-0.310820958858,-3308104.92673
learn,-0.310647921071,-24168435.3805
flowers,-0.310415011729,-1383369.13268
try,-0.306421587297,-20615808.6687
field,-0.30628829966,-7474887.30028
blood,-0.303662383684,-2072224.19426
chain,-0.303151732741,-21300367.9721
sad,-0.301054338224,-3396925.66802
led,-0.300032479541,-6768212.93525
read,-0.297849272692,-6017333.39622
going,-0.297678856483,-19727525.3212
rest,-0.297002631862,-1854492.45415
yon,-0.29588813686,-15125427.3033
shores,-0.294784825447,-25057788.5992
&,-0.292850038243,-5184396.4152
gently,-0.290830500577,-36875173.6753
spot,-0.2907784274,-12527679.0604
tongue,-0.290635652187,-19991410.1087
weep,-0.28812833264,-14649257.2515
stain,-0.286997514411,-47642536.6533
poor,-0.286557195937,-657009.355768
splendour,-0.285837439318,-9942845.82456
sat,-0.285733988929,-6092125.42968
until,-0.284176838389,-8304030.17154
sounds,-0.283972071276,-19532995.1691
gain,-0.283837487428,-10993209.6847
safe,-0.28313586871,-17527448.7626
childhood,-0.282490889752,-18730944.2994
wilt,-0.282384338096,-18877055.3521
shout,-0.281731365798,-30243078.743
foot,-0.27979598561,-17184903.7397
knee,-0.279360707203,-23750442.8245
be,-0.277884800918,-162205.588282
fills,-0.276723981939,-32074282.4183
.,-0.275621683837,-1395.22685857
believe,-0.274441071321,-17959654.2164
same,-0.273854300894,-2576574.90556
feast,-0.273773294431,-1794563.27312
maiden,-0.273751840791,-5480846.55465
bear,-0.273520219097,-5086169.00466
having,-0.272691017472,-2496443.28263
ye,-0.271796964832,-377116.639447
few,-0.271404995558,-3186220.42746
made,-0.269839375332,-1302013.84461
endless,-0.267312516686,-18448521.8961
miss,-0.266603934116,-4220255.1807
faith,-0.266267867452,-2484918.02563
tried,-0.265813276924,-24934142.4987
promise,-0.265093815097,-29077756.8995
palace,-0.263133008354,-3611489.62055
•,-0.262227095619,-1250361.39078
rule,-0.262017145909,-3184177.1165
three,-0.2619942772,-3828910.61696
sons,-0.261772372426,-4872397.43684
reason,-0.260469144119,-15676251.5593
rising,-0.259761613849,-23905669.3684
foes,-0.258394910638,-17228686.7261
hope,-0.258178954084,-1053544.19278
upon,-0.257553073423,-367787.764254
both,-0.257468041408,-4912202.65318
tells,-0.254874389409,-52581622.3482
street,-0.254302629393,-1697483.24916
host,-0.253061990209,-21156592.1369
yes,-0.252918413257,-3191669.96228
slain,-0.252584166148,-19464475.3937
soil,-0.251276562857,-5646950.27774
done,-0.250479954206,-1553642.65403
wish,-0.249039320039,-12428407.61
lot,-0.246945716019,-24926443.2018
sister,-0.246337550379,-9184941.52955
deeds,-0.245727426036,-9773463.5399
want,-0.2455786761,-14974212.4257
guard,-0.244017711881,-11996483.2319
sorrow,-0.242256877034,-2585227.02333
coming,-0.241657284972,-6187075.68149
hundred,-0.241323676668,-9955313.72418
full,-0.240127247946,-2035028.71746
mighty,-0.239939883948,-2618882.78819
prayers,-0.239556937938,-41379632.043
hand,-0.238367121482,-585570.267173
comfort,-0.23715334527,-10192214.7027
near,-0.236458902664,-2401642.61881
right,-0.235883527521,-1717274.72909
away,-0.235076720081,-507763.672142
grief,-0.23306075145,-3755220.15896
eye,-0.232775308981,-943196.210995
along,-0.232444576185,-2518804.52656
better,-0.231253739135,-2161176.42933
went,-0.231244403487,-1672286.2016
on,-0.230056102935,-99687.6448567
worship,-0.229751888148,-26224399.916
us,-0.22908186399,-277946.168819
cup,-0.228556730448,-13697666.4092
n,-0.227921773795,-3956877.19326
repose,-0.226339537479,-20710545.6295
shed,-0.225020878696,-12973438.9655
passing,-0.222144896972,-10545961.5933
tread,-0.221023054622,-16019930.8118
woe,-0.220044780075,-1782643.76875
j,-0.219296538334,-550567.180079
powers,-0.216136593638,-11484590.1286
welcome,-0.21578506684,-943153.468635
yonder,-0.21434944486,-10328067.3504
grave,-0.213675028701,-482047.183995
queen,-0.213404122122,-1548386.12529
storm,-0.211789115636,-4511266.86993
fears,-0.210341174998,-15642723.0349
behold,-0.206779902832,-3918798.28203
forgot,-0.206704643587,-8492655.05515
strand,-0.20660987396,-37139948.2706
which,-0.205130633104,-100409.580218
children,-0.204354494387,-1342036.73667
gates,-0.203827845062,-10827043.5857
echo,-0.201212823981,-19458215.8097
bells,-0.200342519947,-906208.1463
fall,-0.199578893843,-3582690.33026
fragrant,-0.199216489322,-10921480.5564
thee,-0.198381935958,-109551.700208
bid,-0.198241320363,-12879871.2424
aside,-0.195180427257,-32321675.5582
an,-0.195013786531,-579797.694244
forth,-0.194940916442,-1089470.55944
where,-0.193104519056,-155762.475337
born,-0.191023336268,-2792736.16233
rich,-0.190740390278,-482888.333579
when,-0.19044310223,-135942.023045
story,-0.189989014865,-1287763.61025
pause,-0.189590444362,-25712034.4592
evening,-0.189396907053,-3803335.24125
closed,-0.189365849159,-28210357.3771
lie,-0.187697568392,-261260.000588
race,-0.186699598139,-4734465.6406
torn,-0.186375871803,-2320849.67529
use,-0.186277462959,-2163780.38282
tale,-0.186128616854,-1435166.85439
shines,-0.182325950043,-15987449.4406
by,-0.181344717863,-74691.6090601
should,-0.181135570665,-353704.457736
strong,-0.180269193276,-2065017.46469
very,-0.178618046066,-499739.390523
weight,-0.178553460189,-33904570.4951
are,-0.17848363432,-40938.4557169
gifts,-0.175221924602,-12725838.0153
merry,-0.174146530314,-5557945.05828
nest,-0.174056564364,-9829360.63007
taught,-0.173476561109,-3088298.39669
tempest,-0.173229991489,-6367141.44067
takes,-0.173137901768,-16337428.5321
press,-0.17195837483,-9598062.6609
gloom,-0.171119342317,-3780386.40712
flight,-0.170136780094,-6195949.50212
haste,-0.169931278043,-12431324.2614
ceased,-0.166930103134,-25539681.8485
fear,-0.166553586014,-2724654.84234
mirth,-0.165747561544,-16512958.959
charm,-0.165705588477,-8491334.91138
eastern,-0.165672451947,-42026499.7794
alas,-0.164830755302,-4275162.81257
fade,-0.164539189864,-18995031.6854
short,-0.163961051705,-18918405.99
base,-0.163635388925,-25953843.4455
peace,-0.163554081695,-1064821.77014
grace,-0.162974681483,-2059403.40683
flowing,-0.160470410291,-22214751.092
hue,-0.160470013281,-22270500.5689
e,-0.159968068768,-616545.927143
win,-0.159941271656,-11166552.4501
remain,-0.159896731823,-21874882.4198
morning,-0.159867576187,-444188.844734
make,-0.159697694632,-1379911.73981
bore,-0.159570256204,-9066237.64316
brings,-0.159076237972,-17917827.3706
north,-0.158099179098,-7844660.52493
always,-0.15772976557,-4230257.87084
above,-0.157155780748,-1357672.36099
labour,-0.156456024413,-251230.181084
own,-0.156054072986,-584696.422594
hour,-0.155986534634,-1391962.5913
fairy,-0.155815092758,-4334072.13977
truth,-0.150462986161,-498705.308179
could,-0.150089583982,-475327.258371
gathering,-0.15000723585,-19924236.2594
fold,-0.148304405029,-8882576.00315
notes,-0.14729783234,-4325039.09682
others,-0.146971879612,-4739726.82067
joy,-0.146165205105,-748755.432625
would,-0.146093060441,-246338.725136
mark,-0.144806999637,-10967455.2716
length,-0.144698501536,-5651199.30158
lay,-0.144466199954,-947594.003901
began,-0.142595047384,-2920390.43448
flood,-0.14250623908,-9678235.33591
tossed,-0.140831369991,-1720357.33611
royal,-0.139834566259,-3108174.27412
beloved,-0.137883512992,-10311975.7472
sings,-0.137452925031,-8958778.46622
evermore,-0.135967529436,-15380599.3908
smiles,-0.13552900463,-10769822.9409
longing,-0.134511333969,-10805381.8455
send,-0.134299757802,-7419265.88535
this,-0.132990288151,-104304.658118
living,-0.13250772324,-2887695.62638
gay,-0.132194575312,-3145622.19851
fled,-0.13130551917,-6426129.81694
drop,-0.130417549586,-1527615.80117
passed,-0.129920574853,-926778.393903
there,-0.128872017811,-100025.462984
thoughts,-0.128803470636,-2539044.01138
beautiful,-0.12746522462,-1460442.40354
filled,-0.127229271562,-5686942.55293
day,-0.127154020179,-113277.018814
bloom,-0.127023605626,-1638476.95951
gleam,-0.126174059606,-7477893.64731
sway,-0.126137819979,-19253097.0741
listen,-0.125562984314,-1433706.75304
dying,-0.125077949693,-3547007.38413
stranger,-0.124612942815,-11527294.7259
son,-0.124596605221,-848525.762304
perhaps,-0.124238630171,-1075950.14271
tune,-0.12169503691,-2417706.379
sought,-0.120785784264,-4047212.49936
whisper,-0.120551188876,-9565103.28894
broken,-0.120057834722,-4827813.13785
little,-0.119718738007,-69777.3824905
bears,-0.119139093722,-17875731.1853
surprise,-0.118422816152,-10409034.4213
gold,-0.118137903069,-497336.988155
let,-0.117619795072,-68978.3117605
wing,-0.117576757942,-5735554.63402
desert,-0.117107858115,-7177564.59544
seek,-0.117030759776,-2944332.80259
fond,-0.115341946941,-788280.446849
;,-0.115127275335,-5179.33045968
till,-0.114694015552,-350060.231104
#linelength,-0.113564919193,-0.0410548761138
of,-0.112481302463,-2487.95532355
daily,-0.111922377469,-13634309.7756
mountains,-0.111757649386,-3741617.44153
though,-0.111393296505,-235130.272003
fields,-0.111337282672,-2388447.91044
sigh,-0.110979900889,-4419835.69056
lands,-0.110516355952,-4653277.46855
laid,-0.109152675617,-2654724.05685
drops,-0.107641012231,-5608449.99665
side,-0.107514231901,-734236.49397
rocks,-0.106535458259,-10255018.7254
four,-0.106375893669,-4513566.63767
fair,-0.106050387033,-278960.260848
another,-0.105682508269,-1421633.16151
fight,-0.104979211225,-3370941.13223
sleeping,-0.104383068343,-9639717.8261
ship,-0.102796167718,-2021689.301
the,-0.102405691449,-626.599214995
before,-0.101004464878,-493719.202561
",",-0.100251370095,-591.494490236
himself,-0.099793736359,-949502.927535
star,-0.0996959391756,-514198.90059
nature,-0.0981003827291,-413188.487522
page,-0.0977425128067,-2675690.67524
drink,-0.0955153582777,-4962676.19385
burden,-0.0949922117989,-11076197.4035
times,-0.0946628065919,-3964722.39408
law,-0.0946107128359,-2519007.8276
sped,-0.0945308238383,-12004816.4009
brother,-0.094456893735,-2060102.57837
tones,-0.0940427458911,-9845221.71935
treasure,-0.0932187605618,-641173.452201
lit,-0.0926082778726,-1075947.90635
strength,-0.0923126571478,-1687403.17193
hark,-0.0918112591363,-7499831.00596
start,-0.0912590773916,-8643510.90518
hill,-0.0906112487892,-1577334.41004
leave,-0.0905094682977,-3427743.69304
wide,-0.0904241014617,-1663702.86361
hast,-0.0882296048064,-985543.868652
echoes,-0.0872289957299,-9798809.3537
ways,-0.0866761376246,-2517712.29505
road,-0.0852690629152,-1497114.92533
known,-0.0846693326191,-2897275.53015
part,-0.0843217270289,-1626391.66656
heavens,-0.0830692504967,-5081538.5622
sweet,-0.0823512984444,-79911.5767283
lead,-0.0819081255053,-3574460.15694
common,-0.0818595642522,-4479713.64897
come,-0.0816618008061,-58492.2575713
gone,-0.0809840306354,-322363.158464
mind,-0.0808945645438,-697538.868148
depths,-0.0797597796836,-6006939.65502
find,-0.0794592238493,-861069.614671
stand,-0.077711011019,-225100.69594
maid,-0.07692183918,-2531012.62525
nought,-0.0763744477948,-2029818.49312
memories,-0.075112705632,-4998979.18745
bowed,-0.0750783159541,-8078410.24594
unto,-0.0750701305939,-594598.939242
#personalname,-0.0744949077199,-5563.27742792
lose,-0.0743224310682,-5997308.45401
flows,-0.0743189596699,-6961044.00261
below,-0.0733701640121,-2015689.23314
brook,-0.0731875004942,-5528362.3269
lo,-0.0722362017142,-637586.430021
veil,-0.0721571583426,-7256885.7552
call,-0.0717832034613,-1309400.46127
tower,-0.0710353448102,-4830907.10649
pray,-0.0705549391674,-450158.280092
is,-0.0700749603658,-12117.877338
shalt,-0.0697491636687,-2204037.00394
speak,-0.0694305053045,-675884.773312
built,-0.0689476517926,-4076380.93204
knowing,-0.06730598058,-5447343.53904
voice,-0.066703868782,-433737.230526
line,-0.0665645162603,-2398294.08476
clay,-0.0663670475861,-4406788.04756
vision,-0.0642932316328,-2487097.65987
dance,-0.0641590129181,-2995215.66742
war,-0.0640035046882,-464144.757274
master,-0.0626998790425,-776173.161823
brought,-0.0623916397579,-1828610.16599
watch,-0.0604962546106,-1668238.39532
light,-0.059160305071,-76599.0703304
note,-0.0586874943879,-2400694.98444
those,-0.0579303759063,-188539.162141
bend,-0.0572731786895,-9932170.97452
fires,-0.0570783398379,-3967795.92502
mystic,-0.056315605677,-3646017.33363
firm,-0.0552001169917,-1525536.40491
high,-0.0547099066403,-310535.121025
ground,-0.0531391996781,-1573425.75244
highest,-0.0518652588011,-3570622.3816
his,-0.0518024959047,-5402.80297759
cease,-0.0517815458633,-1983144.61156
sit,-0.0516304424519,-2701125.80776
behind,-0.0515257561408,-497484.836523
ten,-0.0507511992184,-2657287.49716
tone,-0.0502040494171,-3090201.38407
place,-0.049396622756,-629522.416315
float,-0.0490088892432,-6668716.86593
stream,-0.04849466855,-1071862.21286
sleep,-0.0478106589832,-600637.948198
just,-0.0462202949322,-210510.444995
wander,-0.044666756655,-5119562.76064
mid,-0.0435063789936,-929477.425651
its,-0.043266989078,-20713.7291287
softly,-0.0421156036406,-1125741.92611
follow,-0.0402861885831,-1079417.40993
strive,-0.0395358818821,-6477582.06523
indeed,-0.03929436413,-1237341.95091
hours,-0.0388446052603,-714344.481607
child,-0.0381963794981,-218727.531641
only,-0.0376041978794,-125264.207929
winter,-0.0375857629472,-429594.661293
climb,-0.0375648936216,-3525429.07838
beside,-0.0368618687892,-832635.444114
solemn,-0.0352394659054,-1794488.30873
skies,-0.0345346792176,-138884.337911
heart,-0.0339808530148,-28994.5226644
gracious,-0.0334353111146,-3898609.65153
beauty,-0.0326327137788,-184993.723831
gift,-0.032262663403,-1824754.33143
he,-0.0322466299547,-3899.7978877
song,-0.0318640894854,-65701.29455
tears,-0.0315227559902,-101009.675332
unseen,-0.0309786307611,-2353538.9499
voices,-0.0308291666983,-1312803.67491
valley,-0.030490236427,-2278211.26637
said,-0.0292970030502,-21960.2544051
nigh,-0.0282502927886,-1743768.79066
sink,-0.0263568893117,-7039575.88002
curse,-0.0256858727748,-2352701.08058
shining,-0.0246016805341,-758037.466937
shadows,-0.0243401293411,-452341.394839
wild,-0.0237681636297,-88629.2709163
then,-0.023372054645,-14188.6983015
city,-0.0216738442525,-275998.31739
clouds,-0.0193406324356,-311189.803723
rock,-0.019329620042,-597641.997925
court,-0.0190257399063,-2239568.19356
cannot,-0.0186083212915,-312518.32162
nearer,-0.0183574078526,-2392716.99168
tide,-0.0181593181273,-181396.799142
cruel,-0.0175050888198,-528254.550969
falling,-0.0172737956029,-909309.641707
strain,-0.0167633963068,-1215195.78912
dry,-0.0159684271988,-1883601.46186
name,-0.0155789229797,-161603.91197
pass,-0.0149968630403,-89278.1007239
rude,-0.0131018984605,-1835385.69175
memory,-0.0119362367171,-200245.508099
rather,-0.0118375629034,-687229.187926
autumn,-0.0114639966859,-271954.783525
gives,-0.0109167532241,-360464.4099
broad,-0.00990176513764,-491385.541631
fed,-0.00947804745943,-864683.358807
growing,-0.00899245992721,-985818.910189
breaks,-0.00777165803644,-872218.186451
loss,-0.00665490242593,-880099.718952
slept,-0.0064677033393,-350168.987875
fallen,-0.0059916424922,-428429.874547
break,-0.00573704443205,-185908.126607
girl,-0.00418188282232,-49917.7636424
rosy,-0.00227902972154,-161977.911857
wait,-0.00208749827678,-70866.6053724
here,-0.00189840893254,-3065.29778199
pleasure,-0.00181515910281,-34543.3552705
tear,-0.00144395403043,-4068.33383647
quick,-0.000749635104273,-36727.2947617
stone,-0.00028584081366,-3680.90062798
more,0.00011063721776,173.085037595
immortal,0.000362777964234,14132.642794
loud,0.00175471627648,58275.4928377
themselves,0.00336079245029,346646.301941
live,0.00396361372984,47331.7489853
blue,0.00419450553656,25626.0102241
stands,0.00420733572235,263618.164851
gaze,0.00436766289237,77487.8961972
wood,0.00480929835495,41754.6633866
good,0.00505528949604,6532.13259642
now,0.00526223796808,4922.80934002
glow,0.00529754772779,183811.193511
blast,0.00541655567676,630435.145082
straight,0.00590539164574,499362.769376
time,0.00605283415186,26873.2200016
sunshine,0.00628634166396,175289.26336
honour,0.00660482206629,30900.7666837
bearing,0.00753922176282,1552720.50254
smile,0.00802611159009,150394.544579
scarce,0.00953886775902,105811.810565
dear,0.00954353886856,5024.63230566
wept,0.0106752700055,887192.475588
next,0.0117776649401,182689.821414
great,0.0133381837325,54532.6984185
need,0.0134391449126,443721.85923
first,0.0135224498296,121133.494491
loved,0.0149868349766,174231.042815
forgotten,0.015109924989,1352864.94718
content,0.0151636184702,1061482.37225
word,0.0169090206929,135737.748957
draw,0.016958045174,1675647.53683
beneath,0.0175417814067,201927.349135
still,0.0176469326311,33508.8454482
birds,0.0182326495389,78203.2065784
sure,0.0182869818234,542749.777105
sweep,0.0186205280873,803331.009321
must,0.0199940978839,62194.9010662
cheek,0.0207599252807,727095.950333
silent,0.0221629937244,450920.109403
sands,0.0226882634864,2560317.15434
learned,0.0252397708235,3105554.51416
force,0.0257056234778,1616634.70772
ill,0.0267365852624,1665514.62044
shone,0.0273551177074,1047811.30478
comes,0.0313615532255,425738.511326
everywhere,0.0318344765632,2726701.91536
eve,0.0319422217238,1957106.52249
praise,0.0327766877253,126483.867538
much,0.0330819843606,272062.628629
might,0.033147707849,147161.073292
melody,0.033858870842,1595349.10063
deeper,0.0346032670212,4476233.79699
faded,0.0347708562522,4570116.78674
sight,0.0357602189244,711629.636369
lift,0.0364636984775,174535.978401
silver,0.0373536277271,976286.4578
dread,0.0379708402171,1085227.96986
waits,0.0382944153945,2763795.18186
dare,0.0384872119713,910296.459666
spring,0.0386987471789,277158.984912
people,0.038838159651,834759.259398
none,0.0394351545016,560911.330074
speed,0.0395404478098,6083644.43387
'st,0.0404339165065,1048718.36614
turn,0.0419320358688,832422.454073
with,0.0424230516311,7114.03848935
free,0.0435049472718,12439.7164662
narrow,0.0447725835344,2808835.692
touch,0.045962106981,1127246.43425
die,0.0460606506429,391969.4422
all,0.0470201782578,13829.8571841
thine,0.0472470416526,241138.241732
mad,0.0499359810692,3695994.82699
sky,0.0507304409287,287749.083365
move,0.0509127211506,834401.688266
hath,0.0517559105793,187568.29798
wave,0.0522666917261,1503424.99219
blossoms,0.0533577726256,1805008.37224
almost,0.0576377723838,4310457.99327
human,0.0579745352605,474871.646247
paradise,0.0594658760062,302231.919465
ready,0.0598460915088,428497.433923
vain,0.0603735314132,553536.086089
buried,0.0606752174322,3214375.34333
well,0.0624413767642,175322.739455
east,0.0636771874014,3442822.28983
measure,0.0638030920806,1811181.06025
no,0.0640141123976,60640.8103865
murmur,0.0656722769793,8069374.16572
rapture,0.0661907440085,5340506.3923
iron,0.0665145223861,2595451.62459
had,0.0688169193136,44180.7002517
trace,0.0697305701925,5486080.36557
ease,0.0700919188056,8779868.7376
cries,0.0702836147579,2647365.11506
quiet,0.0705187084879,2283581.09004
did,0.0716556625654,69007.1776106
doth,0.0731471084145,446977.547942
close,0.0732389494532,1351080.42903
ancient,0.0757775575903,2280790.80479
waves,0.0770172595178,976039.332094
spoke,0.0778920127678,1787781.24825
was,0.0779470236516,20663.8748492
left,0.0809502105116,1614691.83926
walls,0.0812761199716,1912572.98655
who,0.0814526070546,45415.5328192
any,0.0825059942014,1094588.40719
fain,0.0857840487214,6613277.6882
picture,0.0858485185487,8262757.65443
hall,0.0859439847465,1505175.33587
thou,0.0860340377747,25786.7962949
save,0.086775853704,1961023.09056
fast,0.0878883348829,2798624.46566
glad,0.0879915591974,1513379.30192
mortal,0.0886275570227,2850893.20542
do,0.09256225415,66618.4971332
crown,0.0947518520217,817694.833373
empty,0.0949451795712,4753997.32827
burst,0.096500905331,11030587.928
among,0.0971455127112,1509023.0814
crimson,0.0977522268612,3014341.09711
pity,0.0979890395753,6838550.12734
pressed,0.0984869404922,6001464.42354
feet,0.0989000338954,459882.796536
surely,0.0991983349436,241008.993113
told,0.10096472365,2939608.76602
knowledge,0.101062925838,9019661.93585
hell,0.105844217856,1851729.50611
fine,0.106377925263,2232559.56482
springs,0.106519340376,14221144.8732
wore,0.106832982662,9888691.1778
see,0.107528059558,108027.175323
were,0.108822873202,50038.8701104
fiery,0.109171999513,6264821.91971
summer,0.109542401781,273282.341133
songs,0.109902802706,2190118.24984
fingers,0.110056083878,11505066.5163
reach,0.112245964002,6230888.89687
play,0.112934444654,617068.023961
pleasant,0.113105104001,5068153.20776
burns,0.113661108849,16050708.2764
—,0.113749207338,3514.74936686
smiling,0.116183738321,9337253.31304
lovely,0.11806914696,2411773.18425
kept,0.118947338723,7001202.36404
winds,0.120341677064,1342289.66322
despair,0.12296137978,5121341.278
shine,0.122977058767,606065.456363
roses,0.123403590853,2156644.60211
unknown,0.123496375282,5342862.99364
height,0.123971575356,5595227.80376
stars,0.124369355563,1300370.71067
shows,0.12495207324,15353935.9981
track,0.125619289334,20966823.5211
so,0.125701357423,76159.3946406
afar,0.126794392301,6320446.56966
other,0.127184765267,1314906.82484
fancy,0.12902747254,4066940.49129
south,0.129836976663,6192234.07654
arm,0.129847648206,6906029.98103
water,0.130593332406,1775752.24391
perchance,0.131106831521,10530431.7603
sun,0.131134483505,533812.106154
lifted,0.132653495946,14143968.7944
heat,0.132883903997,11285811.6358
wisdom,0.134317011501,4002980.28193
moved,0.134373555866,14259069.53
s,0.13476862754,117030.573188
but,0.134875354965,55754.5360589
perfect,0.135245985856,3179076.56973
through,0.135296445889,148870.777503
sword,0.135664467723,2304830.16143
words,0.136446146776,1125602.31424
catch,0.136987094777,119883.433732
eager,0.137178601149,9030035.11731
breathe,0.137402434712,9978979.06256
dew,0.137551298359,3901550.67712
bound,0.137771909447,4382842.87091
think,0.138860331434,232860.999372
fresh,0.139503395591,4955120.03443
deep,0.140218552906,810581.046022
him,0.140522892478,80110.4244801
patient,0.141819108657,12722784.535
simple,0.141916933124,680087.769196
twilight,0.141934365217,4815505.46227
hold,0.142877096555,3158546.52557
followed,0.144064724715,14462781.5743
pour,0.144344359856,155151.938125
answered,0.144721963568,7556324.1102
kiss,0.145259988053,957613.549172
heed,0.145339989445,25005097.6366
look,0.145789248665,210117.077512
begin,0.147232286185,33358829.6652
flew,0.147243803687,4361465.45774
holds,0.147651366633,12912335.8635
down,0.147972620217,359489.928353
end,0.152000175674,2027931.64623
body,0.152797757451,5832957.06733
remember,0.152880702601,11979191.043
second,0.152895622814,4548845.3574
itself,0.154142970965,10526256.9306
wrapped,0.155222360762,9215489.33292
wonder,0.158442201684,9546438.29579
bay,0.158942834001,13510886.8215
beat,0.159170868846,6963320.36684
hard,0.160860873829,4699236.40511
sweetness,0.161049957587,7061308.16334
lives,0.161725033333,4360798.26155
heads,0.162318768612,18049357.3235
deed,0.162362681141,11654376.4099
sail,0.162414004591,5437724.24167
something,0.162587382929,7225271.71027
died,0.163083173798,3570698.3282
roar,0.163414183705,10711693.176
fierce,0.163716177772,5442700.18257
sand,0.164250312094,6772789.46991
friend,0.164315825405,104354.035017
men,0.164560119047,350645.880808
please,0.164595796595,4069196.81749
put,0.16465943239,829101.366977
seems,0.165251459056,3987098.68127
caught,0.165565697319,1163932.12064
forget,0.166316807258,7690879.28479
ii,0.166351868864,1682001.41295
gate,0.166787188274,4948697.18946
moon,0.16686416745,1437794.53587
souls,0.167292295418,2306380.55724
arise,0.168116466353,747130.179643
branches,0.169161618297,6153043.09706
snow,0.169172129834,1387001.27327
off,0.16946140488,1392268.52329
flies,0.169797900356,22250926.0782
doubt,0.170031389387,6203406.51507
go,0.171454578515,254258.635546
marble,0.172094702304,14460835.0695
calm,0.174279448738,3877872.42376
dost,0.174356229395,4333869.12066
fell,0.175348271746,3328647.51774
dies,0.176045855492,19658126.5305
/,0.176291285092,176440.801745
blossom,0.17742237734,5079964.45561
woods,0.177472499842,4826492.90607
sweeter,0.177984626864,22924759.1244
show,0.178005181229,3905532.58367
present,0.178631121343,900590.813342
delight,0.178688941186,821605.761033
"""",0.178837877321,2353.34291728
sits,0.179237768377,23335628.4512
green,0.179378824172,1305184.67402
brain,0.179572489731,9938104.25894
ere,0.181787269384,2922392.29333
f,0.18234423893,152616.163952
hair,0.182388135655,1103354.91172
alone,0.183091027193,435836.002398
old,0.183328073251,33828.4499532
wear,0.183754634015,1082675.21672
ago,0.184652726795,5514014.24725
breast,0.184768069198,984890.564637
too,0.18520707571,433814.573605
sick,0.185466066907,23764178.5555
heard,0.188734174234,1666059.17434
together,0.190097878159,6223944.39487
neither,0.190634136824,19010579.196
lady,0.191235209862,718399.29699
wake,0.191408367441,5917977.97353
lover,0.193609796408,1479794.87739
stately,0.193851033558,15079717.7272
stay,0.194539908322,5959636.54819
women,0.195284327369,492180.994398
making,0.195560577538,20864249.0586
most,0.195785707125,1275725.43428
why,0.197454451327,526627.12135
quite,0.19840244936,602560.223948
lost,0.198739688369,2345119.5405
wrath,0.200671767893,22215745.8354
best,0.20087823726,793583.913035
gentle,0.200886887654,932256.570515
single,0.20108391714,22452001.714
!,0.202267436481,6669.99330422
cold,0.203218644847,2181809.43527
steel,0.203269028762,20079175.473
lightning,0.204505919894,30185515.103
weak,0.205170252596,16869109.0739
night,0.205595760565,274262.011673
frost,0.206548079543,24752591.591
help,0.207849821327,327816.860566
warm,0.207859158703,3563832.05431
wrong,0.209326927502,6940951.48101
gleams,0.209587339102,32552312.3811
hide,0.210169612047,11456205.438
king,0.210464362096,325689.361947
these,0.210513767041,477897.438456
keeps,0.210611038849,6345282.35872
turns,0.211520794492,32515133.301
rose,0.212317323058,48977.089919
new,0.212648663063,390768.892575
fit,0.214456463636,22762045.5699
divine,0.214703666961,754624.367102
boy,0.215107063116,1018317.16847
bed,0.215757535655,182409.152163
whom,0.216619961071,2579177.35311
sung,0.21672342311,189756.592207
tender,0.219070029946,1021012.96074
shade,0.219575096461,1056370.56908
town,0.220501923312,1956572.34415
spent,0.222392221338,35562627.0084
false,0.223480514833,19684076.7034
woman,0.226770419582,1341881.04309
once,0.227117286262,1466688.30539
lovers,0.227482293817,17961928.7949
lies,0.228178203486,2676839.07334
stern,0.228259780342,23403786.2176
blow,0.228430503362,4630113.00461
my,0.228803785849,19009.9540025
glittering,0.229031885991,26458105.3897
singing,0.229930180622,1530978.10536
purple,0.230098467038,9377373.51286
wall,0.230412088704,6507260.22742
morrow,0.230492337025,2144626.12032
arms,0.231461479416,6097655.40833
book,0.232064121132,193420.635716
v,0.232359057435,10215766.2926
darkness,0.233023929053,4016318.53992
hands,0.233600688807,460109.788653
dark,0.233710480086,1700954.70912
doom,0.234429984567,17324433.4661
#sentencelength,0.236147163038,0.006202786561
say,0.2397860371,700539.822911
waste,0.24016596798,19162594.2674
after,0.240373260095,2921871.7028
wound,0.240907060025,50351335.5954
sea,0.241687092404,258118.304733
scorn,0.241718616829,610701.297172
standing,0.243942295311,33325140.8199
lying,0.244020337684,9897133.74215
man,0.244080285692,254625.111042
hate,0.244242840352,622330.162221
days,0.244294693432,278175.220419
touched,0.24508203184,25391388.1361
watched,0.246048003302,21416096.7993
talk,0.246875605527,9554422.99949
sunset,0.247711452426,10037924.6372
yet,0.248290224605,348362.483433
serene,0.249775463901,29645783.5333
lightly,0.253811656403,16696236.4518
saw,0.25438377484,1391836.66067
#typetoken,0.255123416078,214.581900547
because,0.255532075216,3779424.84793
dream,0.255827181733,1922060.02807
round,0.256189622249,1854642.50315
back,0.257277577753,150861.207381
over,0.258021287513,1055651.52817
desire,0.258785127706,8142368.71777
eyed,0.259746587718,25758783.51
thing,0.261931888191,3497715.04802
looks,0.261945246688,16965617.5889
soul,0.263622406324,342124.23091
small,0.263919158253,494739.660793
vast,0.264432147204,1269917.70389
fate,0.265442492781,3064.65765592
fly,0.266577092591,4883929.2762
wet,0.267731091,23047000.8751
nothing,0.268349016137,1218499.89885
looking,0.268631080069,2923374.20993
far,0.268647346574,1161280.9797
grows,0.268863596251,1376930.30853
young,0.269162819613,1155816.51024
west,0.269268689659,7203989.03718
head,0.26952489835,3176377.95334
listening,0.269811647298,42348155.1133
reached,0.270508796258,17792233.1504
life,0.270662101661,3140.14605173
sang,0.27144252852,1244683.46313
two,0.271910531944,562717.661234
\,0.272736585217,175689.669385
how,0.272762984631,574754.641549
death,0.272789999355,656828.974475
you,0.274094625575,5065.8842373
change,0.275164128762,10852543.5828
kissed,0.27595996422,1329981.70281
wings,0.276986008452,1361267.06987
calls,0.277738301826,15647126.8597
rain,0.277859331612,3267915.27185
flower,0.28117960629,2231374.4333
falls,0.283607593578,14389865.8563
music,0.283731934983,2433881.31249
spray,0.284470157996,29831804.0026
tree,0.287883797222,2617914.94306
it,0.289076842362,51399.1187983
hear,0.289983631502,1414970.56359
fruit,0.290628120119,22676826.5777
without,0.291184638611,4326315.84987
crowned,0.291716929249,21599876.5765
poems,0.29185501447,9947003.98344
mute,0.292508680889,39121646.0105
age,0.294469096093,7699522.10994
love,0.295163748604,51768.2826317
stones,0.296189211423,30752449.68
shut,0.296871810899,2229307.85272
things,0.298839944427,2303650.63474
about,0.299032009327,1845620.92173
worn,0.299525079988,23683809.7859
lived,0.301499348024,1568363.19171
presence,0.301819918064,14372840.8875
wine,0.302623558564,1391562.38574
dust,0.305953473035,8068059.13914
grew,0.30614930225,6183412.90447
sighs,0.306482650359,18049152.4809
sore,0.308273436799,40263068.9287
loves,0.309460660772,17667943.0535
low,0.309527671175,2390169.65206
else,0.311019855693,1557104.30659
keen,0.311185166555,269830.621338
held,0.311908234329,10701486.5021
feel,0.312168955951,4680179.29406
beyond,0.312681030228,4015087.63794
hidden,0.313373467775,18611718.844
trees,0.31830329309,3333730.56881
your,0.318857051228,33094.1910242
hung,0.323217419205,27448023.7104
hot,0.323227100655,17101607.1542
spell,0.323940123165,25150380.4286
raised,0.32589583261,21069284.8323
late,0.327070131184,14211985.1687
since,0.328379965777,1951107.61121
felt,0.332288812062,1587468.66818
art,0.334721118293,1284482.77659
),0.334900529353,54234.456718
dreaming,0.3361438908,21591658.3579
laughing,0.336978092647,51464090.8405
across,0.340581767737,2639688.01642
(,0.340745636279,114797.578716
answer,0.341556446915,13874183.5494
chill,0.341649875116,15227261.8243
steps,0.342366993721,32261273.5746
door,0.342833265453,4785192.22749
lonely,0.346115224265,7968677.13889
came,0.346720392035,1042157.17077
less,0.347279536931,740171.196249
some,0.349501302819,320679.650415
such,0.34955294489,1140199.13139
grow,0.351468319591,9818414.84422
idle,0.353195688689,35631735.3712
dead,0.355580756725,558503.826671
cry,0.35621218682,4574933.86047
or,0.358552670859,145013.831602
thunder,0.358803345707,25174481.5359
wrought,0.362147294029,14588817.4414
nor,0.362467890019,784436.11928
know,0.362784158252,187823.656752
question,0.364494874548,88872321.4039
either,0.36505959257,46003771.7591
broke,0.365541096769,28837232.4853
that,0.367909601641,41464.5716849
secret,0.368360134835,15286231.0698
myself,0.369202683858,8127350.59025
floor,0.369870719973,49460682.8467
self,0.36996059426,3369350.84305
dawn,0.370443767958,8924220.81747
between,0.370471634276,883895.885391
mystery,0.372024599459,21549598.0273
being,0.372397355778,3793530.74671
lean,0.37278034463,33092353.9685
hushed,0.373577745038,40576155.8089
i.,0.378521111474,2311242.40602
thrill,0.379127482877,39649629.7308
rough,0.379650252962,53834809.3942
calling,0.379809915409,63101284.9126
at,0.380017804059,156698.107169
sense,0.380869514343,13890408.2482
drew,0.384384891314,16963231.5929
seas,0.384407733882,15727039.9033
whole,0.384514910516,724766.531036
awake,0.385205242773,20832232.7953
last,0.386368413693,495637.383282
slowly,0.386720378841,14803983.0591
shame,0.386870840089,1914255.68767
changed,0.389318846051,44474444.206
dreamed,0.391358187625,30457089.2156
passion,0.39184544639,12050830.6265
out,0.393778249872,735078.648628
soft,0.399376460552,3733851.53636
under,0.402215778566,2055943.65243
mine,0.402414697288,1662078.02215
house,0.402694987168,6735411.98922
pain,0.402750441386,1448938.68351
dreams,0.403143548441,6617247.77277
world,0.405027082137,548125.208471
i,0.40567944863,3798.9201297
wise,0.405811559831,7519163.84786
poet,0.405980289608,2614879.0048
makes,0.406656408327,8752350.52997
am,0.406754908856,175372.991269
youth,0.409033920286,4166104.76658
heavy,0.411778043394,17052142.7713
into,0.413341214439,1274350.16398
t,0.414770384212,2008315.65836
window,0.416078803346,17822020.3036
breeze,0.416088528675,12429874.1794
past,0.416203513153,1790617.06724
lily,0.420494663487,21476958.9079
laugh,0.421303304734,14897653.6994
:,0.421437771774,24721.2307985
crowd,0.422648080457,33355525.6448
lest,0.422715203607,22837794.9522
seem,0.423174414839,10682918.4667
brief,0.424124090786,51176549.5511
tall,0.424261870935,17824198.6419
kings,0.425376820841,12510895.6415
cool,0.430126579737,19978796.906
long,0.430308963352,1395098.28884
faces,0.430640767762,24659258.0764
she,0.430983536446,82737.6022391
strange,0.432108608493,6526614.03169
limbs,0.433168164508,6769773.04084
flying,0.433402930804,60018739.8217
large,0.434534527244,15210378.825
room,0.43471624682,16052096.4747
garden,0.435450153621,3849411.21426
blows,0.435960937139,35618062.8339
hears,0.436610622058,68264874.3321
ears,0.438892254861,36428347.3893
struck,0.439060910895,67401352.8715
as,0.442387446821,121613.14577
set,0.446153188859,7273410.81588
brown,0.44957572023,7952439.02723
lips,0.451171613778,2890594.75953
one,0.453280434531,488105.181592
awful,0.453974525606,18812546.5191
bird,0.456708264502,3837639.39732
faint,0.459166814524,15813947.8013
bent,0.459617718841,19898229.1207
than,0.459952418808,677994.270656
sign,0.459973455118,27080406.6644
least,0.461921772929,23321016.0711
glance,0.462637150037,34350035.8165
leaves,0.464899179763,1705360.69897
whether,0.465657790535,22707243.8839
lights,0.469368894697,37714747.8325
red,0.470639597575,2514385.9814
air,0.473733017947,2342010.32098
bare,0.474820833455,10210516.1457
flash,0.475122678029,63904340.5299
does,0.475536696198,11746577.3832
cried,0.478374825276,10210384.0169
sake,0.478960831661,21799568.1095
smiled,0.480056040012,44575795.5443
ran,0.481771984556,12565921.7715
silence,0.481818700024,9421921.15249
hush,0.486656086386,14542192.5496
stood,0.488667494222,4194571.74623
knows,0.489876809916,10465091.2529
sometimes,0.493377339959,13605520.8033
swift,0.494999154926,8591523.82409
glass,0.495331302482,52264275.1672
swept,0.495718680732,46450371.685
hid,0.501917349607,43233650.084
sudden,0.503292760076,12138338.6453
clear,0.50692801336,3199877.1617
even,0.507870127919,3164595.15147
fire,0.514255884099,5562703.93464
enough,0.519300688235,30043445.3401
white,0.52016279813,1379592.11665
moment,0.52171348312,9929930.59866
mist,0.524056613136,20550963.8256
noon,0.525543187825,29296172.3717
and,0.526907714578,4297.35593996
goes,0.527216046784,17973414.8834
if,0.531404415772,522069.078863
her,0.53316734169,56724.8856449
thick,0.533580734275,27409670.9433
not,0.535465718075,172482.320115
boughs,0.535792467336,21841308.1473
looked,0.53975117764,12283455.9131
nay,0.539917578651,9640411.73172
cloud,0.540448545235,13348625.3975
leaf,0.543263927117,26491151.6379
finds,0.545292720916,102270174.523
pale,0.545640767827,8206752.66007
smoke,0.546656353285,60941339.3439
a,0.549119527454,22933.9455466
evil,0.553406869389,24380537.1174
chance,0.556813872672,59853261.3148
turned,0.557798071959,15293618.6324
mouth,0.557911409582,28997820.3567
like,0.564781102984,419263.928146
whose,0.569423287421,1483245.89907
blown,0.574127759322,20686249.8449
apart,0.579276814871,39787609.4936
grey,0.580082385338,5737399.34615
bitter,0.5874747473,17285270.8297
me,0.59126986233,91612.2403576
yellow,0.594012458991,19889073.0911
speech,0.594274332978,28724933.319
flame,0.595990952459,18191652.6959
whence,0.598782029453,38626403.3881
feels,0.601280873449,123297150.301
shadow,0.603825442761,12096987.9026
knew,0.604192540349,6506782.0848
?,0.62820244405,82580.0373513
laughter,0.632019294804,60581271.3466
thought,0.632243397681,2896207.12952
what,0.640023631049,406539.089406
space,0.640325421221,30097422.2607
turning,0.641462198862,146308706.112
drawn,0.654929758896,64738500.287
dumb,0.660837810534,52323641.0033
face,0.668048209081,2598277.87258
sharp,0.679871154635,67682182.176
pine,0.679955750438,58491974.9417
against,0.684944862537,17316233.2595
dim,0.688166472747,9891771.33357
ghost,0.690658261342,79767242.3623
sees,0.698001021422,64725770.7717
sound,0.704135792503,12174487.8325
wandering,0.706510120765,37806148.5236
slow,0.707611077956,14578702.9551
stir,0.722905494396,75577666.2142
wind,0.737807055271,1939597.33558
grass,0.74428368237,9649311.75574
hollow,0.74599183761,25494919.6779
breath,0.772612165164,10920199.816
seemed,0.785530939837,10225759.7051
shape,0.792598632603,99595771.4557
moan,0.792637892574,81993254.5158
black,0.79828717739,13611372.2056
half,0.808242171322,4346970.85348
dull,0.816335891956,47838114.2765
ah,0.828941640567,2511743.68217
foam,0.850653676416,73616759.0279
grown,0.858335978026,41581686.9508
blind,0.873963289406,43050544.0893
eyes,0.883780894732,1401210.46629
